episode_id,speaker_id,role,gender,word_count,turn_count,hy_hedge_count,hy_hedge_per_1k,hy_booster_count,hy_booster_per_1k,ck_gratitude_count,ck_gratitude_per_1k,ck_gratitude_turn_rate,ck_apologizing_count,ck_apologizing_per_1k,ck_apologizing_turn_rate,ck_deference_count,ck_deference_per_1k,ck_deference_turn_rate,ck_please_count,ck_please_per_1k,ck_please_turn_rate,ck_please_start_count,ck_please_start_per_1k,ck_please_start_turn_rate,ck_indirect_greeting_count,ck_indirect_greeting_per_1k,ck_indirect_greeting_turn_rate,ck_indirect_btw_count,ck_indirect_btw_per_1k,ck_indirect_btw_turn_rate,ck_hashedge_count,ck_hashedge_per_1k,ck_hashedge_turn_rate,ck_hedges_count,ck_hedges_per_1k,ck_hedges_turn_rate,ck_factuality_count,ck_factuality_per_1k,ck_factuality_turn_rate,ck_subjunctive_count,ck_subjunctive_per_1k,ck_subjunctive_turn_rate,ck_indicative_count,ck_indicative_per_1k,ck_indicative_turn_rate,ck_direct_question_count,ck_direct_question_per_1k,ck_direct_question_turn_rate,ck_direct_start_count,ck_direct_start_per_1k,ck_direct_start_turn_rate,ck_1st_person_count,ck_1st_person_per_1k,ck_1st_person_turn_rate,ck_1st_person_pl_count,ck_1st_person_pl_per_1k,ck_1st_person_pl_turn_rate,ck_1st_person_start_count,ck_1st_person_start_per_1k,ck_1st_person_start_turn_rate,ck_2nd_person_count,ck_2nd_person_per_1k,ck_2nd_person_turn_rate,ck_2nd_person_start_count,ck_2nd_person_start_per_1k,ck_2nd_person_start_turn_rate,ck_positive_count,ck_positive_per_1k,ck_positive_turn_rate,ck_negative_count,ck_negative_per_1k,ck_negative_turn_rate
ep_001_whisperx_diarized.gender.host_guest,SPEAKER_01,HOST,male,1649,26,9,5.457853244390539,7,4.244996967859309,5,3.0321406913280775,0.07692307692307693,0,0.0,0.0,0,0.0,0.0,2,1.2128562765312312,0.038461538461538464,0,0.0,0.0,0,0.0,0.0,0,0.0,0.0,20,12.12856276531231,0.4230769230769231,6,3.638568829593693,0.15384615384615385,1,0.6064281382656156,0.038461538461538464,1,0.6064281382656156,0.038461538461538464,1,0.6064281382656156,0.038461538461538464,4,2.4257125530624624,0.15384615384615385,28,16.979987871437235,0.6923076923076923,31,18.799272286234082,0.4230769230769231,28,16.979987871437235,0.5,21,12.734990903577925,0.5,74,44.875682231655546,0.8076923076923077,5,3.0321406913280775,0.19230769230769232,54,32.74711946634324,0.7307692307692307,16,9.70285021224985,0.34615384615384615
ep_001_whisperx_diarized.gender.host_guest,SPEAKER_00,GUEST,male,4121,25,46,11.162339238049016,44,10.677020140742538,0,0.0,0.0,0,0.0,0.0,0,0.0,0.0,0,0.0,0.0,0,0.0,0.0,0,0.0,0.0,0,0.0,0.0,63,15.287551565154088,0.8,26,6.309148264984227,0.6,27,6.551807813637467,0.48,0,0.0,0.0,0,0.0,0.0,1,0.24265954865323952,0.04,84,20.38340208687212,0.8,134,32.51637951953409,0.76,56,13.588934724581412,0.56,40,9.70638194612958,0.6,186,45.134676049502545,0.84,29,7.037126910943946,0.44,102,24.75127396263043,0.68,32,7.765105556903665,0.48
ep_002_whisperx_diarized.gender.host_guest,SPEAKER_00,GUEST,female,14116,93,202,14.310002833663928,128,9.067724567866252,6,0.42504958911873053,0.03225806451612903,1,0.0708415981864551,0.010752688172043012,4,0.2833663927458204,0.043010752688172046,0,0.0,0.0,0,0.0,0.0,5,0.3542079909322754,0.043010752688172046,0,0.0,0.0,303,21.46500425049589,0.7096774193548387,168,11.901388495324454,0.6021505376344086,22,1.5585151601020117,0.17204301075268819,0,0.0,0.0,0,0.0,0.0,2,0.1416831963729102,0.021505376344086023,369,26.14054973080193,0.8064516129032258,478,33.862283933125525,0.7311827956989247,351,24.865400963445737,0.5268817204301075,157,11.122130915273448,0.6236559139784946,386,27.344856899971663,0.6451612903225806,32,2.266931141966563,0.22580645161290322,592,41.938226126381416,0.8602150537634409,247,17.497874752054404,0.6451612903225806
ep_002_whisperx_diarized.gender.host_guest,SPEAKER_01,HOST,male,2287,92,14,6.121556624398776,5,2.1862702229995628,3,1.3117621337997378,0.010869565217391304,0,0.0,0.0,2,0.8745080891998251,0.021739130434782608,0,0.0,0.0,0,0.0,0.0,1,0.4372540445999126,0.010869565217391304,0,0.0,0.0,44,19.239177962396152,0.33695652173913043,24,10.494097070397903,0.20652173913043478,0,0.0,0.0,0,0.0,0.0,1,0.4372540445999126,0.010869565217391304,13,5.684302579798863,0.14130434782608695,47,20.550940096195887,0.358695652173913,15,6.558810668998688,0.08695652173913043,12,5.247048535198951,0.07608695652173914,14,6.121556624398776,0.10869565217391304,234,102.31744643637954,0.9239130434782609,19,8.307826847398339,0.16304347826086957,114,49.84696108439003,0.532608695652174,62,27.10975076519458,0.42391304347826086
ep_003_whisperx_diarized.gender.host_guest,SPEAKER_00,HOST,male,1780,29,7,3.9325842696629216,13,7.3033707865168545,8,4.49438202247191,0.1724137931034483,0,0.0,0.0,1,0.5617977528089888,0.034482758620689655,0,0.0,0.0,0,0.0,0.0,0,0.0,0.0,0,0.0,0.0,35,19.662921348314605,0.5862068965517241,19,10.674157303370787,0.4482758620689655,2,1.1235955056179776,0.06896551724137931,3,1.6853932584269664,0.10344827586206896,0,0.0,0.0,6,3.370786516853933,0.20689655172413793,30,16.853932584269664,0.5172413793103449,20,11.235955056179774,0.10344827586206896,24,13.483146067415731,0.3793103448275862,15,8.426966292134832,0.1724137931034483,110,61.79775280898876,0.9655172413793104,7,3.9325842696629216,0.2413793103448276,90,50.561797752808985,0.6551724137931034,22,12.359550561797754,0.3793103448275862
ep_003_whisperx_diarized.gender.host_guest,SPEAKER_01,GUEST,male,3890,28,29,7.455012853470437,27,6.940874035989717,0,0.0,0.0,0,0.0,0.0,0,0.0,0.0,0,0.0,0.0,0,0.0,0.0,0,0.0,0.0,0,0.0,0.0,56,14.395886889460154,0.6785714285714286,21,5.398457583547558,0.5,9,2.3136246786632393,0.25,0,0.0,0.0,0,0.0,0.0,0,0.0,0.0,96,24.678663239074552,0.8571428571428571,116,29.82005141388175,0.7142857142857143,62,15.938303341902312,0.4642857142857143,27,6.940874035989717,0.5,168,43.18766066838047,0.8928571428571429,39,10.025706940874036,0.6428571428571429,209,53.72750642673522,0.9285714285714286,52,13.367609254498715,0.6428571428571429
ep_004_whisperx_diarized.gender.host_guest,SPEAKER_00,HOST,male,2254,54,24,10.64773735581189,11,4.880212954747116,1,0.4436557231588288,0.018518518518518517,0,0.0,0.0,2,0.8873114463176576,0.037037037037037035,0,0.0,0.0,0,0.0,0.0,0,0.0,0.0,1,0.4436557231588288,0.018518518518518517,34,15.084294587400176,0.37037037037037035,14,6.211180124223602,0.18518518518518517,5,2.218278615794144,0.09259259259259259,2,0.8873114463176576,0.037037037037037035,1,0.4436557231588288,0.018518518518518517,5,2.218278615794144,0.09259259259259259,55,24.401064773735584,0.5925925925925926,42,18.633540372670808,0.2777777777777778,22,9.760425909494232,0.2222222222222222,19,8.429458740017745,0.2777777777777778,86,38.15439219165928,0.6296296296296297,6,2.6619343389529724,0.09259259259259259,119,52.79503105590062,0.5740740740740741,43,19.07719609582964,0.3888888888888889
ep_004_whisperx_diarized.gender.host_guest,SPEAKER_01,GUEST,male,8055,53,93,11.54562383612663,77,9.559279950341404,2,0.24829298572315334,0.03773584905660377,1,0.12414649286157667,0.018867924528301886,2,0.24829298572315334,0.03773584905660377,0,0.0,0.0,0,0.0,0.0,0,0.0,0.0,2,0.24829298572315334,0.03773584905660377,141,17.504655493482307,0.6981132075471698,79,9.807572936064556,0.5849056603773585,18,2.2346368715083798,0.20754716981132076,0,0.0,0.0,1,0.12414649286157667,0.018867924528301886,1,0.12414649286157667,0.018867924528301886,227,28.181253879577902,0.7735849056603774,147,18.24953445065177,0.7169811320754716,149,18.497827436374923,0.5849056603773585,64,7.945375543140907,0.6037735849056604,163,20.235878336436993,0.6792452830188679,24,2.97951582867784,0.22641509433962265,513,63.68715083798883,0.8113207547169812,128,15.890751086281814,0.660377358490566
ep_005_whisperx_diarized.gender.host_guest,SPEAKER_01,HOST,male,1739,41,19,10.925819436457735,5,2.8752156411730883,0,0.0,0.0,0,0.0,0.0,0,0.0,0.0,0,0.0,0.0,0,0.0,0.0,0,0.0,0.0,0,0.0,0.0,37,21.27659574468085,0.5853658536585366,22,12.650948821161586,0.4146341463414634,1,0.5750431282346176,0.024390243902439025,2,1.1500862564692351,0.04878048780487805,1,0.5750431282346176,0.024390243902439025,6,3.4502587694077054,0.14634146341463414,25,14.37607820586544,0.4146341463414634,63,36.22771707878091,0.5853658536585366,16,9.200690051753881,0.24390243902439024,10,5.7504312823461765,0.17073170731707318,64,36.802760207015524,0.6829268292682927,3,1.7251293847038527,0.04878048780487805,49,28.17711328349626,0.5609756097560976,10,5.7504312823461765,0.21951219512195122
ep_005_whisperx_diarized.gender.host_guest,SPEAKER_00,GUEST,male,5032,41,85,16.89189189189189,62,12.32114467408585,0,0.0,0.0,1,0.1987281399046105,0.024390243902439025,0,0.0,0.0,0,0.0,0.0,0,0.0,0.0,0,0.0,0.0,0,0.0,0.0,135,26.82829888712242,0.926829268292683,83,16.494435612082672,0.7317073170731707,4,0.794912559618442,0.07317073170731707,0,0.0,0.0,0,0.0,0.0,0,0.0,0.0,99,19.674085850556438,0.7317073170731707,115,22.853736089030207,0.8292682926829268,80,15.898251192368837,0.5853658536585366,54,10.731319554848966,0.6097560975609756,129,25.635930047694753,0.6341463414634146,8,1.589825119236884,0.17073170731707318,288,57.233704292527825,0.8780487804878049,63,12.519872813990462,0.5853658536585366
ep_006_whisperx_diarized.gender.host_guest,SPEAKER_00,GUEST,male,11367,97,183,16.09923462655054,97,8.533474091668866,2,0.17594791941585292,0.020618556701030927,2,0.17594791941585292,0.020618556701030927,0,0.0,0.0,0,0.0,0.0,0,0.0,0.0,1,0.08797395970792646,0.010309278350515464,0,0.0,0.0,258,22.697281604645024,0.6701030927835051,166,14.603677311515792,0.5979381443298969,30,2.6392187912377936,0.21649484536082475,0,0.0,0.0,1,0.08797395970792646,0.010309278350515464,1,0.08797395970792646,0.010309278350515464,318,27.975719187120614,0.6597938144329897,327,28.767484824491948,0.6701030927835051,240,21.11375032990235,0.4536082474226804,124,10.90877100378288,0.5773195876288659,308,27.09597959004135,0.5876288659793815,42,3.694906307732911,0.28865979381443296,485,42.66737045834433,0.7319587628865979,101,8.885369930500572,0.4329896907216495
ep_006_whisperx_diarized.gender.host_guest,SPEAKER_01,HOST,male,2627,96,31,11.80053292729349,12,4.567948229920061,0,0.0,0.0,0,0.0,0.0,5,1.903311762466692,0.052083333333333336,0,0.0,0.0,0,0.0,0.0,0,0.0,0.0,0,0.0,0.0,53,20.175104682146934,0.3958333333333333,28,10.658545869813475,0.2604166666666667,2,0.7613247049866768,0.020833333333333332,3,1.1419870574800153,0.020833333333333332,0,0.0,0.0,13,4.9486105824134,0.13541666666666666,49,18.65245527217358,0.375,84,31.975637609440422,0.40625,13,4.9486105824134,0.10416666666666667,34,12.942519984773506,0.3020833333333333,82,31.21431290445375,0.4791666666666667,9,3.425961172440046,0.08333333333333333,94,35.78226113437381,0.5520833333333334,24,9.135896459840122,0.1875
ep_007_whisperx_diarized.gender.host_guest,SPEAKER_01,HOST,male,1894,34,15,7.91974656810982,7,3.6958817317845827,0,0.0,0.0,0,0.0,0.0,0,0.0,0.0,0,0.0,0.0,0,0.0,0.0,0,0.0,0.0,0,0.0,0.0,44,23.231256599788807,0.5588235294117647,24,12.671594508975714,0.35294117647058826,0,0.0,0.0,3,1.5839493136219642,0.08823529411764706,5,2.6399155227032733,0.14705882352941177,3,1.5839493136219642,0.08823529411764706,27,14.255543822597676,0.5588235294117647,90,47.51847940865892,0.6764705882352942,9,4.7518479408658925,0.14705882352941177,21,11.08764519535375,0.47058823529411764,63,33.262935586061246,0.8529411764705882,3,1.5839493136219642,0.058823529411764705,55,29.03907074973601,0.5882352941176471,15,7.91974656810982,0.3235294117647059
ep_007_whisperx_diarized.gender.host_guest,SPEAKER_00,GUEST,male,8043,34,108,13.427825438269302,139,17.282108665920678,2,0.2486634340420241,0.029411764705882353,0,0.0,0.0,0,0.0,0.0,0,0.0,0.0,0,0.0,0.0,0,0.0,0.0,1,0.12433171702101205,0.029411764705882353,166,20.639065025488,0.8823529411764706,100,12.433171702101207,0.8235294117647058,18,2.237970906378217,0.3235294117647059,0,0.0,0.0,1,0.12433171702101205,0.029411764705882353,1,0.12433171702101205,0.029411764705882353,168,20.887728459530027,0.8235294117647058,257,31.953251274400102,0.8529411764705882,130,16.163123212731566,0.5882352941176471,79,9.822205644659952,0.7647058823529411,205,25.488001989307474,0.8823529411764706,21,2.6109660574412534,0.4117647058823529,328,40.78080318289196,0.8529411764705882,36,4.475941812756434,0.4117647058823529
ep_008_whisperx_diarized.gender.host_guest,SPEAKER_01,HOST,male,5842,210,80,13.693940431359124,22,3.765833618623759,2,0.34234851078397804,0.009523809523809525,0,0.0,0.0,0,0.0,0.0,0,0.0,0.0,0,0.0,0.0,0,0.0,0.0,0,0.0,0.0,160,27.387880862718248,0.3619047619047619,92,15.748031496062993,0.2857142857142857,6,1.0270455323519343,0.02857142857142857,5,0.8558712769599452,0.023809523809523808,4,0.6846970215679561,0.01904761904761905,29,4.964053406367682,0.1380952380952381,105,17.97329681615885,0.35714285714285715,211,36.11776788770968,0.3047619047619048,54,9.243409791167409,0.13333333333333333,90,15.405682985279013,0.2619047619047619,208,35.60424512153372,0.4714285714285714,19,3.252310852447792,0.06666666666666667,265,45.3611776788771,0.5619047619047619,109,18.657993837726806,0.22857142857142856
ep_008_whisperx_diarized.gender.host_guest,SPEAKER_00,GUEST,male,12610,210,178,14.115781126090404,102,8.08881839809675,1,0.07930214115781127,0.004761904761904762,1,0.07930214115781127,0.004761904761904762,5,0.3965107057890563,0.023809523809523808,0,0.0,0.0,1,0.07930214115781127,0.004761904761904762,0,0.0,0.0,0,0.0,0.0,326,25.852498017446468,0.5,187,14.829500396510705,0.3952380952380952,17,1.3481363996827913,0.08095238095238096,10,0.7930214115781126,0.04285714285714286,1,0.07930214115781127,0.004761904761904762,16,1.2688342585249803,0.0761904761904762,295,23.39413164155432,0.5095238095238095,460,36.478984932593185,0.45714285714285713,107,8.485329103885805,0.22380952380952382,228,18.08088818398097,0.4523809523809524,354,28.072957969865186,0.5428571428571428,79,6.26486915146709,0.21904761904761905,518,41.078509119746236,0.6142857142857143,170,13.481363996827914,0.29523809523809524
ep_009_whisperx_diarized.gender.host_guest,SPEAKER_01,HOST,male,2464,84,16,6.493506493506494,16,6.493506493506494,4,1.6233766233766236,0.047619047619047616,1,0.4058441558441559,0.011904761904761904,0,0.0,0.0,0,0.0,0.0,0,0.0,0.0,0,0.0,0.0,0,0.0,0.0,39,15.827922077922077,0.2976190476190476,24,9.74025974025974,0.20238095238095238,3,1.2175324675324675,0.03571428571428571,2,0.8116883116883118,0.023809523809523808,2,0.8116883116883118,0.011904761904761904,8,3.246753246753247,0.09523809523809523,48,19.48051948051948,0.34523809523809523,62,25.162337662337663,0.3333333333333333,27,10.957792207792208,0.14285714285714285,44,17.857142857142858,0.39285714285714285,137,55.60064935064935,0.6309523809523809,21,8.522727272727272,0.17857142857142858,129,52.353896103896105,0.5,19,7.711038961038961,0.16666666666666666
ep_009_whisperx_diarized.gender.host_guest,SPEAKER_00,GUEST,female,6397,83,46,7.190870720650304,52,8.128810379865563,16,2.501172424574019,0.10843373493975904,2,0.3126465530717524,0.024096385542168676,0,0.0,0.0,1,0.1563232765358762,0.012048192771084338,3,0.4689698296076286,0.03614457831325301,0,0.0,0.0,0,0.0,0.0,103,16.10129748319525,0.37349397590361444,40,6.2529310614350475,0.24096385542168675,2,0.3126465530717524,0.024096385542168676,0,0.0,0.0,2,0.3126465530717524,0.024096385542168676,3,0.4689698296076286,0.03614457831325301,169,26.418633734563077,0.4457831325301205,346,54.08785368141316,0.5180722891566265,80,12.505862122870095,0.25301204819277107,107,16.726590589338752,0.5180722891566265,215,33.60950445521338,0.5060240963855421,29,4.53337501954041,0.2289156626506024,318,49.71080193840863,0.7108433734939759,85,13.287478505549476,0.3855421686746988
ep_010_whisperx_diarized.gender.host_guest,SPEAKER_01,HOST,male,3623,139,35,9.660502346121998,17,4.692243996687828,2,0.5520287054926857,0.014388489208633094,1,0.27601435274634284,0.007194244604316547,0,0.0,0.0,0,0.0,0.0,0,0.0,0.0,0,0.0,0.0,0,0.0,0.0,65,17.940932928512286,0.2949640287769784,38,10.488545404361027,0.2014388489208633,7,1.9321004692243997,0.050359712230215826,5,1.380071763731714,0.02877697841726619,2,0.5520287054926857,0.014388489208633094,19,5.244272702180513,0.1366906474820144,79,21.805133866961082,0.3669064748201439,91,25.117306099917194,0.31654676258992803,22,6.072315760419541,0.12949640287769784,59,16.28484681203423,0.2589928057553957,154,42.50621032293679,0.5179856115107914,23,6.3483301131658845,0.08633093525179857,148,40.85012420645873,0.5899280575539568,38,10.488545404361027,0.2014388489208633
ep_010_whisperx_diarized.gender.host_guest,SPEAKER_00,GUEST,male,12840,139,101,7.8660436137071645,34,2.64797507788162,1,0.07788161993769471,0.007194244604316547,2,0.15576323987538943,0.014388489208633094,1,0.07788161993769471,0.007194244604316547,0,0.0,0.0,0,0.0,0.0,5,0.3894080996884735,0.02877697841726619,0,0.0,0.0,190,14.797507788161994,0.5611510791366906,100,7.788161993769471,0.41007194244604317,11,0.8566978193146417,0.07194244604316546,0,0.0,0.0,4,0.31152647975077885,0.02877697841726619,0,0.0,0.0,371,28.894080996884732,0.6115107913669064,436,33.95638629283489,0.5971223021582733,144,11.214953271028037,0.3669064748201439,225,17.523364485981308,0.5467625899280576,290,22.585669781931465,0.5539568345323741,59,4.595015576323988,0.26618705035971224,657,51.16822429906542,0.7194244604316546,171,13.317757009345794,0.4748201438848921
ep_011_whisperx_diarized.gender.host_guest,SPEAKER_00,HOST,female,1593,44,6,3.766478342749529,8,5.021971123666039,0,0.0,0.0,0,0.0,0.0,0,0.0,0.0,0,0.0,0.0,0,0.0,0.0,0,0.0,0.0,0,0.0,0.0,21,13.182674199623353,0.29545454545454547,15,9.416195856873822,0.29545454545454547,2,1.2554927809165097,0.022727272727272728,0,0.0,0.0,0,0.0,0.0,6,3.766478342749529,0.13636363636363635,41,25.73760200878845,0.45454545454545453,36,22.598870056497177,0.4090909090909091,32,20.087884494664156,0.36363636363636365,11,6.905210295040804,0.18181818181818182,84,52.73069679849341,0.6363636363636364,11,6.905210295040804,0.20454545454545456,50,31.387319522912744,0.45454545454545453,8,5.021971123666039,0.18181818181818182
ep_011_whisperx_diarized.gender.host_guest,SPEAKER_01,GUEST,female,7668,44,28,3.6515388628064684,41,5.346896191966615,1,0.13041210224308816,0.022727272727272728,1,0.13041210224308816,0.022727272727272728,0,0.0,0.0,2,0.2608242044861763,0.045454545454545456,1,0.13041210224308816,0.022727272727272728,1,0.13041210224308816,0.022727272727272728,0,0.0,0.0,75,9.780907668231613,0.6818181818181818,45,5.868544600938967,0.5227272727272727,9,1.1737089201877935,0.18181818181818182,3,0.39123630672926446,0.06818181818181818,5,0.6520605112154408,0.09090909090909091,2,0.2608242044861763,0.045454545454545456,226,29.473135106937924,0.7272727272727273,261,34.03755868544601,0.7272727272727273,104,13.562858633281168,0.4772727272727273,55,7.1726656233698485,0.5909090909090909,224,29.212310902451748,0.7954545454545454,34,4.434011476264998,0.4318181818181818,201,26.21283255086072,0.8181818181818182,120,15.64945226917058,0.75
ep_012_whisperx_diarized.gender.host_guest,SPEAKER_00,GUEST,male,20164,86,194,9.621106923229519,96,4.760960126958937,2,0.09918666931164452,0.023255813953488372,7,0.3471533425907558,0.06976744186046512,0,0.0,0.0,0,0.0,0.0,0,0.0,0.0,0,0.0,0.0,0,0.0,0.0,288,14.28288038087681,0.686046511627907,193,9.571513588573696,0.5930232558139535,15,0.7439000198373339,0.1744186046511628,4,0.19837333862328904,0.03488372093023256,4,0.19837333862328904,0.046511627906976744,1,0.04959333465582226,0.011627906976744186,422,20.928387224756992,0.7093023255813954,1477,73.24935528664948,0.872093023255814,105,5.207300138861337,0.3488372093023256,271,13.439793691727832,0.8255813953488372,503,24.945447331878597,0.7093023255813954,62,3.07478674866098,0.4186046511627907,1173,58.172981551279506,0.8255813953488372,344,17.060107121602858,0.686046511627907
ep_012_whisperx_diarized.gender.host_guest,SPEAKER_01,HOST,male,2535,85,11,4.339250493096647,12,4.733727810650888,5,1.9723865877712032,0.023529411764705882,0,0.0,0.0,0,0.0,0.0,0,0.0,0.0,0,0.0,0.0,0,0.0,0.0,0,0.0,0.0,29,11.439842209072978,0.29411764705882354,18,7.100591715976331,0.17647058823529413,5,1.9723865877712032,0.047058823529411764,7,2.7613412228796843,0.07058823529411765,1,0.3944773175542406,0.011764705882352941,18,7.100591715976331,0.21176470588235294,56,22.090729783037474,0.4823529411764706,30,11.834319526627219,0.2,7,2.7613412228796843,0.047058823529411764,10,3.9447731755424065,0.11764705882352941,228,89.94082840236686,0.8117647058823529,17,6.70611439842209,0.18823529411764706,123,48.5207100591716,0.6941176470588235,35,13.806706114398422,0.24705882352941178
ep_013_whisperx_diarized.gender.host_guest,SPEAKER_01,GUEST,female,6318,34,37,5.856283634061413,29,4.590060145615701,0,0.0,0.0,0,0.0,0.0,0,0.0,0.0,2,0.31655587211142766,0.058823529411764705,0,0.0,0.0,0,0.0,0.0,0,0.0,0.0,75,11.870845204178538,0.7058823529411765,51,8.072174738841406,0.6470588235294118,3,0.47483380816714155,0.08823529411764706,1,0.15827793605571383,0.029411764705882353,3,0.47483380816714155,0.08823529411764706,0,0.0,0.0,254,40.20259575815131,0.9411764705882353,292,46.21715732826844,0.9411764705882353,99,15.66951566951567,0.5882352941176471,33,5.223171889838556,0.5,276,43.68471035137702,0.9411764705882353,17,2.690724912947135,0.35294117647058826,280,44.31782209559987,0.9411764705882353,65,10.2880658436214,0.6470588235294118
ep_013_whisperx_diarized.gender.host_guest,SPEAKER_00,HOST,female,1603,34,6,3.7429819089207736,5,3.1191515907673115,2,1.2476606363069245,0.029411764705882353,0,0.0,0.0,0,0.0,0.0,0,0.0,0.0,0,0.0,0.0,0,0.0,0.0,0,0.0,0.0,16,9.981285090455396,0.35294117647058826,10,6.238303181534623,0.20588235294117646,1,0.6238303181534622,0.029411764705882353,1,0.6238303181534622,0.029411764705882353,0,0.0,0.0,13,8.109794135995008,0.38235294117647056,17,10.605115408608858,0.38235294117647056,20,12.476606363069246,0.4117647058823529,13,8.109794135995008,0.17647058823529413,11,6.862133499688085,0.2647058823529412,135,84.2170929507174,0.8235294117647058,9,5.6144728633811605,0.23529411764705882,51,31.815346225826573,0.6470588235294118,21,13.100436681222707,0.4117647058823529
ep_014_whisperx_diarized.gender.host_guest,SPEAKER_01,HOST,male,4160,157,30,7.211538461538462,10,2.403846153846154,3,0.7211538461538461,0.01910828025477707,1,0.2403846153846154,0.006369426751592357,0,0.0,0.0,3,0.7211538461538461,0.01910828025477707,1,0.2403846153846154,0.006369426751592357,0,0.0,0.0,0,0.0,0.0,82,19.71153846153846,0.3057324840764331,57,13.701923076923077,0.2356687898089172,5,1.201923076923077,0.03184713375796178,3,0.7211538461538461,0.01910828025477707,0,0.0,0.0,20,4.807692307692308,0.12738853503184713,96,23.076923076923077,0.2929936305732484,118,28.365384615384617,0.31210191082802546,22,5.288461538461538,0.12101910828025478,62,14.903846153846155,0.2802547770700637,199,47.83653846153846,0.535031847133758,24,5.769230769230769,0.10828025477707007,192,46.15384615384615,0.5222929936305732,71,17.06730769230769,0.267515923566879
ep_014_whisperx_diarized.gender.host_guest,SPEAKER_00,GUEST,female,8960,156,53,5.915178571428571,31,3.4598214285714284,3,0.33482142857142855,0.019230769230769232,0,0.0,0.0,0,0.0,0.0,1,0.11160714285714285,0.00641025641025641,1,0.11160714285714285,0.00641025641025641,0,0.0,0.0,0,0.0,0.0,139,15.513392857142858,0.4423076923076923,77,8.59375,0.3141025641025641,4,0.4464285714285714,0.02564102564102564,1,0.11160714285714285,0.00641025641025641,1,0.11160714285714285,0.00641025641025641,5,0.5580357142857143,0.03205128205128205,255,28.459821428571427,0.4935897435897436,325,36.27232142857143,0.5192307692307693,101,11.272321428571429,0.1794871794871795,146,16.294642857142858,0.4166666666666667,344,38.392857142857146,0.5512820512820513,78,8.705357142857142,0.23717948717948717,462,51.5625,0.7243589743589743,110,12.276785714285714,0.3269230769230769
ep_015_whisperx_diarized.gender.host_guest,SPEAKER_00,GUEST,female,10099,67,78,7.7235369838597885,35,3.465689672244777,3,0.297059114763838,0.04477611940298507,2,0.19803940984255866,0.029850746268656716,0,0.0,0.0,3,0.297059114763838,0.04477611940298507,0,0.0,0.0,0,0.0,0.0,0,0.0,0.0,132,13.070601049608872,0.5671641791044776,81,8.020596098623626,0.5074626865671642,15,1.48529557381919,0.1791044776119403,1,0.09901970492127933,0.014925373134328358,6,0.594118229527676,0.08955223880597014,0,0.0,0.0,257,25.448064164768788,0.6567164179104478,416,41.1921972472522,0.7164179104477612,100,9.901970492127933,0.3582089552238806,179,17.724527180909,0.6567164179104478,302,29.903950886226358,0.6567164179104478,27,2.6735320328745424,0.2835820895522388,319,31.587285869888106,0.8208955223880597,129,12.773541934845035,0.4925373134328358
ep_015_whisperx_diarized.gender.host_guest,SPEAKER_01,HOST,female,1894,66,13,6.863780359028511,11,5.807814149947202,3,1.5839493136219642,0.030303030303030304,0,0.0,0.0,0,0.0,0.0,0,0.0,0.0,0,0.0,0.0,1,0.5279831045406547,0.015151515151515152,0,0.0,0.0,34,17.951425554382258,0.3484848484848485,25,13.199577613516366,0.3181818181818182,1,0.5279831045406547,0.015151515151515152,0,0.0,0.0,2,1.0559662090813093,0.030303030303030304,5,2.6399155227032733,0.07575757575757576,50,26.399155227032733,0.4696969696969697,40,21.119324181626187,0.36363636363636365,23,12.143611404435058,0.12121212121212122,32,16.89545934530095,0.3181818181818182,114,60.19007391763464,0.6818181818181818,1,0.5279831045406547,0.015151515151515152,83,43.82259767687434,0.5606060606060606,13,6.863780359028511,0.10606060606060606
ep_016_whisperx_diarized.gender.host_guest,SPEAKER_01,GUEST,female,8749,161,33,3.77185964110184,17,1.9430792090524631,0,0.0,0.0,1,0.11429877700308606,0.006211180124223602,0,0.0,0.0,1,0.11429877700308606,0.006211180124223602,0,0.0,0.0,0,0.0,0.0,0,0.0,0.0,76,8.686707052234542,0.2857142857142857,29,3.3146645330894957,0.15527950310559005,6,0.6857926620185163,0.031055900621118012,3,0.34289633100925815,0.018633540372670808,16,1.828780432049377,0.06832298136645963,6,0.6857926620185163,0.037267080745341616,188,21.48817007658018,0.45962732919254656,276,31.546462452851753,0.453416149068323,76,8.686707052234542,0.19875776397515527,149,17.030517773459824,0.42857142857142855,342,39.09018173505544,0.5403726708074534,58,6.629329066178991,0.2111801242236025,239,27.31740770373757,0.5093167701863354,157,17.944907989484513,0.40372670807453415
ep_016_whisperx_diarized.gender.host_guest,SPEAKER_00,HOST,male,1947,161,9,4.622496147919877,5,2.5680534155110424,2,1.0272213662044172,0.006211180124223602,0,0.0,0.0,6,3.0816640986132513,0.037267080745341616,0,0.0,0.0,0,0.0,0.0,0,0.0,0.0,0,0.0,0.0,34,17.46276322547509,0.17391304347826086,19,9.758602978941962,0.10559006211180125,2,1.0272213662044172,0.012422360248447204,0,0.0,0.0,2,1.0272213662044172,0.012422360248447204,26,13.35387776065742,0.16149068322981366,38,19.517205957883924,0.20496894409937888,24,12.326656394453005,0.10559006211180125,11,5.649717514124294,0.049689440993788817,31,15.921931176168465,0.14285714285714285,134,68.82383153569594,0.484472049689441,23,11.813045711350796,0.13664596273291926,92,47.25218284540318,0.33540372670807456,49,25.166923472008218,0.2111801242236025
ep_017_whisperx_diarized.gender.host_guest,SPEAKER_00,GUEST,female,13929,400,179,12.850886639385456,101,7.251058941776151,11,0.7897192906884917,0.02,2,0.14358532557972575,0.005,10,0.7179266278986287,0.025,4,0.2871706511594515,0.01,1,0.07179266278986288,0.0025,0,0.0,0.0,1,0.07179266278986288,0.0025,347,24.91205398808242,0.4225,267,19.168640964893388,0.375,26,1.8666092325364347,0.065,2,0.14358532557972575,0.005,1,0.07179266278986288,0.0025,7,0.50254863952904,0.0175,390,27.999138488046523,0.4075,728,52.26505851102017,0.485,67,4.810108406920812,0.095,326,23.404408069495297,0.4425,390,27.999138488046523,0.36,102,7.322851604566013,0.17,849,60.95197070859358,0.6325,190,13.640605930073948,0.2525
ep_017_whisperx_diarized.gender.host_guest,SPEAKER_01,HOST,male,7719,400,62,8.032128514056224,31,4.016064257028112,16,2.0728073584661226,0.0225,4,0.5182018396165307,0.0075,4,0.5182018396165307,0.01,2,0.25910091980826533,0.005,1,0.12955045990413266,0.0025,1,0.12955045990413266,0.0025,2,0.25910091980826533,0.005,130,16.841559787537246,0.2575,81,10.493587252234745,0.175,16,2.0728073584661226,0.0375,5,0.6477522995206633,0.0125,3,0.388651379712398,0.0075,21,2.7205596579867857,0.0525,160,20.728073584661225,0.2525,198,25.650991061018267,0.2625,87,11.270890011659542,0.135,94,12.177743230988469,0.1825,356,46.11996372587122,0.48,51,6.607073455110766,0.1175,340,44.0471563674051,0.5075,116,15.027853348879388,0.2125
ep_018_whisperx_diarized.gender.host_guest,SPEAKER_01,HOST,female,2329,78,12,5.1524259338772005,12,5.1524259338772005,1,0.42936882782310004,0.01282051282051282,0,0.0,0.0,0,0.0,0.0,0,0.0,0.0,0,0.0,0.0,0,0.0,0.0,0,0.0,0.0,21,9.016745384285102,0.21794871794871795,5,2.1468441391155,0.0641025641025641,6,2.5762129669386002,0.0641025641025641,3,1.2881064834693001,0.038461538461538464,1,0.42936882782310004,0.01282051282051282,10,4.293688278231,0.1282051282051282,41,17.604121940747103,0.46153846153846156,35,15.027908973808502,0.24358974358974358,47,20.1803349076857,0.2692307692307692,12,5.1524259338772005,0.14102564102564102,124,53.2417346500644,0.6282051282051282,12,5.1524259338772005,0.11538461538461539,72,30.914555603263203,0.5512820512820513,35,15.027908973808502,0.24358974358974358
ep_018_whisperx_diarized.gender.host_guest,SPEAKER_00,GUEST,male,11666,78,192,16.4580833190468,68,5.828904508829076,0,0.0,0.0,0,0.0,0.0,2,0.17143836790673753,0.01282051282051282,0,0.0,0.0,0,0.0,0.0,0,0.0,0.0,0,0.0,0.0,284,24.34424824275673,0.6923076923076923,198,16.972398422767014,0.6666666666666666,33,2.8287330704611695,0.2692307692307692,2,0.17143836790673753,0.02564102564102564,4,0.34287673581347505,0.05128205128205128,2,0.17143836790673753,0.02564102564102564,329,28.201611520658325,0.717948717948718,386,33.087605006000345,0.7051282051282052,177,15.17229555974627,0.5384615384615384,72,6.171781244642552,0.5256410256410257,443,37.97359849134236,0.7692307692307693,40,3.428767358134751,0.3333333333333333,314,26.915823761357792,0.6923076923076923,138,11.82924738556489,0.5769230769230769
ep_019_whisperx_diarized.gender.host_guest,SPEAKER_00,GUEST,male,5741,99,61,10.625326598153631,59,10.276955234279741,0,0.0,0.0,1,0.17418568193694478,0.010101010101010102,0,0.0,0.0,0,0.0,0.0,0,0.0,0.0,0,0.0,0.0,0,0.0,0.0,108,18.812053649190037,0.46464646464646464,73,12.715554781396968,0.3939393939393939,7,1.2192997735586135,0.06060606060606061,0,0.0,0.0,0,0.0,0.0,2,0.34837136387388956,0.020202020202020204,141,24.560181153109212,0.45454545454545453,317,55.2168611740115,0.5656565656565656,55,9.580212506531963,0.21212121212121213,102,17.766939557568367,0.46464646464646464,198,34.48876502351507,0.43434343434343436,38,6.619055913603902,0.2222222222222222,328,57.13290367531789,0.6363636363636364,117,20.37972478662254,0.3838383838383838
ep_019_whisperx_diarized.gender.host_guest,SPEAKER_01,HOST,male,2063,98,20,9.694619486185166,17,8.240426563257392,2,0.9694619486185168,0.02040816326530612,0,0.0,0.0,0,0.0,0.0,0,0.0,0.0,0,0.0,0.0,0,0.0,0.0,0,0.0,0.0,41,19.873969946679594,0.32653061224489793,29,14.057198254968492,0.25510204081632654,3,1.454192922927775,0.030612244897959183,0,0.0,0.0,0,0.0,0.0,5,2.4236548715462916,0.05102040816326531,42,20.358700920988852,0.2653061224489796,59,28.599127484246242,0.35714285714285715,15,7.270964614638876,0.10204081632653061,37,17.935046049442562,0.2755102040816326,87,42.17159476490548,0.5510204081632653,16,7.755695588948134,0.15306122448979592,144,69.8012603005332,0.5816326530612245,29,14.057198254968492,0.20408163265306123
ep_020_whisperx_diarized.gender.host_guest,SPEAKER_01,HOST,male,2111,41,10,4.737091425864519,7,3.3159639981051634,0,0.0,0.0,0,0.0,0.0,1,0.4737091425864519,0.024390243902439025,0,0.0,0.0,0,0.0,0.0,0,0.0,0.0,0,0.0,0.0,33,15.632401705352912,0.4878048780487805,20,9.474182851729038,0.3902439024390244,3,1.4211274277593557,0.07317073170731707,0,0.0,0.0,0,0.0,0.0,5,2.3685457129322596,0.12195121951219512,56,26.527711984841307,0.5365853658536586,57,27.00142112742776,0.43902439024390244,26,12.316437707247749,0.2926829268292683,17,8.053055423969683,0.21951219512195122,84,39.791567977261955,0.7560975609756098,7,3.3159639981051634,0.17073170731707318,151,71.53008053055423,0.7560975609756098,26,12.316437707247749,0.2682926829268293
ep_020_whisperx_diarized.gender.host_guest,SPEAKER_00,GUEST,male,8725,41,122,13.982808022922635,38,4.355300859598854,2,0.22922636103151864,0.024390243902439025,1,0.11461318051575932,0.024390243902439025,1,0.11461318051575932,0.024390243902439025,0,0.0,0.0,0,0.0,0.0,0,0.0,0.0,1,0.11461318051575932,0.024390243902439025,183,20.974212034383953,0.7804878048780488,132,15.12893982808023,0.7073170731707317,17,1.9484240687679082,0.24390243902439024,2,0.22922636103151864,0.04878048780487805,2,0.22922636103151864,0.04878048780487805,1,0.11461318051575932,0.024390243902439025,233,26.70487106017192,0.8780487804878049,369,42.29226361031518,0.8048780487804879,77,8.825214899713467,0.4146341463414634,69,7.908309455587393,0.5853658536585366,336,38.51002865329513,0.7560975609756098,33,3.7822349570200573,0.3902439024390244,254,29.111747851002864,0.8292682926829268,102,11.690544412607451,0.6341463414634146
ep_021_whisperx_diarized.gender.host_guest,SPEAKER_01,GUEST,male,17830,133,91,5.103757711721817,81,4.542905215928211,3,0.16825574873808188,0.015037593984962405,5,0.28042624789680315,0.03007518796992481,0,0.0,0.0,1,0.056085249579360626,0.007518796992481203,0,0.0,0.0,0,0.0,0.0,0,0.0,0.0,278,15.591699383062254,0.556390977443609,143,8.02019068984857,0.45864661654135336,51,2.860347728547392,0.2706766917293233,0,0.0,0.0,9,0.5047672462142456,0.045112781954887216,4,0.2243409983174425,0.03007518796992481,639,35.83847448121144,0.6165413533834586,950,53.2809871003926,0.6992481203007519,259,14.526079641054404,0.40601503759398494,395,22.15367358384745,0.706766917293233,363,20.35894559730791,0.5639097744360902,92,5.159842961301178,0.3233082706766917,536,30.061693774537297,0.6390977443609023,389,21.817162086371283,0.5488721804511278
ep_021_whisperx_diarized.gender.host_guest,SPEAKER_00,HOST,male,3204,133,19,5.930087390761548,12,3.745318352059925,6,1.8726591760299625,0.045112781954887216,1,0.3121098626716604,0.007518796992481203,2,0.6242197253433208,0.015037593984962405,0,0.0,0.0,0,0.0,0.0,0,0.0,0.0,0,0.0,0.0,58,18.102372034956304,0.2556390977443609,28,8.739076154806492,0.15789473684210525,5,1.560549313358302,0.03759398496240601,3,0.9363295880149812,0.022556390977443608,2,0.6242197253433208,0.015037593984962405,13,4.057428214731586,0.09774436090225563,76,23.72034956304619,0.39097744360902253,95,29.65043695380774,0.3007518796992481,24,7.49063670411985,0.06766917293233082,53,16.541822721598002,0.2706766917293233,176,54.931335830212234,0.5714285714285714,29,9.051186017478152,0.17293233082706766,136,42.44694132334582,0.42105263157894735,76,23.72034956304619,0.2932330827067669
ep_022_whisperx_diarized.gender.host_guest,SPEAKER_01,HOST,female,2391,105,6,2.509410288582183,8,3.345880384776244,8,3.345880384776244,0.05714285714285714,1,0.4182350480970305,0.009523809523809525,0,0.0,0.0,1,0.4182350480970305,0.009523809523809525,1,0.4182350480970305,0.009523809523809525,1,0.4182350480970305,0.009523809523809525,0,0.0,0.0,28,11.710581346716854,0.19047619047619047,14,5.855290673358427,0.09523809523809523,5,2.091175240485153,0.047619047619047616,0,0.0,0.0,1,0.4182350480970305,0.009523809523809525,5,2.091175240485153,0.047619047619047616,52,21.74822250104559,0.3142857142857143,75,31.367628607277293,0.26666666666666666,19,7.94646591384358,0.10476190476190476,36,15.0564617314931,0.2857142857142857,111,46.42409033877039,0.5047619047619047,12,5.018820577164366,0.10476190476190476,101,42.241739857800084,0.41904761904761906,15,6.273525721455458,0.12380952380952381
ep_022_whisperx_diarized.gender.host_guest,SPEAKER_00,GUEST,male,5185,104,23,4.435872709739634,40,7.714561234329798,4,0.7714561234329798,0.028846153846153848,0,0.0,0.0,0,0.0,0.0,0,0.0,0.0,0,0.0,0.0,0,0.0,0.0,0,0.0,0.0,67,12.92189006750241,0.25961538461538464,30,5.785920925747349,0.19230769230769232,24,4.628736740597879,0.17307692307692307,0,0.0,0.0,1,0.19286403085824494,0.009615384615384616,2,0.3857280617164899,0.019230769230769232,169,32.59402121504339,0.47115384615384615,218,42.044358727097396,0.5288461538461539,95,18.32208293153327,0.27884615384615385,112,21.600771456123432,0.36538461538461536,82,15.814850530376086,0.34615384615384615,16,3.085824493731919,0.125,184,35.48698167791707,0.6153846153846154,69,13.307618129218902,0.2403846153846154
ep_023_whisperx_diarized.gender.host_guest,SPEAKER_01,HOST,male,2548,30,20,7.849293563579277,11,4.3171114599686025,1,0.3924646781789639,0.03333333333333333,0,0.0,0.0,0,0.0,0.0,1,0.3924646781789639,0.03333333333333333,0,0.0,0.0,0,0.0,0.0,0,0.0,0.0,27,10.596546310832025,0.5333333333333333,13,5.1020408163265305,0.36666666666666664,12,4.7095761381475665,0.3333333333333333,1,0.3924646781789639,0.03333333333333333,0,0.0,0.0,3,1.1773940345368916,0.1,42,16.483516483516485,0.7,28,10.989010989010989,0.5333333333333333,47,18.445839874411302,0.5666666666666667,16,6.279434850863423,0.5,31,12.166405023547881,0.5333333333333333,3,1.1773940345368916,0.06666666666666667,61,23.940345368916798,0.6666666666666666,62,24.332810047095762,0.7666666666666667
ep_023_whisperx_diarized.gender.host_guest,SPEAKER_00,GUEST,male,6598,29,67,10.154592300697182,21,3.182782661412549,1,0.1515610791148833,0.034482758620689655,0,0.0,0.0,0,0.0,0.0,0,0.0,0.0,0,0.0,0.0,0,0.0,0.0,0,0.0,0.0,79,11.973325250075781,0.5172413793103449,33,5.00151561079115,0.4482758620689655,4,0.6062443164595333,0.13793103448275862,0,0.0,0.0,0,0.0,0.0,0,0.0,0.0,179,27.129433161564112,0.5862068965517241,39,5.9108820854804485,0.3793103448275862,143,21.67323431342831,0.4827586206896552,20,3.031221582297666,0.2413793103448276,80,12.124886329190664,0.5172413793103449,13,1.9702940284934827,0.27586206896551724,160,24.24977265838133,0.6896551724137931,203,30.76689906032131,0.5862068965517241
ep_024_whisperx_diarized.gender.host_guest,SPEAKER_01,GUEST,male,8926,51,27,3.0248711628949136,59,6.609903652251848,1,0.11203226529240422,0.0196078431372549,4,0.44812906116961687,0.0784313725490196,0,0.0,0.0,0,0.0,0.0,0,0.0,0.0,0,0.0,0.0,0,0.0,0.0,115,12.883710508626484,0.5098039215686274,65,7.282097244006274,0.45098039215686275,31,3.473000224064531,0.27450980392156865,0,0.0,0.0,3,0.33609679587721264,0.0392156862745098,0,0.0,0.0,414,46.38135783105534,0.8235294117647058,540,60.49742325789828,0.8627450980392157,100,11.203226529240421,0.5098039215686274,193,21.62222720143401,0.6666666666666666,121,13.555904100380909,0.5686274509803921,26,2.9128388976025095,0.23529411764705882,263,29.464485771902307,0.7254901960784313,131,14.676226753304952,0.6078431372549019
ep_024_whisperx_diarized.gender.host_guest,SPEAKER_00,HOST,female,356,50,1,2.8089887640449436,0,0.0,0,0.0,0.0,0,0.0,0.0,0,0.0,0.0,0,0.0,0.0,0,0.0,0.0,0,0.0,0.0,0,0.0,0.0,1,2.8089887640449436,0.02,1,2.8089887640449436,0.02,0,0.0,0.0,1,2.8089887640449436,0.02,0,0.0,0.0,4,11.235955056179774,0.08,19,53.37078651685393,0.32,3,8.426966292134832,0.06,1,2.8089887640449436,0.02,4,11.235955056179774,0.08,28,78.65168539325842,0.28,0,0.0,0.0,22,61.79775280898876,0.38,0,0.0,0.0
ep_025_whisperx_diarized.gender.host_guest,SPEAKER_01,GUEST,male,14301,68,112,7.83162016642193,66,4.6150618837843504,3,0.20977554017201594,0.029411764705882353,1,0.06992518005733865,0.014705882352941176,1,0.06992518005733865,0.014705882352941176,0,0.0,0.0,0,0.0,0.0,1,0.06992518005733865,0.014705882352941176,1,0.06992518005733865,0.014705882352941176,199,13.915110831410392,0.6470588235294118,108,7.551919446192574,0.5147058823529411,9,0.6293266205160478,0.08823529411764706,1,0.06992518005733865,0.014705882352941176,6,0.4195510803440319,0.07352941176470588,1,0.06992518005733865,0.014705882352941176,407,28.45954828333683,0.8088235294117647,422,29.508425984196908,0.6911764705882353,242,16.921893573875955,0.5735294117647058,115,8.041395706593944,0.5588235294117647,532,37.20019579050416,0.8382352941176471,76,5.314313684357737,0.4852941176470588,699,48.87770086007971,0.8823529411764706,353,24.683588560240544,0.7352941176470589
ep_025_whisperx_diarized.gender.host_guest,SPEAKER_00,HOST,male,2895,68,23,7.9447322970639025,10,3.454231433506045,6,2.0725388601036268,0.029411764705882353,0,0.0,0.0,0,0.0,0.0,1,0.3454231433506045,0.014705882352941176,0,0.0,0.0,0,0.0,0.0,0,0.0,0.0,73,25.215889464594127,0.47058823529411764,41,14.162348877374784,0.39705882352941174,4,1.381692573402418,0.058823529411764705,1,0.3454231433506045,0.014705882352941176,1,0.3454231433506045,0.014705882352941176,11,3.7996545768566494,0.16176470588235295,63,21.761658031088082,0.4852941176470588,45,15.544041450777202,0.20588235294117646,66,22.797927461139896,0.25,9,3.1088082901554404,0.07352941176470588,128,44.21416234887737,0.6617647058823529,15,5.181347150259067,0.16176470588235295,161,55.61312607944732,0.6029411764705882,57,19.68911917098446,0.4117647058823529
ep_026_whisperx_diarized.gender.host_guest,SPEAKER_01,HOST,male,1872,27,9,4.807692307692308,11,5.876068376068376,7,3.7393162393162394,0.14814814814814814,0,0.0,0.0,2,1.0683760683760686,0.07407407407407407,2,1.0683760683760686,0.037037037037037035,0,0.0,0.0,0,0.0,0.0,1,0.5341880341880343,0.037037037037037035,25,13.354700854700853,0.5185185185185185,10,5.3418803418803416,0.25925925925925924,5,2.6709401709401708,0.18518518518518517,2,1.0683760683760686,0.07407407407407407,0,0.0,0.0,4,2.136752136752137,0.14814814814814814,33,17.628205128205128,0.48148148148148145,18,9.615384615384617,0.3333333333333333,40,21.367521367521366,0.4074074074074074,5,2.6709401709401708,0.18518518518518517,86,45.940170940170944,0.8148148148148148,15,8.012820512820513,0.3333333333333333,84,44.87179487179487,0.7037037037037037,16,8.547008547008549,0.4074074074074074
ep_026_whisperx_diarized.gender.host_guest,SPEAKER_00,GUEST,male,3867,26,29,7.499353504008275,40,10.34393586759762,7,1.8101887768295837,0.11538461538461539,0,0.0,0.0,0,0.0,0.0,0,0.0,0.0,0,0.0,0.0,2,0.517196793379881,0.038461538461538464,0,0.0,0.0,31,8.016550297388157,0.34615384615384615,13,3.361779156969227,0.2692307692307692,1,0.2585983966899405,0.038461538461538464,0,0.0,0.0,0,0.0,0.0,1,0.2585983966899405,0.038461538461538464,113,29.22161882596328,0.6923076923076923,77,19.912076545125423,0.6538461538461539,109,28.187225239203517,0.5384615384615384,28,7.240755107318335,0.5769230769230769,111,28.7044220325834,0.6538461538461539,8,2.068787173519524,0.23076923076923078,166,42.927333850530125,0.8461538461538461,47,12.154124644427204,0.46153846153846156
ep_027_whisperx_diarized.gender.host_guest,SPEAKER_01,GUEST,male,10547,76,48,4.551057172655732,17,1.611832748648905,5,0.474068455484972,0.05263157894736842,0,0.0,0.0,4,0.37925476438797767,0.05263157894736842,2,0.18962738219398884,0.02631578947368421,1,0.09481369109699442,0.013157894736842105,0,0.0,0.0,0,0.0,0.0,109,10.33469232957239,0.4868421052631579,39,3.697733952782782,0.27631578947368424,10,0.948136910969944,0.09210526315789473,4,0.37925476438797767,0.02631578947368421,6,0.5688821465819665,0.05263157894736842,1,0.09481369109699442,0.013157894736842105,206,19.53162036598085,0.7368421052631579,120,11.377642931639329,0.5394736842105263,125,11.8517113871243,0.4342105263157895,50,4.74068455484972,0.32894736842105265,266,25.220441831800514,0.7236842105263158,57,5.404380392528681,0.42105263157894735,357,33.848487721627,0.8421052631578947,167,15.833886413198064,0.5789473684210527
ep_027_whisperx_diarized.gender.host_guest,SPEAKER_00,HOST,male,2768,75,13,4.696531791907515,12,4.335260115606936,0,0.0,0.0,0,0.0,0.0,2,0.722543352601156,0.013333333333333334,0,0.0,0.0,0,0.0,0.0,0,0.0,0.0,0,0.0,0.0,40,14.45086705202312,0.3466666666666667,19,6.864161849710983,0.18666666666666668,10,3.61271676300578,0.10666666666666667,1,0.361271676300578,0.013333333333333334,0,0.0,0.0,8,2.890173410404624,0.10666666666666667,58,20.953757225433527,0.48,36,13.00578034682081,0.22666666666666666,18,6.502890173410405,0.13333333333333333,21,7.586705202312139,0.17333333333333334,95,34.320809248554916,0.5466666666666666,11,3.9739884393063583,0.13333333333333333,143,51.66184971098266,0.6533333333333333,45,16.25722543352601,0.3466666666666667
ep_028_whisperx_diarized.gender.host_guest,SPEAKER_00,GUEST,male,13607,95,183,13.448960094069228,60,4.409495112809583,4,0.2939663408539722,0.031578947368421054,0,0.0,0.0,0,0.0,0.0,0,0.0,0.0,0,0.0,0.0,0,0.0,0.0,0,0.0,0.0,275,20.21018593371059,0.6210526315789474,185,13.595943264496215,0.5684210526315789,7,0.5144410964944514,0.05263157894736842,1,0.07349158521349305,0.010526315789473684,0,0.0,0.0,2,0.1469831704269861,0.021052631578947368,312,22.929374586609832,0.5894736842105263,931,68.42066583376204,0.7894736842105263,138,10.141838759462042,0.3263157894736842,243,17.858455206878812,0.7368421052631579,435,31.96883956786948,0.6105263157894737,92,6.7612258396413605,0.43157894736842106,602,44.24193429852282,0.7473684210526316,520,38.21562431101639,0.7789473684210526
ep_028_whisperx_diarized.gender.host_guest,SPEAKER_01,HOST,male,2655,94,9,3.389830508474576,16,6.0263653483992465,5,1.8832391713747645,0.0425531914893617,0,0.0,0.0,6,2.2598870056497176,0.05319148936170213,0,0.0,0.0,0,0.0,0.0,0,0.0,0.0,0,0.0,0.0,27,10.169491525423728,0.2553191489361702,17,6.4030131826742,0.1702127659574468,0,0.0,0.0,1,0.3766478342749529,0.010638297872340425,4,1.5065913370998116,0.0425531914893617,16,6.0263653483992465,0.1702127659574468,57,21.468926553672315,0.44680851063829785,48,18.07909604519774,0.18085106382978725,10,3.766478342749529,0.06382978723404255,16,6.0263653483992465,0.13829787234042554,240,90.3954802259887,0.8297872340425532,31,11.676082862523542,0.24468085106382978,155,58.3804143126177,0.6276595744680851,82,30.88512241054614,0.48936170212765956
ep_029_whisperx_diarized.gender.host_guest,SPEAKER_00,HOST,male,3620,80,13,3.591160220994475,15,4.143646408839778,4,1.1049723756906078,0.0375,0,0.0,0.0,1,0.27624309392265195,0.0125,2,0.5524861878453039,0.025,1,0.27624309392265195,0.0125,0,0.0,0.0,0,0.0,0.0,45,12.430939226519337,0.3875,27,7.458563535911602,0.275,3,0.8287292817679558,0.025,2,0.5524861878453039,0.0125,2,0.5524861878453039,0.0125,22,6.077348066298343,0.275,67,18.508287292817677,0.425,26,7.18232044198895,0.175,64,17.679558011049725,0.2625,13,3.591160220994475,0.125,119,32.87292817679558,0.7,11,3.0386740331491713,0.1125,165,45.58011049723757,0.5625,79,21.823204419889503,0.4625
ep_029_whisperx_diarized.gender.host_guest,SPEAKER_01,GUEST,male,20970,79,133,6.342393896041965,59,2.8135431568907965,4,0.19074868860276584,0.0379746835443038,1,0.04768717215069146,0.012658227848101266,0,0.0,0.0,0,0.0,0.0,0,0.0,0.0,6,0.2861230329041488,0.06329113924050633,0,0.0,0.0,203,9.680495946590367,0.7215189873417721,84,4.005722460658083,0.43037974683544306,22,1.0491177873152122,0.17721518987341772,0,0.0,0.0,0,0.0,0.0,0,0.0,0.0,417,19.88555078683834,0.7848101265822784,167,7.963757749165475,0.4810126582278481,367,17.501192179303768,0.6075949367088608,90,4.291845493562231,0.46835443037974683,444,21.17310443490701,0.7341772151898734,68,3.2427277062470194,0.3037974683544304,778,37.10061993323796,0.8860759493670886,497,23.700524558893658,0.759493670886076
ep_030_whisperx_diarized.gender.host_guest,SPEAKER_01,GUEST,female,12104,260,174,14.375413086582947,50,4.130865829477859,0,0.0,0.0,1,0.08261731658955716,0.0038461538461538464,1,0.08261731658955716,0.0038461538461538464,1,0.08261731658955716,0.0038461538461538464,1,0.08261731658955716,0.0038461538461538464,0,0.0,0.0,0,0.0,0.0,291,24.041639127561137,0.45384615384615384,192,15.862524785194978,0.36538461538461536,12,0.9914077990746861,0.046153846153846156,1,0.08261731658955716,0.0038461538461538464,6,0.49570389953734306,0.019230769230769232,8,0.6609385327164573,0.03076923076923077,314,25.94183740912095,0.4346153846153846,762,62.954395241242565,0.5269230769230769,54,4.461335095836088,0.08846153846153847,246,20.323859881031062,0.41923076923076924,238,19.662921348314605,0.3076923076923077,28,2.313284864507601,0.08076923076923077,529,43.704560475875745,0.5461538461538461,311,25.69398545935228,0.45384615384615384
ep_030_whisperx_diarized.gender.host_guest,SPEAKER_00,HOST,male,6038,260,58,9.605829744948657,18,2.9811195760185494,1,0.16561775422325273,0.0038461538461538464,0,0.0,0.0,3,0.49685326266975827,0.011538461538461539,0,0.0,0.0,0,0.0,0.0,2,0.33123550844650546,0.0038461538461538464,0,0.0,0.0,132,21.86154355746936,0.2923076923076923,59,9.771447499171911,0.17307692307692307,8,1.3249420337860218,0.026923076923076925,3,0.49685326266975827,0.011538461538461539,0,0.0,0.0,34,5.631003643590593,0.13076923076923078,164,27.16131169261345,0.3730769230769231,173,28.65187148062272,0.21923076923076923,37,6.127856906260351,0.06538461538461539,61,10.102683007618417,0.15384615384615385,382,63.26598211328255,0.5461538461538461,48,7.949652202716132,0.15384615384615385,307,50.84465054653859,0.45,179,29.64557800596224,0.39615384615384613
ep_031_whisperx_diarized.gender.host_guest,SPEAKER_00,GUEST,male,8600,87,75,8.720930232558139,29,3.372093023255814,4,0.4651162790697675,0.04597701149425287,1,0.11627906976744187,0.011494252873563218,0,0.0,0.0,1,0.11627906976744187,0.011494252873563218,0,0.0,0.0,1,0.11627906976744187,0.011494252873563218,0,0.0,0.0,172,20.0,0.632183908045977,44,5.116279069767441,0.3333333333333333,3,0.3488372093023256,0.022988505747126436,0,0.0,0.0,7,0.813953488372093,0.08045977011494253,4,0.4651162790697675,0.04597701149425287,157,18.25581395348837,0.6436781609195402,192,22.325581395348838,0.6091954022988506,86,10.0,0.41379310344827586,32,3.72093023255814,0.20689655172413793,266,30.930232558139537,0.6781609195402298,14,1.627906976744186,0.12643678160919541,236,27.44186046511628,0.6781609195402298,76,8.837209302325581,0.3793103448275862
ep_031_whisperx_diarized.gender.host_guest,SPEAKER_01,HOST,female,3357,87,36,10.723860589812332,9,2.680965147453083,5,1.4894250819183796,0.034482758620689655,1,0.29788501638367587,0.011494252873563218,0,0.0,0.0,1,0.29788501638367587,0.011494252873563218,0,0.0,0.0,1,0.29788501638367587,0.011494252873563218,0,0.0,0.0,64,19.064641048555256,0.28735632183908044,31,9.234435507893954,0.20689655172413793,4,1.1915400655347035,0.04597701149425287,0,0.0,0.0,2,0.5957700327673517,0.022988505747126436,7,2.0851951146857313,0.08045977011494253,86,25.61811140899613,0.42528735632183906,87,25.915996425379806,0.28735632183908044,52,15.490020851951147,0.16091954022988506,17,5.0640452785224905,0.16091954022988506,144,42.89544235924933,0.5057471264367817,7,2.0851951146857313,0.08045977011494253,97,28.894846589216563,0.6091954022988506,23,6.851355376824546,0.1839080459770115
ep_032_whisperx_diarized.gender.host_guest,SPEAKER_01,GUEST,female,15741,285,80,5.082269233212629,50,3.1764182707578934,5,0.3176418270757893,0.017543859649122806,4,0.2541134616606315,0.014035087719298246,1,0.06352836541515787,0.0035087719298245615,1,0.06352836541515787,0.0035087719298245615,0,0.0,0.0,1,0.06352836541515787,0.0035087719298245615,0,0.0,0.0,208,13.213900006352837,0.3894736842105263,110,6.988120195667365,0.2736842105263158,26,1.6517375007941046,0.08771929824561403,0,0.0,0.0,3,0.1905850962454736,0.010526315789473684,9,0.5717552887364208,0.031578947368421054,430,27.317197128517883,0.543859649122807,660,41.928721174004195,0.6035087719298246,123,7.813988946064417,0.2,259,16.45384664252589,0.4807017543859649,248,15.755034622959151,0.37543859649122807,55,3.4940600978336827,0.1368421052631579,597,37.92643415284925,0.5964912280701754,198,12.578616352201259,0.3508771929824561
ep_032_whisperx_diarized.gender.host_guest,SPEAKER_00,HOST,male,5207,284,31,5.953524102170156,17,3.264835797964279,2,0.3840983291722681,0.007042253521126761,0,0.0,0.0,4,0.7681966583445362,0.014084507042253521,0,0.0,0.0,2,0.3840983291722681,0.0035211267605633804,0,0.0,0.0,1,0.19204916458613405,0.0035211267605633804,97,18.628768964855002,0.24295774647887325,60,11.522949875168043,0.1795774647887324,6,1.1522949875168043,0.02112676056338028,3,0.5761474937584021,0.007042253521126761,5,0.9602458229306702,0.014084507042253521,28,5.377376608411754,0.09859154929577464,152,29.191473017092374,0.3626760563380282,109,20.93335893988861,0.176056338028169,46,8.834261570962166,0.0880281690140845,68,13.059343191857115,0.14788732394366197,254,48.78048780487805,0.43309859154929575,42,8.06606491261763,0.11971830985915492,262,50.31688112156712,0.426056338028169,95,18.244670635682734,0.2112676056338028
ep_033_whisperx_diarized.gender.host_guest,SPEAKER_00,HOST,male,3634,114,19,5.228398458998349,9,2.476609796367639,4,1.100715465052284,0.017543859649122806,0,0.0,0.0,0,0.0,0.0,0,0.0,0.0,0,0.0,0.0,0,0.0,0.0,0,0.0,0.0,51,14.03412217941662,0.3333333333333333,16,4.402861860209136,0.11403508771929824,6,1.6510731975784259,0.043859649122807015,1,0.275178866263071,0.008771929824561403,8,2.201430930104568,0.05263157894736842,14,3.852504127682994,0.12280701754385964,92,25.31645569620253,0.5350877192982456,111,30.54485415520088,0.2631578947368421,21,5.778756191524491,0.11403508771929824,21,5.778756191524491,0.14035087719298245,102,28.06824435883324,0.39473684210526316,21,5.778756191524491,0.12280701754385964,114,31.37039075399009,0.49122807017543857,72,19.81287837094111,0.38596491228070173
ep_033_whisperx_diarized.gender.host_guest,SPEAKER_01,GUEST,male,10892,113,97,8.90561880279104,85,7.803892765332353,0,0.0,0.0,0,0.0,0.0,3,0.27543150936467137,0.02654867256637168,0,0.0,0.0,1,0.0918105031215571,0.008849557522123894,1,0.0918105031215571,0.008849557522123894,0,0.0,0.0,199,18.270290121189866,0.6194690265486725,82,7.528461255967683,0.415929203539823,59,5.416819684171869,0.336283185840708,0,0.0,0.0,2,0.1836210062431142,0.017699115044247787,4,0.3672420124862284,0.035398230088495575,261,23.962541314726405,0.6637168141592921,178,16.342269555637163,0.4778761061946903,114,10.466397355857511,0.40707964601769914,61,5.600440690414984,0.35398230088495575,544,49.94491369812707,0.7256637168141593,61,5.600440690414984,0.3185840707964602,288,26.441424899008446,0.6371681415929203,194,17.81123760558208,0.5752212389380531
ep_034_whisperx_diarized.gender.host_guest,SPEAKER_00,HOST,male,1248,50,0,0.0,2,1.6025641025641024,6,4.807692307692308,0.08,0,0.0,0.0,0,0.0,0.0,0,0.0,0.0,1,0.8012820512820512,0.02,0,0.0,0.0,0,0.0,0.0,11,8.814102564102564,0.14,7,5.608974358974359,0.12,1,0.8012820512820512,0.02,0,0.0,0.0,0,0.0,0.0,2,1.6025641025641024,0.04,19,15.224358974358974,0.32,15,12.01923076923077,0.18,11,8.814102564102564,0.1,10,8.012820512820513,0.12,70,56.08974358974359,0.4,7,5.608974358974359,0.12,51,40.86538461538461,0.38,22,17.628205128205128,0.26
ep_034_whisperx_diarized.gender.host_guest,SPEAKER_01,GUEST,male,6552,50,20,3.0525030525030523,7,1.0683760683760686,1,0.15262515262515264,0.02,1,0.15262515262515264,0.02,0,0.0,0.0,1,0.15262515262515264,0.02,1,0.15262515262515264,0.02,1,0.15262515262515264,0.02,0,0.0,0.0,61,9.31013431013431,0.5,33,5.036630036630037,0.3,1,0.15262515262515264,0.02,0,0.0,0.0,4,0.6105006105006106,0.06,3,0.45787545787545786,0.06,165,25.183150183150182,0.66,284,43.34554334554334,0.7,18,2.7472527472527473,0.18,114,17.3992673992674,0.64,182,27.777777777777775,0.76,26,3.968253968253968,0.26,223,34.03540903540903,0.86,124,18.925518925518926,0.66
ep_035_whisperx_diarized.gender.host_guest,SPEAKER_01,GUEST,male,12114,106,44,3.632161135875846,51,4.210004952947004,1,0.08254911672445105,0.009433962264150943,0,0.0,0.0,0,0.0,0.0,5,0.4127455836222552,0.04716981132075472,0,0.0,0.0,1,0.08254911672445105,0.009433962264150943,9,0.7429420505200593,0.07547169811320754,101,8.337460789169556,0.41509433962264153,47,3.8798084860491993,0.27358490566037735,18,1.4858841010401187,0.1320754716981132,0,0.0,0.0,8,0.6603929337956084,0.05660377358490566,4,0.3301964668978042,0.03773584905660377,300,24.764735017335312,0.6981132075471698,234,19.316493313521548,0.5660377358490566,68,5.613339937262671,0.2830188679245283,67,5.53079082053822,0.330188679245283,373,30.790820538220242,0.660377358490566,34,2.8066699686313354,0.20754716981132076,449,37.064553409278524,0.7735849056603774,216,17.830609212481427,0.6415094339622641
ep_035_whisperx_diarized.gender.host_guest,SPEAKER_00,HOST,male,3175,106,28,8.818897637795276,12,3.779527559055118,1,0.31496062992125984,0.009433962264150943,0,0.0,0.0,0,0.0,0.0,0,0.0,0.0,1,0.31496062992125984,0.009433962264150943,0,0.0,0.0,0,0.0,0.0,62,19.52755905511811,0.330188679245283,38,11.968503937007874,0.22641509433962265,7,2.204724409448819,0.0660377358490566,3,0.9448818897637795,0.02830188679245283,0,0.0,0.0,12,3.779527559055118,0.11320754716981132,69,21.73228346456693,0.4339622641509434,66,20.78740157480315,0.2830188679245283,37,11.653543307086613,0.19811320754716982,32,10.078740157480315,0.1792452830188679,99,31.181102362204722,0.42452830188679247,23,7.244094488188977,0.18867924528301888,131,41.25984251968504,0.5,45,14.173228346456693,0.32075471698113206
ep_036_whisperx_diarized.gender.host_guest,SPEAKER_00,HOST,male,4382,190,17,3.8795070743952533,19,4.33591967138293,4,0.9128251939753537,0.015789473684210527,2,0.45641259698767683,0.010526315789473684,0,0.0,0.0,1,0.22820629849383842,0.005263157894736842,1,0.22820629849383842,0.005263157894736842,0,0.0,0.0,2,0.45641259698767683,0.010526315789473684,58,13.23596531264263,0.2,41,9.356458238247377,0.1631578947368421,3,0.6846188954815153,0.015789473684210527,0,0.0,0.0,1,0.22820629849383842,0.005263157894736842,34,7.759014148790507,0.17894736842105263,86,19.625741670470106,0.3105263157894737,69,15.746234596074851,0.21052631578947367,32,7.302601551802829,0.12631578947368421,86,19.625741670470106,0.2789473684210526,127,28.98219990871748,0.43157894736842106,14,3.1948881789137378,0.04736842105263158,216,49.2925604746691,0.5157894736842106,40,9.128251939753538,0.1368421052631579
ep_036_whisperx_diarized.gender.host_guest,SPEAKER_01,GUEST,male,6739,189,73,10.832467725181777,21,3.116189345600237,2,0.2967799376762131,0.010582010582010581,2,0.2967799376762131,0.010582010582010581,1,0.14838996883810654,0.005291005291005291,0,0.0,0.0,0,0.0,0.0,0,0.0,0.0,1,0.14838996883810654,0.005291005291005291,147,21.81332541920166,0.3544973544973545,108,16.026116634515507,0.2962962962962963,0,0.0,0.0,0,0.0,0.0,0,0.0,0.0,4,0.5935598753524262,0.021164021164021163,141,20.92298560617302,0.37037037037037035,203,30.123163674135625,0.42857142857142855,75,11.12924766285799,0.17989417989417988,146,21.664935450363554,0.43915343915343913,156,23.14883513874462,0.2962962962962963,24,3.561359252114557,0.10052910052910052,232,34.42647277044072,0.5132275132275133,102,15.135776821486868,0.2751322751322751
ep_037_whisperx_diarized.gender.host_guest,SPEAKER_00,GUEST,male,10970,69,9,0.8204193254329991,6,0.5469462169553327,3,0.27347310847766637,0.014492753623188406,2,0.1823154056517776,0.028985507246376812,0,0.0,0.0,0,0.0,0.0,0,0.0,0.0,0,0.0,0.0,0,0.0,0.0,38,3.463992707383774,0.36231884057971014,14,1.2762078395624432,0.13043478260869565,4,0.3646308113035552,0.043478260869565216,0,0.0,0.0,1,0.0911577028258888,0.014492753623188406,3,0.27347310847766637,0.043478260869565216,191,17.411121239744755,0.5797101449275363,92,8.386508659981768,0.5072463768115942,124,11.30355515041021,0.42028985507246375,33,3.00820419325433,0.2898550724637681,156,14.22060164083865,0.5507246376811594,19,1.731996353691887,0.15942028985507245,209,19.051959890610757,0.6666666666666666,174,15.861440291704648,0.4782608695652174
ep_037_whisperx_diarized.gender.host_guest,SPEAKER_01,HOST,male,713,69,3,4.207573632538569,3,4.207573632538569,0,0.0,0.0,0,0.0,0.0,0,0.0,0.0,0,0.0,0.0,0,0.0,0.0,0,0.0,0.0,0,0.0,0.0,5,7.012622720897616,0.07246376811594203,1,1.402524544179523,0.014492753623188406,3,4.207573632538569,0.043478260869565216,0,0.0,0.0,0,0.0,0.0,7,9.817671809256662,0.10144927536231885,15,21.037868162692845,0.2028985507246377,7,9.817671809256662,0.057971014492753624,11,15.427769985974754,0.10144927536231885,4,5.610098176718092,0.057971014492753624,8,11.220196353436185,0.07246376811594203,2,2.805049088359046,0.028985507246376812,19,26.64796633941094,0.2463768115942029,5,7.012622720897616,0.043478260869565216
ep_038_whisperx_diarized.gender.host_guest,SPEAKER_00,GUEST,male,11097,104,71,6.3981256195368115,28,2.5232044696764895,3,0.2703433360367667,0.019230769230769232,0,0.0,0.0,1,0.09011444534558889,0.009615384615384616,1,0.09011444534558889,0.009615384615384616,0,0.0,0.0,0,0.0,0.0,0,0.0,0.0,122,10.993962332161846,0.4519230769230769,45,4.0551500405515,0.2403846153846154,11,0.991258898801478,0.09615384615384616,1,0.09011444534558889,0.009615384615384616,2,0.18022889069117778,0.019230769230769232,3,0.2703433360367667,0.028846153846153848,256,23.069298008470756,0.7019230769230769,90,8.110300081103,0.4519230769230769,115,10.363161214742723,0.38461538461538464,42,3.7848067045147338,0.2980769230769231,115,10.363161214742723,0.4519230769230769,34,3.0638911417500223,0.18269230769230768,229,20.63620798413986,0.6826923076923077,263,23.70009912588988,0.6057692307692307
ep_038_whisperx_diarized.gender.host_guest,SPEAKER_01,HOST,male,3363,103,19,5.649717514124294,29,8.623253047873924,3,0.8920606601248885,0.02912621359223301,0,0.0,0.0,0,0.0,0.0,1,0.29735355337496283,0.009708737864077669,0,0.0,0.0,0,0.0,0.0,0,0.0,0.0,36,10.70472792149866,0.2524271844660194,19,5.649717514124294,0.17475728155339806,14,4.162949747249479,0.1262135922330097,1,0.29735355337496283,0.009708737864077669,1,0.29735355337496283,0.009708737864077669,6,1.784121320249777,0.05825242718446602,64,19.03062741599762,0.39805825242718446,36,10.70472792149866,0.2524271844660194,25,7.433838834374071,0.1650485436893204,31,9.217960154623848,0.23300970873786409,48,14.272970561998216,0.22330097087378642,14,4.162949747249479,0.08737864077669903,84,24.977698483496876,0.39805825242718446,68,20.220041629497473,0.39805825242718446
ep_039_whisperx_diarized.gender.host_guest,SPEAKER_00,GUEST,male,16433,322,159,9.675652650155175,67,4.077161808555954,3,0.182559483965192,0.003105590062111801,0,0.0,0.0,1,0.06085316132173066,0.003105590062111801,2,0.12170632264346132,0.006211180124223602,0,0.0,0.0,0,0.0,0.0,0,0.0,0.0,198,12.04892594170267,0.30124223602484473,40,2.4341264528692266,0.09627329192546584,23,1.3996227103998053,0.052795031055900624,0,0.0,0.0,8,0.48682529057384527,0.015527950310559006,7,0.42597212925211464,0.021739130434782608,509,30.974259112760908,0.3944099378881988,67,4.077161808555954,0.10869565217391304,238,14.483052394571898,0.2484472049689441,49,2.9818049047648025,0.12422360248447205,239,14.543905555893629,0.27639751552795033,31,1.8864480009736506,0.07763975155279502,368,22.393963366396886,0.4192546583850932,263,16.004381427615165,0.32608695652173914
ep_039_whisperx_diarized.gender.host_guest,SPEAKER_01,HOST,male,10187,321,102,10.01276136252086,37,3.6320801020909004,1,0.09816432708353784,0.003115264797507788,1,0.09816432708353784,0.003115264797507788,2,0.19632865416707568,0.006230529595015576,0,0.0,0.0,0,0.0,0.0,0,0.0,0.0,0,0.0,0.0,167,16.393442622950822,0.3582554517133956,81,7.951310493766566,0.22429906542056074,17,1.6687935604201432,0.0529595015576324,1,0.09816432708353784,0.003115264797507788,4,0.39265730833415136,0.012461059190031152,33,3.2394227937567486,0.102803738317757,204,20.02552272504172,0.367601246105919,118,11.583390595857464,0.23052959501557632,123,12.074212231275155,0.23052959501557632,108,10.601747325022087,0.2772585669781931,192,18.847550800039265,0.29595015576323985,21,2.061450868754295,0.0529595015576324,303,29.743791106311964,0.46417445482866043,146,14.331991754196526,0.24922118380062305
ep_040_whisperx_diarized.gender.host_guest,SPEAKER_00,GUEST,male,12196,157,93,7.6254509675303375,37,3.033781567727124,6,0.49196457855034437,0.012738853503184714,0,0.0,0.0,0,0.0,0.0,0,0.0,0.0,0,0.0,0.0,0,0.0,0.0,0,0.0,0.0,143,11.725155788783209,0.445859872611465,20,1.639881928501148,0.12101910828025478,9,0.7379468678255166,0.050955414012738856,0,0.0,0.0,1,0.0819940964250574,0.006369426751592357,1,0.0819940964250574,0.006369426751592357,437,35.83142013775009,0.6751592356687898,78,6.395539521154477,0.22929936305732485,184,15.08691374221056,0.4394904458598726,25,2.0498524106264346,0.14012738853503184,172,14.102984585109873,0.4394904458598726,23,1.88586421777632,0.10828025477707007,388,31.813709412922268,0.6815286624203821,295,24.18825844539193,0.5668789808917197
ep_040_whisperx_diarized.gender.host_guest,SPEAKER_01,HOST,male,3814,156,30,7.865757734661772,13,3.4084950183534346,0,0.0,0.0,1,0.26219192448872575,0.00641025641025641,0,0.0,0.0,2,0.5243838489774515,0.01282051282051282,0,0.0,0.0,0,0.0,0.0,0,0.0,0.0,67,17.566858940744627,0.3076923076923077,32,8.390141583639224,0.1858974358974359,6,1.5731515469323545,0.038461538461538464,0,0.0,0.0,0,0.0,0.0,21,5.506030414263241,0.1346153846153846,84,22.024121657052962,0.3974358974358974,70,18.353434714210803,0.19230769230769232,37,9.701101206082852,0.15384615384615385,49,12.847404299947561,0.24358974358974358,106,27.792343995804927,0.38461538461538464,16,4.195070791819612,0.08974358974358974,115,30.15207131620346,0.3782051282051282,84,22.024121657052962,0.33974358974358976
ep_041_whisperx_diarized.gender.host_guest,SPEAKER_01,GUEST,female,13735,389,112,8.154350200218419,55,4.004368401892974,10,0.7280669821623589,0.02570694087403599,3,0.2184200946487077,0.007712082262210797,2,0.1456133964324718,0.005141388174807198,2,0.1456133964324718,0.005141388174807198,1,0.0728066982162359,0.002570694087403599,0,0.0,0.0,1,0.0728066982162359,0.002570694087403599,218,15.871860211139424,0.34704370179948585,147,10.702584637786677,0.2750642673521851,24,1.7473607571896617,0.056555269922879174,1,0.0728066982162359,0.002570694087403599,4,0.2912267928649436,0.007712082262210797,5,0.36403349108117944,0.012853470437017995,350,25.482344375682562,0.4318766066838046,594,43.24717874044412,0.5655526992287918,166,12.085911903895157,0.20565552699228792,248,18.0560611576265,0.390745501285347,365,26.574444848926102,0.37532133676092544,44,3.2034947215143794,0.09768637532133675,498,36.25773571168548,0.5269922879177378,219,15.94466690935566,0.2930591259640103
ep_041_whisperx_diarized.gender.host_guest,SPEAKER_00,HOST,male,6408,388,35,5.461922596754058,37,5.774032459425718,17,2.6529338327091136,0.03608247422680412,1,0.1560549313358302,0.002577319587628866,3,0.4681647940074906,0.007731958762886598,0,0.0,0.0,1,0.1560549313358302,0.002577319587628866,1,0.1560549313358302,0.002577319587628866,2,0.3121098626716604,0.005154639175257732,84,13.108614232209739,0.17525773195876287,53,8.270911360799001,0.1211340206185567,14,2.184769038701623,0.03350515463917526,5,0.780274656679151,0.01288659793814433,3,0.4681647940074906,0.007731958762886598,33,5.1498127340823965,0.08505154639175258,138,21.53558052434457,0.2551546391752577,170,26.529338327091136,0.24484536082474226,64,9.987515605493133,0.10824742268041238,110,17.166042446941322,0.20103092783505155,282,44.00749063670413,0.3943298969072165,60,9.363295880149813,0.14175257731958762,310,48.37702871410737,0.4484536082474227,58,9.051186017478152,0.11855670103092783
ep_042_whisperx_diarized.gender.host_guest,SPEAKER_01,GUEST,female,12391,319,93,7.505447502219353,81,6.537002663223307,3,0.24211120974901137,0.009404388714733543,2,0.1614074731660076,0.006269592476489028,1,0.0807037365830038,0.003134796238244514,2,0.1614074731660076,0.006269592476489028,1,0.0807037365830038,0.003134796238244514,1,0.0807037365830038,0.003134796238244514,0,0.0,0.0,214,17.27059962876281,0.3166144200626959,156,12.589782906948592,0.26959247648902823,28,2.2597046243241063,0.06269592476489028,2,0.1614074731660076,0.006269592476489028,2,0.1614074731660076,0.006269592476489028,11,0.8877411024130417,0.034482758620689655,281,22.677749979824068,0.3730407523510972,747,60.28569122750383,0.4702194357366771,84,6.779113872972318,0.13793103448275862,312,25.179565813897185,0.46394984326018807,278,22.43563877007505,0.3510971786833856,45,3.631668146235171,0.10031347962382445,524,42.288757969493986,0.5078369905956113,216,17.432007101928818,0.31347962382445144
ep_042_whisperx_diarized.gender.host_guest,SPEAKER_00,HOST,male,8318,318,78,9.377254147631643,64,7.694157249338783,2,0.24044241404183697,0.006289308176100629,1,0.12022120702091849,0.0031446540880503146,2,0.24044241404183697,0.006289308176100629,1,0.12022120702091849,0.0031446540880503146,0,0.0,0.0,0,0.0,0.0,0,0.0,0.0,149,17.912959846116856,0.29874213836477986,104,12.503005530175523,0.23270440251572327,16,1.9235393123346958,0.04716981132075472,6,0.7213272421255109,0.012578616352201259,1,0.12022120702091849,0.0031446540880503146,24,2.8853089685020437,0.07547169811320754,157,18.874729502284204,0.24528301886792453,312,37.50901659052657,0.3867924528301887,86,10.339023803798991,0.16666666666666666,132,15.86919932676124,0.2830188679245283,248,29.814859341187784,0.3805031446540881,59,7.09305121423419,0.16352201257861634,398,47.84804039432556,0.5283018867924528,150,18.033181053137774,0.25157232704402516
ep_043_whisperx_diarized.gender.host_guest,SPEAKER_00,GUEST,female,10393,148,52,5.003367651303763,45,4.329837390551333,3,0.2886558260367555,0.02027027027027027,0,0.0,0.0,1,0.0962186086789185,0.006756756756756757,1,0.0962186086789185,0.006756756756756757,0,0.0,0.0,0,0.0,0.0,0,0.0,0.0,119,11.450014432791303,0.3581081081081081,55,5.292023477340518,0.25675675675675674,11,1.0584046954681035,0.060810810810810814,6,0.577311652073511,0.04054054054054054,9,0.8659674781102665,0.0472972972972973,3,0.2886558260367555,0.02027027027027027,211,20.302126431251807,0.5,304,29.250457038391225,0.4797297297297297,73,7.023958433561051,0.22972972972972974,83,7.986144520350235,0.33783783783783783,557,53.593765034157606,0.6554054054054054,53,5.099586259982681,0.22972972972972974,368,35.40844799384201,0.6216216216216216,154,14.81766573655345,0.3716216216216216
ep_043_whisperx_diarized.gender.host_guest,SPEAKER_01,HOST,male,3607,148,41,11.36678680343776,25,6.930967563071805,5,1.386193512614361,0.02702702702702703,1,0.2772387025228722,0.006756756756756757,0,0.0,0.0,1,0.2772387025228722,0.006756756756756757,0,0.0,0.0,0,0.0,0.0,0,0.0,0.0,63,17.466038258940948,0.27702702702702703,34,9.426115885777655,0.1891891891891892,11,3.049625727751594,0.07432432432432433,0,0.0,0.0,1,0.2772387025228722,0.006756756756756757,12,3.3268644302744663,0.08108108108108109,72,19.9611865816468,0.33783783783783783,76,21.07014139173829,0.2635135135135135,40,11.089548100914888,0.14189189189189189,44,12.198502911006376,0.21621621621621623,123,34.10036041031328,0.3716216216216216,9,2.49514832270585,0.05405405405405406,180,49.90296645411699,0.5337837837837838,35,9.703354588300527,0.16891891891891891
ep_044_whisperx_diarized.gender.host_guest,SPEAKER_00,GUEST,male,10291,138,20,1.94344572927801,19,1.8462734428141094,3,0.29151685939170147,0.014492753623188406,1,0.09717228646390048,0.007246376811594203,0,0.0,0.0,3,0.29151685939170147,0.021739130434782608,2,0.19434457292780097,0.007246376811594203,0,0.0,0.0,0,0.0,0.0,68,6.6077154795452335,0.2246376811594203,23,2.2349625886697115,0.11594202898550725,8,0.7773782917112039,0.050724637681159424,0,0.0,0.0,11,1.0688951511029054,0.07246376811594203,2,0.19434457292780097,0.014492753623188406,216,20.989213876202506,0.5579710144927537,160,15.54756583422408,0.2536231884057971,168,16.324944125935286,0.47101449275362317,64,6.219026333689631,0.21014492753623187,301,29.24885822563405,0.4855072463768116,39,3.789719172092119,0.18115942028985507,253,24.584588475366825,0.5507246376811594,195,18.948595860460596,0.34057971014492755
ep_044_whisperx_diarized.gender.host_guest,SPEAKER_01,HOST,male,3423,138,22,6.427110721589249,21,6.134969325153374,12,3.5056967572304996,0.043478260869565216,1,0.29214139643587494,0.007246376811594203,1,0.29214139643587494,0.007246376811594203,5,1.460706982179375,0.036231884057971016,1,0.29214139643587494,0.007246376811594203,0,0.0,0.0,0,0.0,0.0,45,13.146362839614373,0.21014492753623187,21,6.134969325153374,0.12318840579710146,12,3.5056967572304996,0.07246376811594203,1,0.29214139643587494,0.007246376811594203,4,1.1685655857434998,0.021739130434782608,11,3.2135553607946243,0.07971014492753623,55,16.067776803973125,0.2753623188405797,64,18.697049371895996,0.21014492753623187,43,12.562080046742624,0.15217391304347827,27,7.887817703768623,0.13768115942028986,127,37.10195734735612,0.3695652173913043,16,4.674262342973999,0.09420289855072464,110,32.13555360794625,0.38405797101449274,57,16.65205959684487,0.21014492753623187
ep_045_whisperx_diarized.gender.host_guest,SPEAKER_01,GUEST,male,10299,70,137,13.302262355568502,37,3.5925818040586464,2,0.1941936110301971,0.02857142857142857,0,0.0,0.0,0,0.0,0.0,1,0.09709680551509856,0.014285714285714285,0,0.0,0.0,1,0.09709680551509856,0.014285714285714285,0,0.0,0.0,215,20.87581318574619,0.7571428571428571,99,9.612583745994757,0.6142857142857143,0,0.0,0.0,3,0.29129041654529564,0.04285714285714286,3,0.29129041654529564,0.04285714285714286,2,0.1941936110301971,0.02857142857142857,303,29.42033207107486,0.8285714285714286,380,36.896786095737454,0.8285714285714286,100,9.709680551509855,0.45714285714285713,92,8.932906107389067,0.6,251,24.371298184289735,0.7428571428571429,29,2.815807359937858,0.2714285714285714,440,42.72259442664336,0.9285714285714286,165,16.02097290999126,0.6857142857142857
ep_045_whisperx_diarized.gender.host_guest,SPEAKER_00,HOST,male,1912,69,31,16.213389121338913,6,3.1380753138075312,0,0.0,0.0,1,0.5230125523012552,0.014492753623188406,0,0.0,0.0,0,0.0,0.0,0,0.0,0.0,0,0.0,0.0,0,0.0,0.0,42,21.966527196652716,0.34782608695652173,19,9.93723849372385,0.2318840579710145,1,0.5230125523012552,0.014492753623188406,5,2.615062761506276,0.07246376811594203,3,1.5690376569037656,0.043478260869565216,4,2.092050209205021,0.057971014492753624,37,19.351464435146443,0.4057971014492754,42,21.966527196652716,0.3333333333333333,19,9.93723849372385,0.15942028985507245,20,10.460251046025103,0.17391304347826086,81,42.36401673640167,0.5652173913043478,6,3.1380753138075312,0.08695652173913043,56,29.288702928870293,0.463768115942029,25,13.07531380753138,0.2463768115942029
ep_046_whisperx_diarized.gender.host_guest,SPEAKER_00,HOST,male,2776,57,29,10.446685878962535,8,2.881844380403458,1,0.36023054755043227,0.017543859649122806,0,0.0,0.0,0,0.0,0.0,0,0.0,0.0,0,0.0,0.0,0,0.0,0.0,0,0.0,0.0,55,19.812680115273775,0.42105263157894735,31,11.167146974063401,0.3157894736842105,2,0.7204610951008645,0.03508771929824561,4,1.440922190201729,0.07017543859649122,1,0.36023054755043227,0.017543859649122806,3,1.080691642651297,0.05263157894736842,37,13.328530259365994,0.38596491228070173,56,20.172910662824208,0.49122807017543857,28,10.086455331412104,0.2807017543859649,23,8.285302593659942,0.2631578947368421,71,25.576368876080693,0.5087719298245614,8,2.881844380403458,0.08771929824561403,90,32.4207492795389,0.7017543859649122,43,15.489913544668587,0.45614035087719296
ep_046_whisperx_diarized.gender.host_guest,SPEAKER_01,GUEST,male,11078,56,94,8.485286152735151,44,3.9718360714930494,0,0.0,0.0,1,0.09026900162484203,0.017857142857142856,0,0.0,0.0,0,0.0,0.0,0,0.0,0.0,0,0.0,0.0,0,0.0,0.0,160,14.443040259974724,0.6428571428571429,97,8.756093157609676,0.5535714285714286,22,1.9859180357465247,0.26785714285714285,5,0.45134500812421013,0.07142857142857142,3,0.2708070048745261,0.05357142857142857,1,0.09026900162484203,0.017857142857142856,260,23.469940422458926,0.7857142857142857,246,22.206174399711138,0.6964285714285714,109,9.83932117710778,0.4642857142857143,66,5.957754107239574,0.44642857142857145,375,33.85087560931576,0.8035714285714286,49,4.42318107961726,0.42857142857142855,358,32.31630258169345,0.7857142857142857,138,12.457122224228199,0.6071428571428571
ep_047_whisperx_diarized.gender.host_guest,SPEAKER_01,GUEST,male,8381,101,29,3.4602076124567476,18,2.14771506980074,1,0.11931750387781888,0.009900990099009901,0,0.0,0.0,0,0.0,0.0,0,0.0,0.0,0,0.0,0.0,0,0.0,0.0,0,0.0,0.0,84,10.022670325736785,0.39603960396039606,29,3.4602076124567476,0.21782178217821782,12,1.4318100465338264,0.10891089108910891,0,0.0,0.0,1,0.11931750387781888,0.009900990099009901,5,0.5965875193890944,0.04950495049504951,172,20.522610666984846,0.6732673267326733,146,17.420355566161557,0.3465346534653465,68,8.113590263691684,0.3564356435643564,110,13.124925426560075,0.36633663366336633,163,19.448753132084477,0.504950495049505,36,4.29543013960148,0.22772277227722773,203,24.22145328719723,0.6435643564356436,138,16.465815535139004,0.4752475247524752
ep_047_whisperx_diarized.gender.host_guest,SPEAKER_00,HOST,male,2849,101,13,4.563004563004563,4,1.404001404001404,2,0.702000702000702,0.009900990099009901,0,0.0,0.0,0,0.0,0.0,0,0.0,0.0,1,0.351000351000351,0.009900990099009901,0,0.0,0.0,0,0.0,0.0,28,9.828009828009828,0.19801980198019803,16,5.616005616005616,0.1188118811881188,2,0.702000702000702,0.019801980198019802,3,1.053001053001053,0.0297029702970297,1,0.351000351000351,0.009900990099009901,13,4.563004563004563,0.12871287128712872,43,15.093015093015094,0.2376237623762376,36,12.636012636012635,0.2079207920792079,41,14.39101439101439,0.2376237623762376,28,9.828009828009828,0.18811881188118812,78,27.37802737802738,0.40594059405940597,14,4.914004914004914,0.10891089108910891,82,28.78202878202878,0.40594059405940597,40,14.040014040014041,0.25742574257425743
ep_048_whisperx_diarized.gender.host_guest,SPEAKER_01,GUEST,male,15585,75,21,1.347449470644851,6,0.3849855630413859,0,0.0,0.0,1,0.06416426050689766,0.013333333333333334,0,0.0,0.0,0,0.0,0.0,1,0.06416426050689766,0.013333333333333334,0,0.0,0.0,0,0.0,0.0,110,7.058068655758742,0.4266666666666667,33,2.1174205967276225,0.22666666666666666,2,0.12832852101379533,0.02666666666666667,1,0.06416426050689766,0.013333333333333334,6,0.3849855630413859,0.04,0,0.0,0.0,238,15.271094000641641,0.7066666666666667,107,6.86557587423805,0.4533333333333333,193,12.383702277831247,0.6533333333333333,63,4.042348411934553,0.4266666666666667,232,14.886108437600257,0.6266666666666667,37,2.3740776387552134,0.30666666666666664,264,16.93936477382098,0.6933333333333334,225,14.436958614051973,0.5733333333333334
ep_048_whisperx_diarized.gender.host_guest,SPEAKER_00,HOST,male,2717,74,6,2.2083179977916823,1,0.368052999631947,2,0.736105999263894,0.02702702702702703,2,0.736105999263894,0.02702702702702703,0,0.0,0.0,1,0.368052999631947,0.013513513513513514,1,0.368052999631947,0.013513513513513514,0,0.0,0.0,0,0.0,0.0,27,9.93743099006257,0.28378378378378377,8,2.944423997055576,0.0945945945945946,1,0.368052999631947,0.013513513513513514,2,0.736105999263894,0.02702702702702703,0,0.0,0.0,8,2.944423997055576,0.10810810810810811,47,17.29849098270151,0.3783783783783784,39,14.354066985645934,0.24324324324324326,48,17.666543982333458,0.25675675675675674,45,16.562384983437614,0.3783783783783784,55,20.242914979757085,0.43243243243243246,9,3.312476996687523,0.10810810810810811,69,25.395656974604343,0.4189189189189189,23,8.465218991534782,0.17567567567567569
ep_049_whisperx_diarized.gender.host_guest,SPEAKER_01,HOST,male,714,46,6,8.403361344537815,5,7.002801120448179,1,1.4005602240896358,0.021739130434782608,0,0.0,0.0,0,0.0,0.0,0,0.0,0.0,0,0.0,0.0,0,0.0,0.0,0,0.0,0.0,8,11.204481792717086,0.17391304347826086,3,4.201680672268908,0.06521739130434782,0,0.0,0.0,0,0.0,0.0,1,1.4005602240896358,0.021739130434782608,2,2.8011204481792715,0.043478260869565216,10,14.005602240896359,0.17391304347826086,13,18.20728291316527,0.15217391304347827,7,9.803921568627452,0.10869565217391304,7,9.803921568627452,0.10869565217391304,30,42.016806722689076,0.3695652173913043,0,0.0,0.0,33,46.21848739495798,0.32608695652173914,9,12.605042016806722,0.10869565217391304
ep_049_whisperx_diarized.gender.host_guest,SPEAKER_00,GUEST,male,10792,45,49,4.540400296515938,40,3.7064492216456633,9,0.8339510748702742,0.08888888888888889,8,0.7412898443291327,0.06666666666666667,2,0.18532246108228317,0.044444444444444446,11,1.0192735359525575,0.1111111111111111,2,0.18532246108228317,0.044444444444444446,2,0.18532246108228317,0.044444444444444446,0,0.0,0.0,91,8.432171979243885,0.5111111111111111,30,2.7798369162342476,0.3111111111111111,5,0.4633061527057079,0.08888888888888889,2,0.18532246108228317,0.044444444444444446,10,0.9266123054114158,0.1111111111111111,0,0.0,0.0,341,31.59747961452928,0.7111111111111111,330,30.578206078576724,0.7111111111111111,114,10.56338028169014,0.4666666666666667,73,6.764269829503336,0.4888888888888889,231,21.404744255003706,0.5777777777777777,37,3.4284655300222386,0.26666666666666666,451,41.790214974054855,0.7777777777777778,268,24.833209785025947,0.7555555555555555
ep_050_whisperx_diarized.gender.host_guest,SPEAKER_00,GUEST,male,12702,40,57,4.487482286254133,74,5.825854196189577,3,0.23618327822390175,0.075,2,0.1574555188159345,0.05,4,0.314911037631869,0.1,3,0.23618327822390175,0.025,1,0.07872775940796725,0.025,1,0.07872775940796725,0.025,0,0.0,0.0,143,11.258069595339316,0.6,57,4.487482286254133,0.55,30,2.3618327822390173,0.35,0,0.0,0.0,0,0.0,0.0,1,0.07872775940796725,0.025,231,18.186112423240434,0.675,403,31.727287041410797,0.725,242,19.052117776728075,0.7,159,12.517713745866793,0.625,397,31.254920484962998,0.7,70,5.5109431585577076,0.5,574,45.1897339001732,0.775,356,28.02708234923634,0.725
ep_050_whisperx_diarized.gender.host_guest,SPEAKER_01,HOST,male,4104,39,46,11.208576998050681,22,5.360623781676413,4,0.9746588693957114,0.07692307692307693,1,0.24366471734892786,0.02564102564102564,0,0.0,0.0,4,0.9746588693957114,0.05128205128205128,0,0.0,0.0,0,0.0,0.0,0,0.0,0.0,69,16.81286549707602,0.5897435897435898,42,10.23391812865497,0.5384615384615384,11,2.6803118908382064,0.23076923076923078,1,0.24366471734892786,0.02564102564102564,1,0.24366471734892786,0.02564102564102564,5,1.2183235867446394,0.1282051282051282,114,27.777777777777775,0.7435897435897436,166,40.448343079922026,0.717948717948718,23,5.6042884990253405,0.358974358974359,32,7.797270955165692,0.5384615384615384,148,36.06237816764132,0.7948717948717948,18,4.385964912280701,0.3076923076923077,139,33.86939571150097,0.6666666666666666,79,19.249512670565302,0.6153846153846154
ep_051_whisperx_diarized.gender.host_guest,SPEAKER_00,GUEST,male,11484,94,19,1.654475792406827,11,0.9578544061302682,0,0.0,0.0,1,0.08707767328456983,0.010638297872340425,0,0.0,0.0,0,0.0,0.0,0,0.0,0.0,0,0.0,0.0,0,0.0,0.0,68,5.921281783350748,0.3829787234042553,19,1.654475792406827,0.13829787234042554,9,0.7836990595611285,0.07446808510638298,0,0.0,0.0,2,0.17415534656913967,0.02127659574468085,4,0.34831069313827934,0.0425531914893617,179,15.586903517938001,0.4574468085106383,106,9.230233368164402,0.3723404255319149,103,8.969000348310692,0.3404255319148936,55,4.7892720306513406,0.2872340425531915,188,16.37060257749913,0.5,46,4.005572971090213,0.2872340425531915,273,23.772204806687565,0.5638297872340425,245,21.33402995471961,0.5106382978723404
ep_051_whisperx_diarized.gender.host_guest,SPEAKER_01,HOST,male,1767,93,12,6.791171477079796,9,5.093378607809847,1,0.5659309564233164,0.010752688172043012,0,0.0,0.0,0,0.0,0.0,0,0.0,0.0,0,0.0,0.0,0,0.0,0.0,0,0.0,0.0,34,19.24165251839276,0.26881720430107525,20,11.318619128466326,0.1827956989247312,6,3.395585738539898,0.06451612903225806,0,0.0,0.0,0,0.0,0.0,9,5.093378607809847,0.0967741935483871,31,17.543859649122805,0.21505376344086022,33,18.67572156196944,0.20430107526881722,22,12.45048104131296,0.16129032258064516,16,9.054895302773062,0.13978494623655913,34,19.24165251839276,0.21505376344086022,6,3.395585738539898,0.053763440860215055,55,31.126202603282398,0.3655913978494624,21,11.884550084889643,0.1827956989247312
ep_052_whisperx_diarized.gender.host_guest,SPEAKER_01,GUEST,female,6263,77,15,2.3950183618074403,3,0.4790036723614881,0,0.0,0.0,0,0.0,0.0,0,0.0,0.0,0,0.0,0.0,1,0.1596678907871627,0.012987012987012988,0,0.0,0.0,1,0.1596678907871627,0.012987012987012988,48,7.66405875778381,0.2987012987012987,12,1.9160146894459524,0.11688311688311688,1,0.1596678907871627,0.012987012987012988,0,0.0,0.0,3,0.4790036723614881,0.03896103896103896,1,0.1596678907871627,0.012987012987012988,116,18.521475331310874,0.5584415584415584,54,8.622066102506786,0.33766233766233766,54,8.622066102506786,0.3246753246753247,23,3.6723614881047424,0.2077922077922078,136,21.71483314705413,0.4805194805194805,27,4.311033051253393,0.18181818181818182,135,21.555165256266964,0.5714285714285714,96,15.32811751556762,0.42857142857142855
ep_052_whisperx_diarized.gender.host_guest,SPEAKER_00,HOST,male,1936,76,7,3.615702479338843,2,1.0330578512396695,0,0.0,0.0,0,0.0,0.0,0,0.0,0.0,0,0.0,0.0,0,0.0,0.0,0,0.0,0.0,0,0.0,0.0,20,10.330578512396695,0.21052631578947367,5,2.5826446280991737,0.039473684210526314,0,0.0,0.0,3,1.5495867768595042,0.039473684210526314,2,1.0330578512396695,0.02631578947368421,7,3.615702479338843,0.09210526315789473,25,12.913223140495868,0.25,24,12.396694214876034,0.2236842105263158,14,7.231404958677686,0.14473684210526316,25,12.913223140495868,0.2236842105263158,103,53.20247933884298,0.5526315789473685,16,8.264462809917356,0.18421052631578946,48,24.793388429752067,0.35526315789473684,16,8.264462809917356,0.18421052631578946
ep_053_whisperx_diarized.gender.host_guest,SPEAKER_01,GUEST,female,14647,125,59,4.028128627022599,25,1.7068341639926266,0,0.0,0.0,8,0.5461869324776405,0.064,0,0.0,0.0,0,0.0,0.0,1,0.06827336655970506,0.008,0,0.0,0.0,0,0.0,0.0,146,9.967911517716939,0.536,31,2.1164743633508567,0.168,13,0.8875537652761658,0.096,0,0.0,0.0,11,0.7510070321567556,0.072,3,0.2048200996791152,0.024,371,25.329418993650577,0.76,286,19.526182836075645,0.624,149,10.172731617396053,0.392,95,6.48596982317198,0.44,506,34.546323479210756,0.736,58,3.9598552604628936,0.328,410,27.992080289479077,0.736,281,19.18481600327712,0.592
ep_053_whisperx_diarized.gender.host_guest,SPEAKER_00,HOST,male,4610,125,36,7.809110629067246,23,4.989154013015185,0,0.0,0.0,3,0.6507592190889371,0.024,0,0.0,0.0,2,0.4338394793926247,0.016,0,0.0,0.0,0,0.0,0.0,1,0.21691973969631234,0.008,72,15.618221258134492,0.32,45,9.761388286334057,0.216,19,4.121475054229935,0.12,7,1.5184381778741864,0.056,0,0.0,0.0,19,4.121475054229935,0.152,97,21.041214750542302,0.368,74,16.052060737527114,0.32,35,7.592190889370932,0.176,46,9.97830802603037,0.256,139,30.15184381778742,0.528,18,3.904555314533623,0.112,223,48.37310195227766,0.584,82,17.787418655097614,0.384
ep_054_whisperx_diarized.gender.host_guest,SPEAKER_00,GUEST,male,15669,159,34,2.169889590911992,24,1.5316867700555237,2,0.12764056417129363,0.012578616352201259,0,0.0,0.0,1,0.06382028208564682,0.006289308176100629,4,0.25528112834258726,0.018867924528301886,4,0.25528112834258726,0.025157232704402517,0,0.0,0.0,0,0.0,0.0,80,5.105622566851745,0.3018867924528302,18,1.1487650775416427,0.0880503144654088,16,1.021124513370349,0.0880503144654088,1,0.06382028208564682,0.006289308176100629,2,0.12764056417129363,0.012578616352201259,4,0.25528112834258726,0.025157232704402517,336,21.44361478077733,0.6163522012578616,248,15.827429957240412,0.4591194968553459,123,7.849894696534559,0.34591194968553457,164,10.466526262046077,0.4088050314465409,528,33.69710894122152,0.6729559748427673,99,6.318207926479035,0.32075471698113206,413,26.357776501372136,0.6352201257861635,456,29.10204863105495,0.6477987421383647
ep_054_whisperx_diarized.gender.host_guest,SPEAKER_01,HOST,male,3600,158,32,8.88888888888889,10,2.7777777777777777,2,0.5555555555555556,0.006329113924050633,0,0.0,0.0,1,0.2777777777777778,0.006329113924050633,0,0.0,0.0,1,0.2777777777777778,0.006329113924050633,0,0.0,0.0,0,0.0,0.0,47,13.055555555555557,0.24050632911392406,19,5.277777777777778,0.11392405063291139,6,1.6666666666666667,0.03164556962025317,0,0.0,0.0,3,0.8333333333333334,0.0189873417721519,16,4.444444444444445,0.10126582278481013,84,23.333333333333336,0.35443037974683544,41,11.38888888888889,0.1962025316455696,36,10.0,0.14556962025316456,33,9.166666666666666,0.17721518987341772,100,27.777777777777775,0.41139240506329117,6,1.6666666666666667,0.0379746835443038,99,27.5,0.33544303797468356,80,22.22222222222222,0.25316455696202533
ep_055_whisperx_diarized.gender.host_guest,SPEAKER_00,GUEST,female,17161,299,148,8.624206048598566,90,5.2444496241477765,1,0.058271662490530854,0.0033444816053511705,0,0.0,0.0,0,0.0,0.0,1,0.058271662490530854,0.0033444816053511705,0,0.0,0.0,0,0.0,0.0,0,0.0,0.0,246,14.334828972670591,0.3712374581939799,85,4.953091311695123,0.18729096989966554,17,0.9906182623390246,0.05016722408026756,2,0.11654332498106171,0.006688963210702341,3,0.17481498747159255,0.010033444816053512,4,0.23308664996212342,0.013377926421404682,465,27.09632305809685,0.4280936454849498,513,29.893362857642327,0.46488294314381273,228,13.285939047841035,0.2608695652173913,152,8.85729269856069,0.2909698996655518,464,27.038051395606317,0.44816053511705684,66,3.8459297243750368,0.15384615384615385,535,31.175339432434008,0.5618729096989966,268,15.616805547462269,0.3177257525083612
ep_055_whisperx_diarized.gender.host_guest,SPEAKER_01,HOST,male,4740,298,39,8.227848101265824,17,3.586497890295359,5,1.0548523206751055,0.010067114093959731,3,0.6329113924050633,0.010067114093959731,1,0.2109704641350211,0.003355704697986577,1,0.2109704641350211,0.003355704697986577,0,0.0,0.0,1,0.2109704641350211,0.003355704697986577,0,0.0,0.0,67,14.135021097046414,0.1610738255033557,40,8.438818565400844,0.10738255033557047,3,0.6329113924050633,0.010067114093959731,2,0.4219409282700422,0.006711409395973154,2,0.4219409282700422,0.006711409395973154,33,6.962025316455696,0.11073825503355705,93,19.620253164556964,0.2214765100671141,115,24.261603375527425,0.174496644295302,37,7.805907172995781,0.07718120805369127,58,12.236286919831224,0.13758389261744966,178,37.552742616033754,0.31543624161073824,22,4.641350210970464,0.07046979865771812,205,43.24894514767932,0.40939597315436244,57,12.025316455696203,0.13087248322147652
ep_056_whisperx_diarized.gender.host_guest,SPEAKER_01,GUEST,male,29694,177,197,6.634336903078063,188,6.331245369434903,1,0.03367683707146225,0.005649717514124294,2,0.0673536741429245,0.011299435028248588,2,0.0673536741429245,0.011299435028248588,0,0.0,0.0,0,0.0,0.0,0,0.0,0.0,1,0.03367683707146225,0.005649717514124294,423,14.24530208122853,0.6384180790960452,245,8.25082508250825,0.519774011299435,33,1.111335623358254,0.13559322033898305,3,0.10103051121438673,0.01694915254237288,2,0.0673536741429245,0.011299435028248588,1,0.03367683707146225,0.005649717514124294,1101,37.07819761567994,0.8022598870056498,1011,34.04728227924833,0.672316384180791,455,15.322960867515324,0.519774011299435,149,5.017848723647875,0.3559322033898305,1122,37.78541119418064,0.768361581920904,65,2.1889944096450464,0.21468926553672316,1485,50.01010305112144,0.8305084745762712,667,22.46245032666532,0.6497175141242938
ep_056_whisperx_diarized.gender.host_guest,SPEAKER_00,HOST,male,5162,176,58,11.235955056179774,33,6.392870980240217,2,0.38744672607516467,0.011363636363636364,2,0.38744672607516467,0.011363636363636364,3,0.581170089112747,0.017045454545454544,1,0.19372336303758234,0.005681818181818182,0,0.0,0.0,1,0.19372336303758234,0.005681818181818182,0,0.0,0.0,93,18.016272762495156,0.32386363636363635,51,9.8798915149167,0.21022727272727273,7,1.3560635412630762,0.03977272727272727,1,0.19372336303758234,0.005681818181818182,0,0.0,0.0,4,0.7748934521503293,0.022727272727272728,110,21.309569934134057,0.3125,119,23.053080201472298,0.2897727272727273,41,7.942657884540875,0.14772727272727273,48,9.298721425803953,0.20454545454545456,182,35.25765207283998,0.48295454545454547,24,4.649360712901976,0.11931818181818182,218,42.231693142192945,0.4772727272727273,79,15.304145679969004,0.2784090909090909
ep_057_whisperx_diarized.gender.host_guest,SPEAKER_00,HOST,male,3228,227,28,8.674101610904586,12,3.717472118959108,1,0.3097893432465923,0.004405286343612335,3,0.929368029739777,0.013215859030837005,0,0.0,0.0,2,0.6195786864931846,0.004405286343612335,1,0.3097893432465923,0.004405286343612335,1,0.3097893432465923,0.004405286343612335,0,0.0,0.0,45,13.940520446096654,0.1277533039647577,14,4.337050805452293,0.05726872246696035,4,1.2391573729863692,0.01762114537444934,3,0.929368029739777,0.00881057268722467,2,0.6195786864931846,0.004405286343612335,15,4.646840148698885,0.06607929515418502,65,20.1363073110285,0.19823788546255505,36,11.152416356877323,0.09251101321585903,51,15.799256505576206,0.17180616740088106,34,10.532837670384138,0.11013215859030837,51,15.799256505576206,0.1277533039647577,13,4.0272614622057,0.05726872246696035,95,29.42998760842627,0.28193832599118945,24,7.434944237918216,0.0881057268722467
ep_057_whisperx_diarized.gender.host_guest,SPEAKER_01,GUEST,female,9784,226,32,3.270645952575634,31,3.1684382665576454,1,0.10220768601798856,0.004424778761061947,0,0.0,0.0,1,0.10220768601798856,0.004424778761061947,0,0.0,0.0,1,0.10220768601798856,0.004424778761061947,0,0.0,0.0,0,0.0,0.0,55,5.62142273098937,0.1902654867256637,17,1.7375306623058053,0.061946902654867256,7,0.7154538021259198,0.02654867256637168,0,0.0,0.0,4,0.40883074407195424,0.01327433628318584,2,0.20441537203597712,0.008849557522123894,265,27.085036794766967,0.5088495575221239,44,4.497138184791496,0.14601769911504425,152,15.53556827473426,0.3230088495575221,26,2.6573998364677025,0.09292035398230089,109,11.140637775960752,0.26548672566371684,11,1.124284546197874,0.04424778761061947,153,15.637775960752249,0.37610619469026546,44,4.497138184791496,0.1504424778761062
ep_058_whisperx_diarized.gender.host_guest,SPEAKER_01,GUEST,female,6180,137,41,6.634304207119741,38,6.148867313915858,0,0.0,0.0,0,0.0,0.0,0,0.0,0.0,0,0.0,0.0,0,0.0,0.0,0,0.0,0.0,1,0.16181229773462782,0.0072992700729927005,93,15.048543689320388,0.3357664233576642,57,9.223300970873787,0.22627737226277372,6,0.970873786407767,0.043795620437956206,0,0.0,0.0,2,0.32362459546925565,0.014598540145985401,3,0.4854368932038835,0.021897810218978103,167,27.02265372168285,0.5036496350364964,233,37.70226537216829,0.40145985401459855,80,12.944983818770227,0.25547445255474455,77,12.459546925566343,0.2773722627737226,130,21.035598705501616,0.34306569343065696,33,5.339805825242719,0.15328467153284672,190,30.744336569579286,0.5474452554744526,106,17.15210355987055,0.3284671532846715
ep_058_whisperx_diarized.gender.host_guest,SPEAKER_00,HOST,male,2238,137,9,4.021447721179625,9,4.021447721179625,4,1.7873100983020553,0.021897810218978103,1,0.44682752457551383,0.0072992700729927005,0,0.0,0.0,2,0.8936550491510277,0.014598540145985401,0,0.0,0.0,0,0.0,0.0,0,0.0,0.0,23,10.27703306523682,0.11678832116788321,17,7.596067917783735,0.0948905109489051,3,1.3404825737265416,0.021897810218978103,0,0.0,0.0,1,0.44682752457551383,0.0072992700729927005,12,5.361930294906166,0.08759124087591241,41,18.319928507596067,0.19708029197080293,29,12.957998212689903,0.12408759124087591,31,13.85165326184093,0.16058394160583941,21,9.383378016085791,0.12408759124087591,77,34.405719392314566,0.3357664233576642,10,4.468275245755138,0.058394160583941604,71,31.724754244861487,0.34306569343065696,26,11.61751563896336,0.15328467153284672
ep_059_whisperx_diarized.gender.host_guest,SPEAKER_00,GUEST,male,15705,267,197,12.543775867558102,76,4.83922317733206,1,0.06367398917542184,0.003745318352059925,1,0.06367398917542184,0.003745318352059925,0,0.0,0.0,2,0.1273479783508437,0.00749063670411985,1,0.06367398917542184,0.003745318352059925,0,0.0,0.0,0,0.0,0.0,292,18.592804839223177,0.46441947565543074,152,9.67844635466412,0.2883895131086142,13,0.8277618592804838,0.0449438202247191,2,0.1273479783508437,0.00749063670411985,5,0.3183699458771092,0.0149812734082397,9,0.5730659025787965,0.033707865168539325,362,23.049984081502707,0.5243445692883895,256,16.300541228907992,0.41198501872659177,305,19.420566698503663,0.4157303370786517,140,8.914358484559056,0.3408239700374532,479,30.49984081502706,0.50187265917603,75,4.7755491881566385,0.20224719101123595,504,32.09169054441261,0.5917602996254682,341,21.712830308818848,0.49063670411985016
ep_059_whisperx_diarized.gender.host_guest,SPEAKER_01,HOST,male,3818,267,33,8.643268727082242,16,4.190675746464118,2,0.5238344683080147,0.003745318352059925,0,0.0,0.0,0,0.0,0.0,0,0.0,0.0,1,0.26191723415400736,0.003745318352059925,0,0.0,0.0,0,0.0,0.0,78,20.429544264012574,0.2247191011235955,48,12.572027239392353,0.15355805243445692,7,1.8334206390780514,0.02247191011235955,2,0.5238344683080147,0.00749063670411985,0,0.0,0.0,30,7.85751702462022,0.11235955056179775,68,17.8103719224725,0.20224719101123595,56,14.667365112624411,0.16104868913857678,63,16.500785751702463,0.1647940074906367,42,11.000523834468309,0.12734082397003746,110,28.81089575694081,0.30337078651685395,31,8.119434258774227,0.11610486891385768,159,41.64484023048717,0.3970037453183521,61,15.976951283394447,0.1947565543071161
ep_060_whisperx_diarized.gender.host_guest,SPEAKER_00,GUEST,male,12040,63,155,12.873754152823919,38,3.1561461794019934,1,0.08305647840531562,0.015873015873015872,0,0.0,0.0,0,0.0,0.0,1,0.08305647840531562,0.015873015873015872,1,0.08305647840531562,0.015873015873015872,0,0.0,0.0,0,0.0,0.0,228,18.93687707641196,0.6825396825396826,134,11.129568106312291,0.6507936507936508,11,0.9136212624584718,0.15873015873015872,0,0.0,0.0,7,0.5813953488372093,0.07936507936507936,0,0.0,0.0,268,22.259136212624583,0.7142857142857143,211,17.524916943521596,0.6666666666666666,122,10.132890365448505,0.3968253968253968,79,6.561461794019933,0.5555555555555556,430,35.714285714285715,0.8095238095238095,49,4.069767441860465,0.4126984126984127,336,27.906976744186046,0.8571428571428571,98,8.13953488372093,0.5396825396825397
ep_060_whisperx_diarized.gender.host_guest,SPEAKER_01,HOST,male,4251,62,40,9.409550693954364,17,3.9990590449306045,0,0.0,0.0,2,0.4704775346977182,0.016129032258064516,0,0.0,0.0,2,0.4704775346977182,0.03225806451612903,0,0.0,0.0,0,0.0,0.0,0,0.0,0.0,68,15.996236179722418,0.532258064516129,34,7.998118089861209,0.3548387096774194,15,3.5285815102328866,0.16129032258064516,3,0.7057163020465773,0.04838709677419355,1,0.2352387673488591,0.016129032258064516,4,0.9409550693954364,0.06451612903225806,67,15.760997412373557,0.5,54,12.70289343683839,0.3387096774193548,44,10.3505057633498,0.3225806451612903,37,8.703834391907787,0.43548387096774194,119,27.993413314514232,0.5806451612903226,15,3.5285815102328866,0.20967741935483872,181,42.578216890143494,0.7903225806451613,44,10.3505057633498,0.3709677419354839
ep_061_whisperx_diarized.gender.host_guest,SPEAKER_00,GUEST,female,16352,249,49,2.996575342465753,33,2.018101761252446,1,0.0611545988258317,0.004016064257028112,0,0.0,0.0,2,0.1223091976516634,0.008032128514056224,0,0.0,0.0,0,0.0,0.0,0,0.0,0.0,0,0.0,0.0,118,7.21624266144814,0.27710843373493976,45,2.7519569471624266,0.13253012048192772,10,0.611545988258317,0.03614457831325301,0,0.0,0.0,1,0.0611545988258317,0.004016064257028112,8,0.4892367906066536,0.0321285140562249,344,21.037181996086105,0.42168674698795183,276,16.87866927592955,0.2931726907630522,163,9.968199608610567,0.30120481927710846,108,6.604696673189824,0.2248995983935743,565,34.55234833659492,0.5261044176706827,97,5.931996086105674,0.25301204819277107,483,29.53767123287671,0.5823293172690763,273,16.695205479452056,0.285140562248996
ep_061_whisperx_diarized.gender.host_guest,SPEAKER_01,HOST,male,5166,249,34,6.581494386372436,14,2.710027100271003,1,0.19357336430507163,0.004016064257028112,3,0.5807200929152149,0.012048192771084338,4,0.7742934572202865,0.01606425702811245,3,0.5807200929152149,0.012048192771084338,4,0.7742934572202865,0.01606425702811245,0,0.0,0.0,1,0.19357336430507163,0.004016064257028112,72,13.937282229965156,0.21285140562248997,37,7.16221447928765,0.0963855421686747,6,1.1614401858304297,0.024096385542168676,0,0.0,0.0,3,0.5807200929152149,0.012048192771084338,17,3.290747193186218,0.06827309236947791,112,21.680216802168022,0.3092369477911647,118,22.84165698799845,0.20481927710843373,46,8.904374758033295,0.15261044176706828,69,13.356562137049941,0.20080321285140562,137,26.519550909794813,0.26506024096385544,21,4.065040650406504,0.08032128514056225,193,37.359659310878826,0.39357429718875503,76,14.711575687185443,0.19678714859437751
ep_062_whisperx_diarized.gender.host_guest,SPEAKER_00,GUEST,male,9962,63,22,2.20839188917888,11,1.10419594458944,0,0.0,0.0,0,0.0,0.0,1,0.1003814495081309,0.015873015873015872,0,0.0,0.0,0,0.0,0.0,1,0.1003814495081309,0.015873015873015872,0,0.0,0.0,64,6.424412768520377,0.4603174603174603,22,2.20839188917888,0.2222222222222222,16,1.6061031921300943,0.12698412698412698,0,0.0,0.0,1,0.1003814495081309,0.015873015873015872,1,0.1003814495081309,0.015873015873015872,184,18.470186709496087,0.6507936507936508,105,10.540052198353745,0.42857142857142855,52,5.219835374422807,0.36507936507936506,34,3.4129692832764507,0.2857142857142857,132,13.250351335073278,0.42857142857142855,25,2.5095362377032724,0.2222222222222222,213,21.381248745231883,0.746031746031746,137,13.752258582613933,0.4444444444444444
ep_062_whisperx_diarized.gender.host_guest,SPEAKER_01,HOST,male,1825,62,23,12.602739726027398,6,3.2876712328767126,0,0.0,0.0,0,0.0,0.0,0,0.0,0.0,0,0.0,0.0,0,0.0,0.0,0,0.0,0.0,0,0.0,0.0,37,20.27397260273973,0.3548387096774194,17,9.315068493150685,0.16129032258064516,2,1.095890410958904,0.03225806451612903,0,0.0,0.0,0,0.0,0.0,6,3.2876712328767126,0.0967741935483871,47,25.753424657534246,0.46774193548387094,30,16.43835616438356,0.20967741935483872,24,13.15068493150685,0.1774193548387097,14,7.671232876712328,0.1935483870967742,39,21.36986301369863,0.3709677419354839,6,3.2876712328767126,0.0967741935483871,49,26.84931506849315,0.4032258064516129,11,6.027397260273973,0.12903225806451613
ep_063_whisperx_diarized.gender.host_guest,SPEAKER_00,HOST,male,2177,72,30,13.780431786862655,9,4.134129536058796,0,0.0,0.0,0,0.0,0.0,0,0.0,0.0,0,0.0,0.0,0,0.0,0.0,0,0.0,0.0,0,0.0,0.0,48,22.048690858980247,0.4444444444444444,22,10.105649977032614,0.2361111111111111,3,1.3780431786862655,0.041666666666666664,1,0.4593477262287552,0.013888888888888888,1,0.4593477262287552,0.013888888888888888,5,2.296738631143776,0.06944444444444445,26,11.943040881947635,0.25,46,21.129995406522738,0.3055555555555556,21,9.64630225080386,0.18055555555555555,27,12.40238860817639,0.2916666666666667,81,37.20716582452917,0.5,4,1.8373909049150208,0.05555555555555555,80,36.747818098300414,0.5277777777777778,26,11.943040881947635,0.25
ep_063_whisperx_diarized.gender.host_guest,SPEAKER_01,GUEST,male,8577,72,123,14.340678558936691,52,6.062725894835023,0,0.0,0.0,0,0.0,0.0,1,0.11659088259298123,0.013888888888888888,0,0.0,0.0,0,0.0,0.0,0,0.0,0.0,0,0.0,0.0,191,22.268858575259415,0.5972222222222222,116,13.524542380785821,0.5277777777777778,18,2.0986358866736623,0.19444444444444445,2,0.23318176518596245,0.027777777777777776,1,0.11659088259298123,0.013888888888888888,2,0.23318176518596245,0.027777777777777776,222,25.883175935641834,0.5416666666666666,316,36.842718899382064,0.5972222222222222,84,9.793634137810423,0.2777777777777778,105,12.24204267226303,0.6388888888888888,216,25.183630640083948,0.5555555555555556,26,3.0313629474175117,0.18055555555555555,328,38.24180949049784,0.7638888888888888,176,20.519995336364694,0.5416666666666666
ep_064_whisperx_diarized.gender.host_guest,SPEAKER_01,HOST,male,2855,219,24,8.406304728546411,18,6.304728546409807,4,1.4010507880910683,0.0136986301369863,2,0.7005253940455342,0.0091324200913242,0,0.0,0.0,0,0.0,0.0,0,0.0,0.0,0,0.0,0.0,0,0.0,0.0,36,12.609457092819614,0.1506849315068493,20,7.005253940455342,0.091324200913242,6,2.101576182136603,0.0273972602739726,0,0.0,0.0,2,0.7005253940455342,0.0091324200913242,19,6.654991243432574,0.0867579908675799,47,16.46234676007005,0.1780821917808219,58,20.315236427320492,0.1689497716894977,19,6.654991243432574,0.0684931506849315,63,22.066549912434326,0.2328767123287671,127,44.483362521891415,0.3881278538812785,23,8.056042031523642,0.0958904109589041,120,42.03152364273205,0.3515981735159817,34,11.908931698774081,0.1232876712328767
ep_064_whisperx_diarized.gender.host_guest,SPEAKER_00,GUEST,female,8988,219,102,11.348464619492658,39,4.339118825100133,10,1.1125945705384956,0.0319634703196347,2,0.22251891410769914,0.0091324200913242,0,0.0,0.0,2,0.22251891410769914,0.0091324200913242,1,0.11125945705384957,0.0045662100456621,0,0.0,0.0,0,0.0,0.0,179,19.915442812639075,0.3607305936073059,84,9.345794392523365,0.2374429223744292,4,0.4450378282153983,0.0182648401826484,1,0.11125945705384957,0.0045662100456621,0,0.0,0.0,8,0.8900756564307966,0.0365296803652968,251,27.926123720516244,0.410958904109589,522,58.077436582109485,0.5251141552511416,82,9.123275478415664,0.1506849315068493,222,24.699599465954606,0.4429223744292237,226,25.144637294170007,0.3835616438356164,34,3.7828215398308855,0.1095890410958904,408,45.39385847797063,0.5844748858447488,147,16.355140186915886,0.2602739726027397
ep_065_whisperx_diarized.gender.host_guest,SPEAKER_01,GUEST,male,10723,123,67,6.248251422176629,26,2.4246945817401846,2,0.18651496782616805,0.008130081300813009,0,0.0,0.0,1,0.09325748391308403,0.008130081300813009,0,0.0,0.0,0,0.0,0.0,0,0.0,0.0,0,0.0,0.0,131,12.216730392614007,0.5040650406504065,38,3.5437843886971927,0.21138211382113822,8,0.7460598713046722,0.04065040650406504,0,0.0,0.0,1,0.09325748391308403,0.008130081300813009,1,0.09325748391308403,0.008130081300813009,235,21.915508719574746,0.6422764227642277,131,12.216730392614007,0.37398373983739835,155,14.454910006528024,0.4146341463414634,36,3.357269420871025,0.21951219512195122,468,43.64450247132332,0.6910569105691057,62,5.781964002611209,0.34146341463414637,321,29.93565233609997,0.6829268292682927,210,19.584071621747643,0.5040650406504065
ep_065_whisperx_diarized.gender.host_guest,SPEAKER_00,HOST,male,5081,122,38,7.478842747490651,25,4.920291281243849,4,0.787246604999016,0.00819672131147541,1,0.196811651249754,0.00819672131147541,0,0.0,0.0,2,0.393623302499508,0.01639344262295082,2,0.393623302499508,0.01639344262295082,0,0.0,0.0,0,0.0,0.0,65,12.792757331234009,0.3442622950819672,33,6.494784491241881,0.23770491803278687,13,2.5585514662468016,0.08196721311475409,3,0.590434953749262,0.02459016393442623,5,0.98405825624877,0.040983606557377046,15,2.9521747687463096,0.12295081967213115,103,20.27160007872466,0.47540983606557374,78,15.351308797480812,0.2786885245901639,54,10.627829167486716,0.27049180327868855,27,5.313914583743358,0.18032786885245902,224,44.08580987994489,0.6147540983606558,21,4.133044676244833,0.14754098360655737,181,35.62290887620547,0.5327868852459017,73,14.36725054123204,0.3114754098360656
ep_066_whisperx_diarized.gender.host_guest,SPEAKER_01,GUEST,female,6258,146,40,6.391818472355386,42,6.7114093959731544,0,0.0,0.0,3,0.47938638542665385,0.0136986301369863,1,0.15979546180888463,0.00684931506849315,0,0.0,0.0,0,0.0,0.0,0,0.0,0.0,0,0.0,0.0,112,17.89709172259508,0.363013698630137,75,11.984659635666347,0.273972602739726,9,1.4381591562799616,0.0547945205479452,3,0.47938638542665385,0.02054794520547945,1,0.15979546180888463,0.00684931506849315,3,0.47938638542665385,0.02054794520547945,175,27.96420581655481,0.4315068493150685,336,53.691275167785236,0.4657534246575342,43,6.871204857782039,0.15753424657534246,109,17.417705337168425,0.4589041095890411,196,31.319910514541387,0.4383561643835616,25,3.994886545222115,0.136986301369863,375,59.92329817833174,0.6506849315068494,64,10.226909555768616,0.2191780821917808
ep_066_whisperx_diarized.gender.host_guest,SPEAKER_00,HOST,male,3255,146,33,10.138248847926269,19,5.837173579109063,0,0.0,0.0,3,0.9216589861751152,0.02054794520547945,1,0.30721966205837176,0.00684931506849315,0,0.0,0.0,0,0.0,0.0,1,0.30721966205837176,0.00684931506849315,0,0.0,0.0,66,20.276497695852537,0.2876712328767123,50,15.360983102918587,0.2465753424657534,3,0.9216589861751152,0.02054794520547945,1,0.30721966205837176,0.00684931506849315,1,0.30721966205837176,0.00684931506849315,18,5.529953917050691,0.1232876712328767,74,22.73425499231951,0.2465753424657534,98,30.107526881720432,0.273972602739726,22,6.7588325652841785,0.08904109589041095,51,15.668202764976959,0.2328767123287671,137,42.08909370199693,0.3835616438356164,32,9.831029185867896,0.19863013698630136,180,55.29953917050692,0.5068493150684932,54,16.589861751152075,0.21232876712328766
ep_067_whisperx_diarized.gender.host_guest,SPEAKER_01,GUEST,male,8866,45,149,16.805774870291,57,6.429054816151591,0,0.0,0.0,0,0.0,0.0,0,0.0,0.0,0,0.0,0.0,0,0.0,0.0,0,0.0,0.0,0,0.0,0.0,218,24.58831491089556,0.7777777777777778,115,12.970900067674261,0.6666666666666666,11,1.2406947890818858,0.2,0,0.0,0.0,0,0.0,0.0,0,0.0,0.0,177,19.963907060681255,0.7777777777777778,233,26.280171441461764,0.7333333333333333,211,23.798781863297993,0.7111111111111111,53,5.977893074667269,0.6444444444444445,405,45.68012632528762,0.7777777777777778,65,7.331378299120235,0.6222222222222222,394,44.439431536205724,0.9333333333333333,115,12.970900067674261,0.6222222222222222
ep_067_whisperx_diarized.gender.host_guest,SPEAKER_00,HOST,male,2455,44,18,7.3319755600814664,8,3.258655804480652,0,0.0,0.0,0,0.0,0.0,0,0.0,0.0,0,0.0,0.0,0,0.0,0.0,0,0.0,0.0,0,0.0,0.0,36,14.663951120162933,0.4772727272727273,16,6.517311608961304,0.25,0,0.0,0.0,1,0.4073319755600815,0.022727272727272728,4,1.629327902240326,0.09090909090909091,8,3.258655804480652,0.18181818181818182,21,8.55397148676171,0.3181818181818182,75,30.54989816700611,0.5454545454545454,8,3.258655804480652,0.1590909090909091,26,10.590631364562118,0.38636363636363635,69,28.10590631364562,0.6590909090909091,6,2.443991853360489,0.09090909090909091,84,34.21588594704684,0.7272727272727273,26,10.590631364562118,0.3409090909090909
ep_068_whisperx_diarized.gender.host_guest,SPEAKER_00,GUEST,male,7949,23,47,5.912693420556045,2,0.2516039753428104,1,0.1258019876714052,0.043478260869565216,1,0.1258019876714052,0.043478260869565216,0,0.0,0.0,1,0.1258019876714052,0.043478260869565216,1,0.1258019876714052,0.043478260869565216,0,0.0,0.0,1,0.1258019876714052,0.043478260869565216,80,10.064159013712416,0.782608695652174,31,3.899861617813561,0.5217391304347826,1,0.1258019876714052,0.043478260869565216,0,0.0,0.0,0,0.0,0.0,1,0.1258019876714052,0.043478260869565216,211,26.5442193986665,0.9130434782608695,169,21.26053591646748,0.6956521739130435,125,15.725248458925652,0.782608695652174,84,10.567366964398037,0.6086956521739131,176,22.141149830167315,0.9130434782608695,26,3.2708516794565354,0.43478260869565216,251,31.57629890552271,0.9130434782608695,146,18.36709020002516,0.8260869565217391
ep_068_whisperx_diarized.gender.host_guest,SPEAKER_01,HOST,male,968,22,7,7.231404958677686,2,2.066115702479339,2,2.066115702479339,0.045454545454545456,0,0.0,0.0,0,0.0,0.0,0,0.0,0.0,1,1.0330578512396695,0.045454545454545456,0,0.0,0.0,0,0.0,0.0,11,11.363636363636363,0.2727272727272727,6,6.198347107438017,0.18181818181818182,1,1.0330578512396695,0.045454545454545456,0,0.0,0.0,1,1.0330578512396695,0.045454545454545456,3,3.0991735537190084,0.13636363636363635,18,18.59504132231405,0.45454545454545453,22,22.727272727272727,0.5,15,15.495867768595042,0.36363636363636365,19,19.628099173553718,0.5,33,34.090909090909086,0.5,3,3.0991735537190084,0.13636363636363635,27,27.892561983471076,0.5454545454545454,8,8.264462809917356,0.3181818181818182
ep_069_whisperx_diarized.gender.host_guest,SPEAKER_00,HOST,male,3039,187,26,8.55544587035209,6,1.9743336623889436,1,0.3290556103981573,0.0053475935828877,0,0.0,0.0,0,0.0,0.0,0,0.0,0.0,1,0.3290556103981573,0.0053475935828877,0,0.0,0.0,1,0.3290556103981573,0.0053475935828877,54,17.769002961500494,0.2192513368983957,27,8.884501480750247,0.12299465240641712,2,0.6581112207963146,0.0106951871657754,4,1.3162224415926291,0.0213903743315508,1,0.3290556103981573,0.0053475935828877,18,5.923000987166831,0.0962566844919786,58,19.085225403093123,0.24598930481283424,62,20.40144784468575,0.1711229946524064,25,8.226390259953932,0.0962566844919786,41,13.49128002632445,0.17647058823529413,92,30.273116156630472,0.35294117647058826,12,3.948667324777887,0.058823529411764705,83,27.311615663047057,0.28342245989304815,51,16.781836130306022,0.2192513368983957
ep_069_whisperx_diarized.gender.host_guest,SPEAKER_01,GUEST,male,14423,187,54,3.744019968106497,16,1.1093392498093322,1,0.06933370311308326,0.0053475935828877,0,0.0,0.0,0,0.0,0.0,0,0.0,0.0,0,0.0,0.0,0,0.0,0.0,0,0.0,0.0,110,7.626707342439159,0.32085561497326204,22,1.525341468487832,0.10160427807486631,4,0.27733481245233305,0.0213903743315508,2,0.13866740622616652,0.0106951871657754,2,0.13866740622616652,0.0106951871657754,2,0.13866740622616652,0.0106951871657754,424,29.397490119947307,0.6470588235294118,68,4.714691811689662,0.20320855614973263,183,12.688067669694238,0.39037433155080214,29,2.010677390279415,0.12299465240641712,621,43.05622963322471,0.6417112299465241,62,4.298689593011162,0.2192513368983957,389,26.97081051098939,0.5989304812834224,448,31.061498994661303,0.6577540106951871
ep_070_whisperx_diarized.gender.host_guest,SPEAKER_00,GUEST,male,21941,136,103,4.694407729820884,32,1.4584567704297888,0,0.0,0.0,4,0.1823070963037236,0.022058823529411766,1,0.0455767740759309,0.007352941176470588,1,0.0455767740759309,0.007352941176470588,0,0.0,0.0,0,0.0,0.0,3,0.13673032222779272,0.022058823529411766,230,10.482658037464109,0.5367647058823529,71,3.2359509593910945,0.3088235294117647,17,0.7748051592908254,0.11029411764705882,1,0.0455767740759309,0.007352941176470588,4,0.1823070963037236,0.022058823529411766,1,0.0455767740759309,0.007352941176470588,454,20.691855430472632,0.7205882352941176,263,11.98669158196983,0.5147058823529411,120,5.469212889111709,0.39705882352941174,63,2.871336766783647,0.27205882352941174,995,45.34889020555125,0.6911764705882353,127,5.788250307643225,0.41911764705882354,581,26.480105738115856,0.6691176470588235,308,14.03764641538672,0.5147058823529411
ep_070_whisperx_diarized.gender.host_guest,SPEAKER_01,HOST,male,3554,135,14,3.9392234102419805,8,2.2509848058525606,0,0.0,0.0,0,0.0,0.0,2,0.5627462014631401,0.014814814814814815,1,0.28137310073157007,0.007407407407407408,1,0.28137310073157007,0.007407407407407408,0,0.0,0.0,0,0.0,0.0,30,8.441193021947102,0.17777777777777778,16,4.501969611705121,0.1111111111111111,3,0.8441193021947102,0.022222222222222223,3,0.8441193021947102,0.022222222222222223,2,0.5627462014631401,0.014814814814814815,8,2.2509848058525606,0.05925925925925926,85,23.916713562183457,0.4148148148148148,46,12.943162633652221,0.1925925925925926,32,9.003939223410242,0.17037037037037037,33,9.285312324141813,0.18518518518518517,99,27.855936972425436,0.37777777777777777,21,5.9088351153629715,0.1111111111111111,118,33.202025886325266,0.45185185185185184,33,9.285312324141813,0.2
ep_071_whisperx_diarized.gender.host_guest,SPEAKER_00,HOST,male,1545,79,10,6.472491909385114,7,4.53074433656958,0,0.0,0.0,1,0.6472491909385113,0.012658227848101266,0,0.0,0.0,0,0.0,0.0,1,0.6472491909385113,0.012658227848101266,0,0.0,0.0,0,0.0,0.0,26,16.828478964401295,0.25316455696202533,19,12.297734627831716,0.189873417721519,2,1.2944983818770226,0.02531645569620253,1,0.6472491909385113,0.012658227848101266,0,0.0,0.0,7,4.53074433656958,0.08860759493670886,29,18.77022653721683,0.21518987341772153,26,16.828478964401295,0.189873417721519,11,7.119741100323625,0.08860759493670886,23,14.88673139158576,0.189873417721519,56,36.24595469255664,0.4050632911392405,4,2.588996763754045,0.05063291139240506,27,17.475728155339805,0.3037974683544304,6,3.883495145631068,0.06329113924050633
ep_071_whisperx_diarized.gender.host_guest,SPEAKER_01,GUEST,male,8029,79,15,1.8682276746792876,4,0.4981940465811433,4,0.4981940465811433,0.05063291139240506,0,0.0,0.0,0,0.0,0.0,0,0.0,0.0,0,0.0,0.0,2,0.24909702329057165,0.012658227848101266,0,0.0,0.0,42,5.231037489102006,0.27848101265822783,14,1.7436791630340018,0.1518987341772152,1,0.12454851164528583,0.012658227848101266,1,0.12454851164528583,0.012658227848101266,1,0.12454851164528583,0.012658227848101266,3,0.3736455349358575,0.0379746835443038,108,13.45123925769087,0.5569620253164557,130,16.191306513887156,0.4936708860759494,74,9.216589861751151,0.3291139240506329,60,7.4729106987171505,0.3924050632911392,101,12.57939967617387,0.45569620253164556,25,3.113712791132146,0.25316455696202533,167,20.799601444762736,0.6582278481012658,118,14.696724374143729,0.3670886075949367
ep_072_whisperx_diarized.gender.host_guest,SPEAKER_00,HOST,male,2226,78,16,7.187780772686433,8,3.5938903863432166,2,0.8984725965858041,0.01282051282051282,0,0.0,0.0,2,0.8984725965858041,0.02564102564102564,0,0.0,0.0,0,0.0,0.0,1,0.44923629829290207,0.01282051282051282,0,0.0,0.0,45,20.21563342318059,0.4358974358974359,25,11.230907457322552,0.2948717948717949,5,2.2461814914645104,0.05128205128205128,2,0.8984725965858041,0.02564102564102564,1,0.44923629829290207,0.01282051282051282,11,4.941599281221923,0.14102564102564102,24,10.781671159029651,0.2692307692307692,47,21.114106019766396,0.2948717948717949,11,4.941599281221923,0.11538461538461539,23,10.332434860736747,0.21794871794871795,75,33.692722371967655,0.48717948717948717,6,2.6954177897574128,0.0641025641025641,68,30.548068283917342,0.5256410256410257,52,23.360287511230908,0.358974358974359
ep_072_whisperx_diarized.gender.host_guest,SPEAKER_01,GUEST,male,9656,78,51,5.28169014084507,58,6.006628003314002,0,0.0,0.0,0,0.0,0.0,0,0.0,0.0,0,0.0,0.0,0,0.0,0.0,0,0.0,0.0,0,0.0,0.0,98,10.149130074565038,0.47435897435897434,37,3.831814415907208,0.3076923076923077,32,3.314001657000828,0.21794871794871795,1,0.10356255178127588,0.01282051282051282,2,0.20712510356255176,0.02564102564102564,7,0.7249378624689313,0.08974358974358974,173,17.91632145816073,0.717948717948718,144,14.913007456503728,0.5,132,13.670256835128418,0.5256410256410257,69,7.145816072908037,0.44871794871794873,312,32.31151615575808,0.6410256410256411,52,5.385252692626346,0.34615384615384615,279,28.893951946975974,0.7051282051282052,213,22.058823529411764,0.6666666666666666
ep_073_whisperx_diarized.gender.host_guest,SPEAKER_01,HOST,male,4310,169,29,6.728538283062646,19,4.408352668213457,3,0.6960556844547563,0.005917159763313609,1,0.23201856148491878,0.005917159763313609,3,0.6960556844547563,0.01775147928994083,2,0.46403712296983757,0.011834319526627219,0,0.0,0.0,0,0.0,0.0,0,0.0,0.0,52,12.064965197215777,0.20118343195266272,26,6.0324825986078885,0.10650887573964497,3,0.6960556844547563,0.011834319526627219,4,0.9280742459396751,0.023668639053254437,2,0.46403712296983757,0.011834319526627219,18,4.176334106728539,0.10650887573964497,66,15.31322505800464,0.2603550295857988,107,24.825986078886313,0.2781065088757396,47,10.904872389791183,0.17751479289940827,43,9.976798143851507,0.1834319526627219,139,32.25058004640371,0.38461538461538464,22,5.104408352668214,0.11834319526627218,169,39.21113689095128,0.4378698224852071,61,14.153132250580047,0.1893491124260355
ep_073_whisperx_diarized.gender.host_guest,SPEAKER_00,GUEST,male,23039,169,146,6.3370806024567035,126,5.4689873692434565,3,0.13021398498198708,0.011834319526627219,2,0.08680932332132471,0.011834319526627219,0,0.0,0.0,5,0.2170233083033118,0.023668639053254437,2,0.08680932332132471,0.011834319526627219,0,0.0,0.0,1,0.043404661660662355,0.005917159763313609,228,9.896262858631017,0.44970414201183434,100,4.340466166066236,0.3076923076923077,34,1.47575849646252,0.1242603550295858,1,0.043404661660662355,0.005917159763313609,3,0.13021398498198708,0.01775147928994083,4,0.17361864664264942,0.023668639053254437,579,25.131299101523503,0.5680473372781065,675,29.29814662094709,0.5266272189349113,103,4.470680151048223,0.2781065088757396,199,8.637527670471808,0.4378698224852071,904,39.237814141238765,0.5680473372781065,88,3.819610226138287,0.2485207100591716,916,39.75867008116671,0.7159763313609467,301,13.064803159859368,0.44970414201183434
ep_074_whisperx_diarized.gender.host_guest,SPEAKER_01,HOST,male,4198,208,21,5.002382086707956,19,4.525964745116722,14,3.3349213911386375,0.04807692307692308,6,1.4292520247737017,0.02403846153846154,2,0.4764173415912339,0.009615384615384616,1,0.23820867079561694,0.004807692307692308,0,0.0,0.0,0,0.0,0.0,0,0.0,0.0,49,11.67222486898523,0.1875,31,7.3844687946641265,0.125,6,1.4292520247737017,0.028846153846153848,1,0.23820867079561694,0.004807692307692308,2,0.4764173415912339,0.009615384615384616,4,0.9528346831824678,0.019230769230769232,80,19.05669366364936,0.23076923076923078,92,21.915197713196758,0.25961538461538464,48,11.434016198189614,0.16826923076923078,60,14.292520247737018,0.21153846153846154,110,26.202953787517863,0.3605769230769231,21,5.002382086707956,0.09615384615384616,184,43.830395426393515,0.4855769230769231,46,10.957598856598379,0.1346153846153846
ep_074_whisperx_diarized.gender.host_guest,SPEAKER_00,GUEST,female,7204,207,56,7.773459189339256,41,5.691282620766241,9,1.249305941143809,0.028985507246376812,0,0.0,0.0,1,0.13881177123820101,0.004830917874396135,3,0.416435313714603,0.014492753623188406,0,0.0,0.0,0,0.0,0.0,1,0.13881177123820101,0.004830917874396135,106,14.714047751249307,0.2753623188405797,61,8.46751804553026,0.1932367149758454,2,0.27762354247640203,0.00966183574879227,1,0.13881177123820101,0.004830917874396135,2,0.27762354247640203,0.004830917874396135,4,0.5552470849528041,0.01932367149758454,201,27.9011660188784,0.4251207729468599,145,20.127706829539143,0.2753623188405797,93,12.909494725152694,0.2222222222222222,71,9.855635757912271,0.21739130434782608,284,39.422543031649084,0.42028985507246375,61,8.46751804553026,0.17391304347826086,378,52.47084952803998,0.5217391304347826,79,10.96612992781788,0.20772946859903382
ep_075_whisperx_diarized.gender.host_guest,SPEAKER_00,GUEST,male,11205,159,258,23.025435073627843,90,8.032128514056224,0,0.0,0.0,1,0.0892458723784025,0.006289308176100629,1,0.0892458723784025,0.006289308176100629,1,0.0892458723784025,0.006289308176100629,0,0.0,0.0,0,0.0,0.0,0,0.0,0.0,335,29.897367246764837,0.6415094339622641,165,14.72556894243641,0.4591194968553459,37,3.302097278000893,0.16352201257861634,5,0.44622936189201245,0.018867924528301886,3,0.2677376171352075,0.018867924528301886,4,0.35698348951361,0.025157232704402517,272,24.27487728692548,0.389937106918239,302,26.952253458277553,0.5911949685534591,126,11.244979919678716,0.2830188679245283,119,10.620258813029897,0.46540880503144655,335,29.897367246764837,0.5786163522012578,61,5.443998215082552,0.25157232704402516,536,47.835787594823735,0.6918238993710691,188,16.77822400713967,0.4591194968553459
ep_075_whisperx_diarized.gender.host_guest,SPEAKER_01,HOST,male,3139,158,46,14.654348518636509,11,3.504300732717426,0,0.0,0.0,0,0.0,0.0,0,0.0,0.0,0,0.0,0.0,0,0.0,0.0,0,0.0,0.0,0,0.0,0.0,80,25.48582351067219,0.3670886075949367,48,15.291494106403313,0.2468354430379747,5,1.592863969417012,0.03164556962025317,7,2.2300095571838168,0.04430379746835443,3,0.9557183816502071,0.012658227848101266,18,5.734310289901242,0.11392405063291139,38,12.10576616756929,0.189873417721519,54,17.202930869703728,0.189873417721519,40,12.742911755336095,0.18354430379746836,32,10.194329404268876,0.18354430379746836,116,36.954444090474674,0.45569620253164556,15,4.778591908251036,0.08860759493670886,119,37.91016247212488,0.4177215189873418,35,11.150047785919083,0.189873417721519
ep_076_whisperx_diarized.gender.host_guest,SPEAKER_00,GUEST,male,2192,45,13,5.930656934306569,3,1.3686131386861315,0,0.0,0.0,0,0.0,0.0,0,0.0,0.0,0,0.0,0.0,0,0.0,0.0,0,0.0,0.0,0,0.0,0.0,38,17.335766423357665,0.4888888888888889,14,6.386861313868613,0.17777777777777778,1,0.4562043795620438,0.022222222222222223,1,0.4562043795620438,0.022222222222222223,0,0.0,0.0,1,0.4562043795620438,0.022222222222222223,42,19.16058394160584,0.4444444444444444,23,10.492700729927007,0.26666666666666666,20,9.124087591240874,0.24444444444444444,11,5.018248175182482,0.15555555555555556,55,25.09124087591241,0.4222222222222222,15,6.843065693430657,0.2222222222222222,62,28.284671532846716,0.4888888888888889,83,37.86496350364964,0.4888888888888889
ep_076_whisperx_diarized.gender.host_guest,SPEAKER_01,HOST,male,804,44,6,7.462686567164179,0,0.0,0,0.0,0.0,0,0.0,0.0,0,0.0,0.0,0,0.0,0.0,1,1.243781094527363,0.022727272727272728,0,0.0,0.0,0,0.0,0.0,12,14.925373134328359,0.22727272727272727,2,2.487562189054726,0.045454545454545456,0,0.0,0.0,0,0.0,0.0,1,1.243781094527363,0.022727272727272728,6,7.462686567164179,0.13636363636363635,22,27.36318407960199,0.36363636363636365,5,6.218905472636816,0.06818181818181818,2,2.487562189054726,0.022727272727272728,7,8.706467661691542,0.13636363636363635,33,41.04477611940298,0.38636363636363635,4,4.975124378109452,0.09090909090909091,18,22.388059701492537,0.29545454545454547,16,19.90049751243781,0.20454545454545456
ep_077_whisperx_diarized.gender.host_guest,SPEAKER_00,GUEST,male,17872,90,34,1.9024171888988362,23,1.2869292748433303,1,0.05595344673231871,0.011111111111111112,0,0.0,0.0,0,0.0,0.0,1,0.05595344673231871,0.011111111111111112,0,0.0,0.0,1,0.05595344673231871,0.011111111111111112,0,0.0,0.0,130,7.2739480752014325,0.4888888888888889,35,1.958370635631155,0.23333333333333334,7,0.391674127126231,0.07777777777777778,1,0.05595344673231871,0.011111111111111112,8,0.4476275738585497,0.06666666666666667,1,0.05595344673231871,0.011111111111111112,185,10.351387645478962,0.5777777777777777,144,8.057296329453894,0.5333333333333333,454,25.402864816472697,0.6,56,3.133393017009848,0.37777777777777777,283,15.834825425246196,0.6111111111111112,46,2.5738585496866606,0.32222222222222224,561,31.389883616830794,0.7555555555555555,340,19.024171888988363,0.5666666666666667
ep_077_whisperx_diarized.gender.host_guest,SPEAKER_01,HOST,male,3486,89,26,7.458405048766495,12,3.442340791738382,0,0.0,0.0,2,0.5737234652897303,0.02247191011235955,0,0.0,0.0,1,0.28686173264486514,0.011235955056179775,1,0.28686173264486514,0.011235955056179775,0,0.0,0.0,1,0.28686173264486514,0.011235955056179775,50,14.34308663224326,0.33707865168539325,20,5.737234652897304,0.15730337078651685,9,2.581755593803787,0.0898876404494382,2,0.5737234652897303,0.02247191011235955,0,0.0,0.0,8,2.294893861158921,0.0898876404494382,58,16.637980493402182,0.3707865168539326,40,11.474469305794608,0.24719101123595505,57,16.351118760757316,0.33707865168539325,34,9.753298909925416,0.25842696629213485,54,15.49053356282272,0.3707865168539326,6,1.721170395869191,0.06741573033707865,106,30.407343660355707,0.6629213483146067,71,20.367183017785425,0.33707865168539325
ep_078_whisperx_diarized.gender.host_guest,SPEAKER_00,GUEST,female,8553,157,24,2.806032970887408,7,0.8184262831754939,2,0.23383608090728397,0.012738853503184714,1,0.11691804045364199,0.006369426751592357,0,0.0,0.0,1,0.11691804045364199,0.006369426751592357,0,0.0,0.0,0,0.0,0.0,0,0.0,0.0,56,6.547410265403951,0.16560509554140126,22,2.572196889980124,0.09554140127388536,6,0.701508242721852,0.03821656050955414,1,0.11691804045364199,0.006369426751592357,1,0.11691804045364199,0.006369426751592357,4,0.46767216181456794,0.025477707006369428,244,28.528001870688648,0.4840764331210191,49,5.728983982228458,0.1592356687898089,144,16.836197825324447,0.3375796178343949,27,3.156787092248334,0.12738853503184713,65,7.59967262948673,0.19745222929936307,6,0.701508242721852,0.03821656050955414,107,12.510230328539695,0.35668789808917195,72,8.418098912662224,0.2484076433121019
ep_078_whisperx_diarized.gender.host_guest,SPEAKER_01,HOST,male,2812,156,24,8.534850640113799,8,2.8449502133712663,0,0.0,0.0,1,0.3556187766714083,0.00641025641025641,0,0.0,0.0,0,0.0,0.0,0,0.0,0.0,0,0.0,0.0,0,0.0,0.0,38,13.513513513513514,0.1858974358974359,17,6.0455192034139404,0.10256410256410256,9,3.200568990042674,0.04487179487179487,5,1.7780938833570412,0.03205128205128205,2,0.7112375533428166,0.01282051282051282,9,3.200568990042674,0.057692307692307696,52,18.49217638691323,0.28846153846153844,18,6.401137980085348,0.09615384615384616,51,18.13655761024182,0.1987179487179487,28,9.95732574679943,0.14102564102564102,55,19.559032716927454,0.21153846153846154,3,1.0668563300142249,0.019230769230769232,57,20.27027027027027,0.2564102564102564,14,4.978662873399715,0.08333333333333333
ep_079_whisperx_diarized.gender.host_guest,SPEAKER_01,GUEST,male,12563,95,42,3.3431505213722836,22,1.751174082623577,2,0.15919764387487065,0.021052631578947368,1,0.07959882193743532,0.010526315789473684,1,0.07959882193743532,0.010526315789473684,1,0.07959882193743532,0.010526315789473684,0,0.0,0.0,0,0.0,0.0,0,0.0,0.0,103,8.198678659555839,0.3894736842105263,32,2.5471623019979304,0.21052631578947367,15,1.19398232906153,0.09473684210526316,0,0.0,0.0,0,0.0,0.0,1,0.07959882193743532,0.010526315789473684,312,24.834832444479822,0.631578947368421,155,12.337817400302477,0.3473684210526316,211,16.795351428798853,0.5473684210526316,55,4.377935206558943,0.3368421052631579,200,15.919764387487065,0.5052631578947369,35,2.785958767810236,0.21052631578947367,262,20.854891347608053,0.7263157894736842,132,10.507044495741464,0.4421052631578947
ep_079_whisperx_diarized.gender.host_guest,SPEAKER_00,HOST,male,3278,95,43,13.117754728492983,11,3.3557046979865772,2,0.6101281269066504,0.021052631578947368,1,0.3050640634533252,0.010526315789473684,2,0.6101281269066504,0.021052631578947368,1,0.3050640634533252,0.010526315789473684,1,0.3050640634533252,0.010526315789473684,0,0.0,0.0,1,0.3050640634533252,0.010526315789473684,68,20.744356314826113,0.3684210526315789,20,6.101281269066504,0.14736842105263157,4,1.2202562538133008,0.042105263157894736,4,1.2202562538133008,0.042105263157894736,0,0.0,0.0,5,1.525320317266626,0.05263157894736842,64,19.524100061012813,0.43157894736842106,42,12.812690665039659,0.2736842105263158,46,14.032946918852959,0.30526315789473685,27,8.23672971323978,0.21052631578947367,78,23.794996949359366,0.4,16,4.881025015253203,0.10526315789473684,103,31.421598535692493,0.5368421052631579,19,5.796217205613178,0.16842105263157894
ep_080_whisperx_diarized.gender.host_guest,SPEAKER_01,HOST,male,5448,284,45,8.259911894273127,22,4.038179148311307,0,0.0,0.0,1,0.18355359765051393,0.0035211267605633804,0,0.0,0.0,1,0.18355359765051393,0.0035211267605633804,6,1.1013215859030838,0.017605633802816902,0,0.0,0.0,0,0.0,0.0,92,16.886930983847282,0.22535211267605634,53,9.728340675477238,0.15492957746478872,11,2.0190895741556534,0.03873239436619718,3,0.5506607929515419,0.01056338028169014,1,0.18355359765051393,0.0035211267605633804,22,4.038179148311307,0.07746478873239436,106,19.456681350954476,0.28169014084507044,115,21.108663729809106,0.2147887323943662,40,7.342143906020558,0.09154929577464789,63,11.563876651982378,0.18309859154929578,167,30.653450807635828,0.3380281690140845,15,2.7533039647577096,0.04929577464788732,201,36.89427312775331,0.4225352112676056,152,27.900146842878122,0.31690140845070425
ep_080_whisperx_diarized.gender.host_guest,SPEAKER_00,GUEST,female,12170,283,81,6.6557107641741995,90,7.395234182415777,1,0.08216926869350863,0.0035335689045936395,0,0.0,0.0,0,0.0,0.0,0,0.0,0.0,0,0.0,0.0,0,0.0,0.0,0,0.0,0.0,184,15.119145439605587,0.254416961130742,73,5.99835661462613,0.13780918727915195,18,1.4790468364831553,0.053003533568904596,0,0.0,0.0,0,0.0,0.0,2,0.16433853738701726,0.007067137809187279,387,31.79950698438784,0.43109540636042404,231,18.981101068200495,0.254416961130742,123,10.106820049301561,0.1872791519434629,69,5.669679539852096,0.1519434628975265,454,37.30484798685291,0.4169611307420495,50,4.108463434675432,0.1166077738515901,447,36.729663105998355,0.5371024734982333,352,28.923582580115035,0.4098939929328622
ep_081_whisperx_diarized.gender.host_guest,SPEAKER_00,GUEST,male,13229,166,56,4.233124196840276,62,4.686673217930305,7,0.5291405246050345,0.018072289156626505,5,0.37795751757502455,0.012048192771084338,2,0.15118300703000984,0.006024096385542169,0,0.0,0.0,1,0.07559150351500492,0.006024096385542169,0,0.0,0.0,0,0.0,0.0,162,12.245823569430796,0.3614457831325301,61,4.6110817144153,0.1927710843373494,0,0.0,0.0,3,0.22677451054501474,0.018072289156626505,3,0.22677451054501474,0.012048192771084338,6,0.4535490210900295,0.03614457831325301,408,30.841333434122003,0.536144578313253,450,34.01617658175221,0.4578313253012048,186,14.060019653790913,0.3192771084337349,251,18.973467382266232,0.46987951807228917,315,23.811323607226548,0.4819277108433735,60,4.535490210900295,0.22289156626506024,547,41.348552422707684,0.6325301204819277,173,13.07733010809585,0.3674698795180723
ep_081_whisperx_diarized.gender.host_guest,SPEAKER_01,HOST,male,3745,165,29,7.743658210947931,8,2.1361815754339117,0,0.0,0.0,0,0.0,0.0,4,1.0680907877169559,0.01818181818181818,0,0.0,0.0,0,0.0,0.0,0,0.0,0.0,0,0.0,0.0,64,17.089452603471294,0.2909090909090909,36,9.612817089452605,0.18787878787878787,2,0.5340453938584779,0.012121212121212121,1,0.26702269692923897,0.006060606060606061,0,0.0,0.0,20,5.34045393858478,0.12121212121212122,61,16.288384512683578,0.24242424242424243,71,18.958611481975968,0.23030303030303031,21,5.607476635514018,0.09696969696969697,70,18.69158878504673,0.28484848484848485,82,21.895861148197596,0.3575757575757576,34,9.078771695594124,0.1696969696969697,170,45.39385847797063,0.46060606060606063,48,12.81708945260347,0.18787878787878787
ep_082_whisperx_diarized.gender.host_guest,SPEAKER_01,GUEST,male,12931,115,27,2.0880055680148484,12,0.9280024746732658,6,0.4640012373366329,0.02608695652173913,3,0.23200061866831645,0.02608695652173913,1,0.07733353955610549,0.008695652173913044,1,0.07733353955610549,0.008695652173913044,0,0.0,0.0,1,0.07733353955610549,0.008695652173913044,0,0.0,0.0,97,7.501353336942231,0.4,37,2.8613409635759033,0.23478260869565218,1,0.07733353955610549,0.008695652173913044,3,0.23200061866831645,0.02608695652173913,2,0.15466707911221098,0.017391304347826087,1,0.07733353955610549,0.008695652173913044,315,24.360064960173226,0.5826086956521739,502,38.821436857164954,0.6782608695652174,126,9.74402598406929,0.3130434782608696,175,13.53336942231846,0.48695652173913045,414,32.016085376227664,0.6956521739130435,58,4.4853452942541185,0.3565217391304348,409,31.629417678447144,0.7739130434782608,171,13.224035264094036,0.46956521739130436
ep_082_whisperx_diarized.gender.host_guest,SPEAKER_00,HOST,male,2881,115,19,6.594932315168344,5,1.7355085039916696,2,0.6942034015966678,0.008695652173913044,0,0.0,0.0,0,0.0,0.0,0,0.0,0.0,0,0.0,0.0,0,0.0,0.0,0,0.0,0.0,48,16.660881638320028,0.2782608695652174,18,6.24783061437001,0.1391304347826087,2,0.6942034015966678,0.017391304347826087,6,2.0826102047900035,0.05217391304347826,0,0.0,0.0,16,5.553627212773343,0.1391304347826087,52,18.049288441513365,0.28695652173913044,39,13.536966331135023,0.1826086956521739,27,9.371745921555016,0.1391304347826087,20,6.942034015966678,0.14782608695652175,117,40.610898993405065,0.5217391304347826,20,6.942034015966678,0.12173913043478261,85,29.50364456785838,0.4434782608695652,37,12.842762929538354,0.23478260869565218
ep_083_whisperx_diarized.gender.host_guest,SPEAKER_00,HOST,male,3084,78,17,5.512321660181582,23,7.457846952010376,7,2.269779507133593,0.038461538461538464,0,0.0,0.0,0,0.0,0.0,0,0.0,0.0,0,0.0,0.0,0,0.0,0.0,1,0.324254215304799,0.01282051282051282,57,18.482490272373543,0.3974358974358974,31,10.05188067444877,0.2692307692307692,11,3.5667963683527883,0.10256410256410256,3,0.9727626459143969,0.02564102564102564,1,0.324254215304799,0.01282051282051282,7,2.269779507133593,0.08974358974358974,65,21.076523994811932,0.41025641025641024,67,21.725032425421528,0.3076923076923077,39,12.645914396887159,0.2692307692307692,42,13.618677042801556,0.2948717948717949,136,44.09857328145266,0.5769230769230769,17,5.512321660181582,0.16666666666666666,140,45.39559014267185,0.5769230769230769,24,7.782101167315175,0.16666666666666666
ep_083_whisperx_diarized.gender.host_guest,SPEAKER_01,GUEST,male,5216,78,15,2.875766871165644,15,2.875766871165644,6,1.1503067484662577,0.05128205128205128,2,0.3834355828220859,0.02564102564102564,0,0.0,0.0,0,0.0,0.0,0,0.0,0.0,0,0.0,0.0,0,0.0,0.0,79,15.145705521472392,0.5,36,6.901840490797546,0.2948717948717949,8,1.5337423312883436,0.07692307692307693,0,0.0,0.0,2,0.3834355828220859,0.02564102564102564,3,0.5751533742331288,0.038461538461538464,120,23.006134969325153,0.5512820512820513,138,26.457055214723926,0.38461538461538464,74,14.187116564417177,0.28205128205128205,96,18.404907975460123,0.47435897435897434,265,50.805214723926376,0.6410256410256411,28,5.368098159509203,0.1794871794871795,192,36.809815950920246,0.6282051282051282,84,16.104294478527606,0.4230769230769231
ep_084_whisperx_diarized.gender.host_guest,SPEAKER_01,GUEST,male,24591,279,295,11.996258793867675,127,5.164491073970152,1,0.040665284047009066,0.0035842293906810036,1,0.040665284047009066,0.0035842293906810036,2,0.08133056809401813,0.007168458781362007,2,0.08133056809401813,0.007168458781362007,0,0.0,0.0,0,0.0,0.0,0,0.0,0.0,424,17.242080435931847,0.5340501792114696,284,11.548940669350575,0.4659498207885305,50,2.0332642023504537,0.11827956989247312,2,0.08133056809401813,0.007168458781362007,3,0.1219958521410272,0.010752688172043012,3,0.1219958521410272,0.010752688172043012,711,28.913016957423448,0.6523297491039427,694,28.221707128624296,0.6129032258064516,214,8.70237078605994,0.36200716845878134,188,7.645073400837704,0.4050179211469534,569,23.138546622748162,0.5663082437275986,48,1.9519336342564353,0.14336917562724014,916,37.24940018706031,0.7096774193548387,395,16.062787198568582,0.4838709677419355
ep_084_whisperx_diarized.gender.host_guest,SPEAKER_00,HOST,male,8366,278,107,12.789863734162084,30,3.5859431030360986,1,0.11953143676786995,0.0035971223021582736,0,0.0,0.0,1,0.11953143676786995,0.0035971223021582736,1,0.11953143676786995,0.0035971223021582736,0,0.0,0.0,1,0.11953143676786995,0.0035971223021582736,0,0.0,0.0,196,23.42816160650251,0.3669064748201439,126,15.060961032751614,0.2805755395683453,12,1.4343772412144393,0.04316546762589928,7,0.8367200573750896,0.02158273381294964,1,0.11953143676786995,0.0035971223021582736,18,2.151565861821659,0.06474820143884892,135,16.136743963662443,0.35251798561151076,139,16.614869710733924,0.2589928057553957,100,11.953143676786995,0.19784172661870503,109,13.028926607697825,0.2446043165467626,187,22.35237867559168,0.381294964028777,20,2.390628735357399,0.06474820143884892,307,36.69615108773607,0.4676258992805755,118,14.104709538608654,0.23381294964028776
ep_085_whisperx_diarized.gender.host_guest,SPEAKER_00,GUEST,male,7917,238,127,16.041429834533282,77,9.725906277630417,5,0.6315523556902868,0.012605042016806723,1,0.12631047113805732,0.004201680672268907,1,0.12631047113805732,0.004201680672268907,0,0.0,0.0,0,0.0,0.0,0,0.0,0.0,0,0.0,0.0,165,20.841227737779462,0.36134453781512604,111,14.020462296324364,0.27310924369747897,28,3.5366931918656053,0.09663865546218488,1,0.12631047113805732,0.004201680672268907,1,0.12631047113805732,0.004201680672268907,7,0.8841732979664013,0.029411764705882353,195,24.630541871921185,0.4117647058823529,333,42.0613868889731,0.4831932773109244,85,10.736390046734876,0.14705882352941177,186,23.493747631678666,0.4411764705882353,205,25.893646583301756,0.36134453781512604,35,4.420866489832007,0.12184873949579832,393,49.640015157256535,0.6428571428571429,102,12.883668056081849,0.2647058823529412
ep_085_whisperx_diarized.gender.host_guest,SPEAKER_01,HOST,male,4214,238,37,8.780256288561937,22,5.220692928334125,3,0.7119126720455624,0.012605042016806723,1,0.23730422401518747,0.004201680672268907,0,0.0,0.0,1,0.23730422401518747,0.004201680672268907,0,0.0,0.0,0,0.0,0.0,0,0.0,0.0,84,19.933554817275745,0.2773109243697479,54,12.814428096820125,0.19327731092436976,4,0.9492168960607499,0.01680672268907563,3,0.7119126720455624,0.012605042016806723,3,0.7119126720455624,0.012605042016806723,37,8.780256288561937,0.15546218487394958,71,16.84859990507831,0.18487394957983194,103,24.44233507356431,0.24789915966386555,28,6.644518272425249,0.09243697478991597,80,18.984337921214998,0.2605042016806723,154,36.544850498338874,0.3697478991596639,39,9.254864736592312,0.13865546218487396,189,44.85049833887044,0.46218487394957986,67,15.89938300901756,0.14285714285714285
ep_086_whisperx_diarized.gender.host_guest,SPEAKER_00,GUEST,male,8820,111,50,5.668934240362812,31,3.5147392290249435,0,0.0,0.0,1,0.11337868480725624,0.009009009009009009,1,0.11337868480725624,0.009009009009009009,0,0.0,0.0,0,0.0,0.0,1,0.11337868480725624,0.009009009009009009,0,0.0,0.0,116,13.151927437641724,0.4954954954954955,25,2.834467120181406,0.18018018018018017,2,0.22675736961451248,0.018018018018018018,2,0.22675736961451248,0.018018018018018018,6,0.6802721088435374,0.05405405405405406,1,0.11337868480725624,0.009009009009009009,237,26.87074829931973,0.6756756756756757,66,7.482993197278911,0.35135135135135137,114,12.92517006802721,0.34234234234234234,43,4.875283446712018,0.26126126126126126,272,30.839002267573697,0.6576576576576577,40,4.535147392290249,0.2882882882882883,254,28.798185941043084,0.7297297297297297,257,29.13832199546485,0.6576576576576577
ep_086_whisperx_diarized.gender.host_guest,SPEAKER_01,HOST,male,3728,111,41,10.99785407725322,17,4.560085836909871,0,0.0,0.0,0,0.0,0.0,1,0.26824034334763946,0.009009009009009009,4,1.0729613733905579,0.036036036036036036,2,0.5364806866952789,0.018018018018018018,0,0.0,0.0,0,0.0,0.0,66,17.703862660944207,0.3783783783783784,22,5.901287553648069,0.14414414414414414,9,2.4141630901287554,0.07207207207207207,4,1.0729613733905579,0.036036036036036036,2,0.5364806866952789,0.018018018018018018,9,2.4141630901287554,0.08108108108108109,92,24.678111587982833,0.4774774774774775,85,22.800429184549355,0.25225225225225223,20,5.364806866952789,0.13513513513513514,46,12.339055793991417,0.23423423423423423,123,32.993562231759654,0.43243243243243246,19,5.09656652360515,0.13513513513513514,104,27.89699570815451,0.46846846846846846,93,24.946351931330472,0.38738738738738737
ep_087_whisperx_diarized.gender.host_guest,SPEAKER_01,HOST,male,2065,54,25,12.106537530266344,4,1.937046004842615,1,0.48426150121065376,0.018518518518518517,0,0.0,0.0,0,0.0,0.0,0,0.0,0.0,0,0.0,0.0,1,0.48426150121065376,0.018518518518518517,0,0.0,0.0,50,24.213075060532688,0.5555555555555556,21,10.169491525423728,0.3888888888888889,0,0.0,0.0,2,0.9685230024213075,0.037037037037037035,0,0.0,0.0,6,2.905569007263922,0.1111111111111111,27,13.075060532687653,0.35185185185185186,53,25.66585956416465,0.37037037037037035,20,9.685230024213075,0.24074074074074073,17,8.232445520581114,0.2037037037037037,87,42.130750605326874,0.7222222222222222,3,1.452784503631961,0.05555555555555555,69,33.414043583535104,0.5925925925925926,19,9.200968523002421,0.2962962962962963
ep_087_whisperx_diarized.gender.host_guest,SPEAKER_00,GUEST,male,8045,54,92,11.435674331883158,44,5.469235550031075,0,0.0,0.0,1,0.12430080795525171,0.018518518518518517,0,0.0,0.0,0,0.0,0.0,0,0.0,0.0,0,0.0,0.0,0,0.0,0.0,160,19.88812927284027,0.7592592592592593,67,8.328154133001863,0.5740740740740741,10,1.243008079552517,0.16666666666666666,3,0.3729024238657552,0.037037037037037035,1,0.12430080795525171,0.018518518518518517,3,0.3729024238657552,0.05555555555555555,227,28.21628340584214,0.7407407407407407,234,29.0863890615289,0.7592592592592593,52,6.463642013673089,0.42592592592592593,70,8.70105655686762,0.5740740740740741,228,28.34058421379739,0.6851851851851852,38,4.723430702299565,0.42592592592592593,285,35.425730267246735,0.8703703703703703,99,12.305779987569919,0.5555555555555556
ep_088_whisperx_diarized.gender.host_guest,SPEAKER_01,HOST,male,3621,108,26,7.180336923501795,31,8.561170947252139,0,0.0,0.0,0,0.0,0.0,1,0.27616680475006905,0.009259259259259259,0,0.0,0.0,2,0.5523336095001381,0.018518518518518517,0,0.0,0.0,0,0.0,0.0,57,15.741507870753937,0.3055555555555556,40,11.046672190002763,0.28703703703703703,10,2.7616680475006907,0.037037037037037035,4,1.1046672190002762,0.037037037037037035,2,0.5523336095001381,0.018518518518518517,27,7.456503728251864,0.25,96,26.512013256006625,0.21296296296296297,56,15.465341066003866,0.12037037037037036,33,9.113504556752277,0.10185185185185185,29,8.008837337752002,0.1388888888888889,188,51.91935929301298,0.6851851851851852,32,8.83733775200221,0.1574074074074074,217,59.92819663076499,0.5555555555555556,47,12.979839823253245,0.2037037037037037
ep_088_whisperx_diarized.gender.host_guest,SPEAKER_00,GUEST,female,3071,107,97,31.585802670140023,55,17.909475740801042,0,0.0,0.0,0,0.0,0.0,0,0.0,0.0,0,0.0,0.0,0,0.0,0.0,0,0.0,0.0,0,0.0,0.0,124,40.37772712471507,0.42990654205607476,96,31.260175838489094,0.411214953271028,15,4.88440247476392,0.09345794392523364,0,0.0,0.0,2,0.6512536633018561,0.018691588785046728,0,0.0,0.0,112,36.47020514490394,0.4205607476635514,166,54.054054054054056,0.48598130841121495,1,0.32562683165092804,0.009345794392523364,62,20.188863562357536,0.3925233644859813,63,20.51449039400847,0.17757009345794392,1,0.32562683165092804,0.009345794392523364,238,77.49918593292088,0.48598130841121495,58,18.886356235753826,0.2336448598130841
ep_089_whisperx_diarized.gender.host_guest,SPEAKER_01,HOST,male,1292,72,3,2.3219814241486065,1,0.7739938080495357,1,0.7739938080495357,0.013888888888888888,2,1.5479876160990713,0.027777777777777776,0,0.0,0.0,2,1.5479876160990713,0.013888888888888888,2,1.5479876160990713,0.027777777777777776,0,0.0,0.0,0,0.0,0.0,8,6.191950464396285,0.08333333333333333,3,2.3219814241486065,0.041666666666666664,0,0.0,0.0,2,1.5479876160990713,0.027777777777777776,0,0.0,0.0,16,12.38390092879257,0.2222222222222222,22,17.02786377708978,0.2222222222222222,12,9.287925696594426,0.1111111111111111,12,9.287925696594426,0.1527777777777778,8,6.191950464396285,0.09722222222222222,44,34.05572755417956,0.3472222222222222,5,3.869969040247678,0.05555555555555555,37,28.63777089783282,0.4027777777777778,25,19.34984520123839,0.2777777777777778
ep_089_whisperx_diarized.gender.host_guest,SPEAKER_00,GUEST,male,5633,72,14,2.485354162968223,6,1.0651517841292384,2,0.3550505947097461,0.013888888888888888,1,0.17752529735487305,0.013888888888888888,0,0.0,0.0,2,0.3550505947097461,0.027777777777777776,0,0.0,0.0,0,0.0,0.0,0,0.0,0.0,38,6.7459612994851765,0.2777777777777778,5,0.8876264867743654,0.05555555555555555,0,0.0,0.0,1,0.17752529735487305,0.013888888888888888,2,0.3550505947097461,0.027777777777777776,1,0.17752529735487305,0.013888888888888888,144,25.563642819101723,0.625,41,7.278537191549796,0.3472222222222222,77,13.669447896325227,0.3333333333333333,29,5.148233623291319,0.2916666666666667,111,19.70530800639091,0.5416666666666666,25,4.438132433871827,0.25,161,28.58157287413456,0.7361111111111112,142,25.208592224391975,0.6805555555555556
ep_090_whisperx_diarized.gender.host_guest,SPEAKER_00,GUEST,male,22092,258,178,8.057215281549881,84,3.802281368821293,5,0.22632627195364838,0.01937984496124031,6,0.27159152634437805,0.023255813953488372,3,0.13579576317218903,0.011627906976744186,1,0.045265254390729676,0.003875968992248062,3,0.13579576317218903,0.011627906976744186,1,0.045265254390729676,0.003875968992248062,0,0.0,0.0,279,12.629005975013579,0.4108527131782946,146,6.608727141046533,0.3023255813953488,10,0.45265254390729676,0.03488372093023256,4,0.1810610175629187,0.015503875968992248,1,0.045265254390729676,0.003875968992248062,2,0.09053050878145935,0.007751937984496124,469,21.229404309252217,0.49224806201550386,903,40.8745247148289,0.5813953488372093,304,13.760637334781821,0.34108527131782945,255,11.542639869636067,0.4689922480620155,581,26.29911280101394,0.4844961240310077,111,5.024443237370995,0.26744186046511625,883,39.969219627014304,0.689922480620155,588,26.61596958174905,0.5
ep_090_whisperx_diarized.gender.host_guest,SPEAKER_01,HOST,male,6530,258,58,8.882082695252679,41,6.278713629402756,4,0.6125574272588055,0.015503875968992248,3,0.4594180704441041,0.011627906976744186,2,0.30627871362940273,0.007751937984496124,2,0.30627871362940273,0.007751937984496124,0,0.0,0.0,0,0.0,0.0,0,0.0,0.0,96,14.701378254211331,0.28294573643410853,52,7.9632465543644715,0.1821705426356589,8,1.225114854517611,0.031007751937984496,5,0.7656967840735069,0.01937984496124031,0,0.0,0.0,28,4.287901990811639,0.10852713178294573,134,20.520673813169985,0.28294573643410853,135,20.673813169984687,0.24806201550387597,93,14.241960183767228,0.17829457364341086,64,9.800918836140887,0.17054263565891473,268,41.04134762633997,0.5193798449612403,23,3.522205206738132,0.08139534883720931,256,39.20367534456355,0.5155038759689923,108,16.53905053598775,0.2868217054263566
ep_091_whisperx_diarized.gender.host_guest,SPEAKER_00,HOST,male,4505,81,46,10.21087680355161,17,3.7735849056603774,2,0.4439511653718091,0.024691358024691357,0,0.0,0.0,3,0.6659267480577136,0.037037037037037035,0,0.0,0.0,1,0.22197558268590456,0.012345679012345678,1,0.22197558268590456,0.012345679012345678,0,0.0,0.0,75,16.64816870144284,0.49382716049382713,49,10.876803551609322,0.35802469135802467,11,2.44173140954495,0.09876543209876543,0,0.0,0.0,2,0.4439511653718091,0.024691358024691357,4,0.8879023307436182,0.04938271604938271,111,24.639289678135405,0.5308641975308642,157,34.85016648168701,0.49382716049382713,21,4.661487236403996,0.16049382716049382,68,15.09433962264151,0.4567901234567901,161,35.73806881243063,0.5432098765432098,20,4.439511653718091,0.20987654320987653,214,47.502774694783575,0.7160493827160493,98,21.753607103218645,0.43209876543209874
ep_091_whisperx_diarized.gender.host_guest,SPEAKER_01,GUEST,male,9112,81,125,13.718173836698858,48,5.267778753292362,2,0.21949078138718173,0.024691358024691357,3,0.3292361720807726,0.037037037037037035,0,0.0,0.0,1,0.10974539069359086,0.012345679012345678,2,0.21949078138718173,0.024691358024691357,0,0.0,0.0,0,0.0,0.0,236,25.899912203687446,0.5555555555555556,162,17.77875329236172,0.5061728395061729,15,1.646180860403863,0.16049382716049382,0,0.0,0.0,0,0.0,0.0,3,0.3292361720807726,0.037037037037037035,224,24.582967515364356,0.6296296296296297,418,45.873573309920985,0.5925925925925926,119,13.059701492537313,0.32098765432098764,147,16.132572431957858,0.5308641975308642,379,41.593503072870945,0.6790123456790124,45,4.938542581211589,0.30864197530864196,403,44.227392449517126,0.7901234567901234,112,12.291483757682178,0.4691358024691358
ep_092_whisperx_diarized.gender.host_guest,SPEAKER_00,HOST,male,2370,151,21,8.860759493670887,5,2.109704641350211,1,0.4219409282700422,0.006622516556291391,0,0.0,0.0,0,0.0,0.0,0,0.0,0.0,0,0.0,0.0,0,0.0,0.0,0,0.0,0.0,48,20.253164556962027,0.23178807947019867,19,8.016877637130802,0.11920529801324503,6,2.5316455696202533,0.039735099337748346,0,0.0,0.0,2,0.8438818565400844,0.013245033112582781,22,9.282700421940929,0.1456953642384106,38,16.033755274261605,0.2119205298013245,51,21.518987341772153,0.2119205298013245,9,3.7974683544303796,0.052980132450331126,38,16.033755274261605,0.18543046357615894,109,45.9915611814346,0.48344370860927155,16,6.751054852320675,0.09933774834437085,93,39.24050632911393,0.3841059602649007,25,10.548523206751055,0.11920529801324503
ep_092_whisperx_diarized.gender.host_guest,SPEAKER_01,GUEST,female,4346,151,13,2.991256327657616,8,1.8407731247123793,3,0.6902899217671422,0.019867549668874173,0,0.0,0.0,0,0.0,0.0,0,0.0,0.0,1,0.2300966405890474,0.006622516556291391,0,0.0,0.0,0,0.0,0.0,34,7.823285780027611,0.17218543046357615,8,1.8407731247123793,0.046357615894039736,3,0.6902899217671422,0.019867549668874173,0,0.0,0.0,4,0.9203865623561897,0.013245033112582781,8,1.8407731247123793,0.052980132450331126,86,19.788311090658077,0.32450331125827814,118,27.15140358950759,0.37748344370860926,52,11.965025310630464,0.19205298013245034,71,16.336861481822364,0.304635761589404,116,26.6912103083295,0.3708609271523179,30,6.902899217671422,0.17218543046357615,199,45.78923147722043,0.5761589403973509,44,10.124252185918085,0.18543046357615894
ep_093_whisperx_diarized.gender.host_guest,SPEAKER_00,GUEST,female,14334,522,69,4.813729593972373,20,1.3952839402818473,8,0.5581135761127389,0.009578544061302681,10,0.6976419701409237,0.01532567049808429,3,0.2092925910422771,0.0038314176245210726,4,0.27905678805636946,0.007662835249042145,0,0.0,0.0,5,0.34882098507046183,0.009578544061302681,0,0.0,0.0,200,13.952839402818473,0.2049808429118774,101,7.046183898423329,0.1360153256704981,6,0.4185851820845542,0.011494252873563218,0,0.0,0.0,5,0.34882098507046183,0.009578544061302681,30,2.0929259104227707,0.05747126436781609,230,16.045765313241244,0.26053639846743293,494,34.46351332496163,0.3160919540229885,95,6.627598716338775,0.08812260536398467,342,23.85935537881959,0.3314176245210728,316,22.045486256453188,0.2662835249042146,63,4.395144411887819,0.08812260536398467,500,34.88209850704618,0.421455938697318,276,19.254918375889492,0.26436781609195403
ep_093_whisperx_diarized.gender.host_guest,SPEAKER_01,HOST,male,7374,522,33,4.475183075671278,29,3.932736642256577,9,1.2205044751830756,0.013409961685823755,3,0.4068348250610252,0.005747126436781609,1,0.13561160835367508,0.0019157088122605363,0,0.0,0.0,0,0.0,0.0,0,0.0,0.0,0,0.0,0.0,93,12.611879576891782,0.13409961685823754,61,8.27230810957418,0.09578544061302682,9,1.2205044751830756,0.013409961685823755,3,0.4068348250610252,0.0038314176245210726,9,1.2205044751830756,0.017241379310344827,51,6.916192026037429,0.09770114942528736,120,16.27339300244101,0.1475095785440613,139,18.850013561160836,0.11494252873563218,43,5.8312991592080285,0.04980842911877394,118,16.00216978573366,0.1724137931034483,305,41.361540547870895,0.32375478927203066,42,5.695687550854353,0.07088122605363985,299,40.547870897748844,0.3275862068965517,106,14.374830485489559,0.13793103448275862
ep_094_whisperx_diarized.gender.host_guest,SPEAKER_00,GUEST,male,12532,180,48,3.830194701563996,71,5.665496329396744,14,1.117140121289499,0.05555555555555555,8,0.6383657835939994,0.016666666666666666,1,0.07979572294924993,0.005555555555555556,5,0.39897861474624957,0.016666666666666666,1,0.07979572294924993,0.005555555555555556,0,0.0,0.0,0,0.0,0.0,137,10.932014044047238,0.32222222222222224,102,8.139163740823493,0.2722222222222222,10,0.7979572294924991,0.05,0,0.0,0.0,7,0.5585700606447495,0.022222222222222223,4,0.3191828917969997,0.022222222222222223,355,28.32748164698372,0.45,407,32.47685924034472,0.45,134,10.692626875199489,0.2388888888888889,226,18.033833386530482,0.45,299,23.858921161825723,0.4388888888888889,45,3.590807532716246,0.14444444444444443,586,46.76029364826045,0.6111111111111112,97,7.740185126077242,0.2722222222222222
ep_094_whisperx_diarized.gender.host_guest,SPEAKER_01,HOST,male,4208,180,47,11.169201520912548,27,6.416349809885932,5,1.188212927756654,0.022222222222222223,0,0.0,0.0,4,0.9505703422053232,0.022222222222222223,1,0.2376425855513308,0.005555555555555556,0,0.0,0.0,1,0.2376425855513308,0.005555555555555556,0,0.0,0.0,91,21.625475285171103,0.28888888888888886,55,13.070342205323195,0.21666666666666667,4,0.9505703422053232,0.022222222222222223,1,0.2376425855513308,0.005555555555555556,1,0.2376425855513308,0.005555555555555556,10,2.376425855513308,0.05555555555555555,91,21.625475285171103,0.25555555555555554,152,36.12167300380228,0.3055555555555556,29,6.891634980988593,0.13333333333333333,74,17.58555133079848,0.2833333333333333,130,30.893536121673005,0.4222222222222222,20,4.752851711026616,0.08888888888888889,211,50.1425855513308,0.55,55,13.070342205323195,0.20555555555555555
ep_095_whisperx_diarized.gender.host_guest,SPEAKER_01,HOST,male,2209,83,28,12.675418741511997,11,4.979628791308285,1,0.4526935264825713,0.012048192771084338,0,0.0,0.0,0,0.0,0.0,0,0.0,0.0,0,0.0,0.0,1,0.4526935264825713,0.012048192771084338,0,0.0,0.0,57,25.803531009506564,0.43373493975903615,25,11.317338162064281,0.24096385542168675,1,0.4526935264825713,0.012048192771084338,3,1.358080579447714,0.03614457831325301,1,0.4526935264825713,0.012048192771084338,5,2.263467632412856,0.060240963855421686,40,18.10774105930285,0.4457831325301205,43,19.46582163875057,0.27710843373493976,24,10.864644635581712,0.1686746987951807,23,10.41195110909914,0.2289156626506024,68,30.78315980081485,0.46987951807228917,2,0.9053870529651425,0.024096385542168676,99,44.816659121774556,0.6024096385542169,23,10.41195110909914,0.20481927710843373
ep_095_whisperx_diarized.gender.host_guest,SPEAKER_00,GUEST,male,12564,83,134,10.66539318688316,50,3.9796243234638653,5,0.3979624323463865,0.04819277108433735,2,0.1591849729385546,0.024096385542168676,2,0.1591849729385546,0.024096385542168676,0,0.0,0.0,0,0.0,0.0,0,0.0,0.0,0,0.0,0.0,208,16.555237185609677,0.6024096385542169,91,7.242916268704234,0.46987951807228917,11,0.8755173511620503,0.0963855421686747,1,0.0795924864692773,0.012048192771084338,3,0.2387774594078319,0.03614457831325301,1,0.0795924864692773,0.012048192771084338,251,19.977714103788603,0.6385542168674698,330,26.26552053486151,0.6265060240963856,132,10.506208213944603,0.39759036144578314,101,8.038841133397007,0.42168674698795183,451,35.89621139764406,0.6626506024096386,50,3.9796243234638653,0.43373493975903615,527,41.94524036930914,0.7710843373493976,214,17.03279210442534,0.5783132530120482
ep_096_whisperx_diarized.gender.host_guest,SPEAKER_01,HOST,male,5775,206,45,7.792207792207792,13,2.2510822510822512,1,0.17316017316017315,0.0048543689320388345,0,0.0,0.0,0,0.0,0.0,0,0.0,0.0,0,0.0,0.0,0,0.0,0.0,0,0.0,0.0,84,14.545454545454545,0.32038834951456313,33,5.714285714285714,0.15048543689320387,6,1.0389610389610389,0.02912621359223301,5,0.8658008658008658,0.024271844660194174,10,1.7316017316017316,0.038834951456310676,20,3.463203463203463,0.0970873786407767,82,14.1991341991342,0.30097087378640774,125,21.645021645021643,0.3058252427184466,60,10.38961038961039,0.11165048543689321,46,7.965367965367966,0.1650485436893204,208,36.01731601731602,0.48058252427184467,30,5.194805194805195,0.12135922330097088,238,41.21212121212121,0.558252427184466,39,6.753246753246753,0.15048543689320387
ep_096_whisperx_diarized.gender.host_guest,SPEAKER_00,GUEST,male,13466,205,191,14.183870488638052,96,7.129065795336403,1,0.0742611020347542,0.004878048780487805,2,0.1485222040695084,0.00975609756097561,0,0.0,0.0,1,0.0742611020347542,0.004878048780487805,0,0.0,0.0,0,0.0,0.0,0,0.0,0.0,281,20.86736967176593,0.4878048780487805,163,12.104559631664936,0.375609756097561,23,1.7080053467993466,0.09268292682926829,1,0.0742611020347542,0.004878048780487805,0,0.0,0.0,4,0.2970444081390168,0.01951219512195122,391,29.03609089558889,0.4926829268292683,349,25.917124610129214,0.45365853658536587,240,17.822664488341008,0.32195121951219513,124,9.20837665230952,0.3951219512195122,346,25.69434130402495,0.44878048780487806,38,2.8219218773206594,0.12682926829268293,548,40.695083915045295,0.6146341463414634,152,11.287687509282637,0.28292682926829266
ep_097_whisperx_diarized.gender.host_guest,SPEAKER_01,GUEST,female,4532,109,19,4.192409532215357,16,3.53045013239188,0,0.0,0.0,0,0.0,0.0,3,0.6619593998234775,0.027522935779816515,0,0.0,0.0,0,0.0,0.0,0,0.0,0.0,0,0.0,0.0,39,8.605472197705208,0.26605504587155965,24,5.29567519858782,0.1651376146788991,1,0.2206531332744925,0.009174311926605505,0,0.0,0.0,1,0.2206531332744925,0.009174311926605505,5,1.1032656663724625,0.045871559633027525,152,33.539276257722854,0.48623853211009177,258,56.92850838481906,0.5504587155963303,36,7.943512797881729,0.12844036697247707,69,15.225066195939982,0.3761467889908257,129,28.46425419240953,0.3853211009174312,11,2.4271844660194173,0.08256880733944955,203,44.79258605472198,0.5504587155963303,78,17.210944395410415,0.26605504587155965
ep_097_whisperx_diarized.gender.host_guest,SPEAKER_00,HOST,male,3554,108,18,5.064715813168261,34,9.56668542487338,0,0.0,0.0,0,0.0,0.0,1,0.28137310073157007,0.009259259259259259,0,0.0,0.0,0,0.0,0.0,0,0.0,0.0,0,0.0,0.0,52,14.631401238041642,0.2222222222222222,38,10.692177827799663,0.21296296296296297,8,2.2509848058525606,0.046296296296296294,1,0.28137310073157007,0.009259259259259259,0,0.0,0.0,22,6.1902082160945415,0.2037037037037037,101,28.418683173888578,0.26851851851851855,127,35.7343837929094,0.24074074074074073,24,6.752954417557682,0.12962962962962962,19,5.346088913899831,0.12962962962962962,203,57.11873944850873,0.5555555555555556,32,9.003939223410242,0.21296296296296297,140,39.392234102419806,0.37037037037037035,32,9.003939223410242,0.12962962962962962
ep_098_whisperx_diarized.gender.host_guest,SPEAKER_01,GUEST,female,9408,301,106,11.267006802721088,62,6.5901360544217695,6,0.6377551020408163,0.019933554817275746,2,0.21258503401360543,0.0033222591362126247,1,0.10629251700680271,0.0033222591362126247,1,0.10629251700680271,0.0033222591362126247,0,0.0,0.0,0,0.0,0.0,1,0.10629251700680271,0.0033222591362126247,187,19.87670068027211,0.3554817275747508,132,14.03061224489796,0.27906976744186046,30,3.188775510204082,0.08637873754152824,0,0.0,0.0,1,0.10629251700680271,0.0033222591362126247,5,0.5314625850340137,0.016611295681063124,251,26.67942176870748,0.38205980066445183,493,52.40221088435374,0.47840531561461797,99,10.52295918367347,0.18272425249169436,259,27.529761904761905,0.43853820598006643,176,18.707482993197278,0.31893687707641194,47,4.995748299319728,0.12956810631229235,458,48.68197278911565,0.5415282392026578,132,14.03061224489796,0.2823920265780731
ep_098_whisperx_diarized.gender.host_guest,SPEAKER_00,HOST,male,6111,301,37,6.0546555391916215,37,6.0546555391916215,3,0.49091801669121254,0.006644518272425249,5,0.8181966944853543,0.013289036544850499,3,0.49091801669121254,0.009966777408637873,1,0.16363933889707086,0.0033222591362126247,0,0.0,0.0,1,0.16363933889707086,0.0033222591362126247,0,0.0,0.0,85,13.909343806251021,0.21262458471760798,55,9.000163639338897,0.16279069767441862,13,2.127311405661921,0.03986710963455149,0,0.0,0.0,3,0.49091801669121254,0.006644518272425249,36,5.89101620029455,0.11960132890365449,133,21.76403207331042,0.292358803986711,140,22.909507445589917,0.24584717607973422,39,6.381934216985763,0.09966777408637874,95,15.545737195221731,0.2425249169435216,242,39.60072001309115,0.4418604651162791,29,4.745540828015055,0.08305647840531562,260,42.54622811323842,0.44518272425249167,115,18.81852397316315,0.23255813953488372
ep_099_whisperx_diarized.gender.host_guest,SPEAKER_01,HOST,male,6457,211,59,9.137370295803004,27,4.181508440452222,0,0.0,0.0,0,0.0,0.0,6,0.9292240978782716,0.02843601895734597,0,0.0,0.0,0,0.0,0.0,1,0.15487068297971193,0.004739336492890996,0,0.0,0.0,158,24.469567910794485,0.3981042654028436,115,17.810128542666874,0.3175355450236967,9,1.3938361468174074,0.037914691943127965,5,0.7743534148985597,0.023696682464454975,1,0.15487068297971193,0.004739336492890996,28,4.336379123431934,0.13270142180094788,132,20.442930153321974,0.3222748815165877,245,37.94331733002942,0.3459715639810427,52,8.053275514945021,0.10900473933649289,155,24.004955861855354,0.35545023696682465,177,27.412110887409014,0.38388625592417064,26,4.0266377574725105,0.10900473933649289,319,49.40374787052811,0.5118483412322274,117,18.119869908626296,0.25118483412322273
ep_099_whisperx_diarized.gender.host_guest,SPEAKER_00,GUEST,male,11875,211,91,7.663157894736842,97,8.168421052631578,3,0.25263157894736843,0.014218009478672985,3,0.25263157894736843,0.009478672985781991,7,0.5894736842105263,0.03317535545023697,0,0.0,0.0,1,0.08421052631578947,0.004739336492890996,0,0.0,0.0,0,0.0,0.0,187,15.74736842105263,0.3696682464454976,137,11.536842105263158,0.3222748815165877,9,0.7578947368421053,0.03317535545023697,2,0.16842105263157894,0.009478672985781991,5,0.4210526315789474,0.023696682464454975,14,1.1789473684210525,0.06635071090047394,447,37.642105263157895,0.5308056872037915,618,52.04210526315789,0.4265402843601896,72,6.063157894736842,0.14691943127962084,272,22.905263157894737,0.4218009478672986,290,24.42105263157895,0.5639810426540285,99,8.336842105263159,0.2985781990521327,499,42.02105263157895,0.5402843601895735,200,16.842105263157894,0.3412322274881517
ep_100_whisperx_diarized.gender.host_guest,SPEAKER_00,GUEST,male,8650,91,50,5.780346820809248,19,2.1965317919075145,2,0.23121387283236994,0.01098901098901099,0,0.0,0.0,0,0.0,0.0,0,0.0,0.0,0,0.0,0.0,0,0.0,0.0,0,0.0,0.0,90,10.404624277456648,0.45054945054945056,57,6.589595375722544,0.37362637362637363,5,0.5780346820809249,0.054945054945054944,0,0.0,0.0,0,0.0,0.0,1,0.11560693641618497,0.01098901098901099,220,25.433526011560694,0.6483516483516484,177,20.46242774566474,0.5714285714285714,122,14.104046242774567,0.37362637362637363,82,9.479768786127169,0.42857142857142855,301,34.79768786127168,0.5934065934065934,62,7.167630057803468,0.27472527472527475,242,27.976878612716764,0.7032967032967034,89,10.289017341040463,0.3626373626373626
ep_100_whisperx_diarized.gender.host_guest,SPEAKER_01,HOST,male,3163,91,27,8.53619981030667,17,5.374644325007904,5,1.5807777426493834,0.03296703296703297,1,0.3161555485298767,0.01098901098901099,0,0.0,0.0,0,0.0,0.0,0,0.0,0.0,0,0.0,0.0,1,0.3161555485298767,0.01098901098901099,60,18.969332911792602,0.2967032967032967,32,10.116977552956055,0.21978021978021978,9,2.84539993676889,0.08791208791208792,3,0.94846664558963,0.03296703296703297,1,0.3161555485298767,0.01098901098901099,12,3.79386658235852,0.13186813186813187,75,23.711666139740753,0.27472527472527475,118,37.30635472652545,0.24175824175824176,11,3.4777110338286437,0.10989010989010989,51,16.123932975023713,0.26373626373626374,151,47.73948782801138,0.5274725274725275,16,5.058488776478027,0.14285714285714285,126,39.83559911476446,0.45054945054945056,38,12.013910844135316,0.21978021978021978
ep_101_whisperx_diarized.gender.host_guest,SPEAKER_01,HOST,male,998,42,6,6.012024048096192,5,5.01002004008016,3,3.006012024048096,0.07142857142857142,0,0.0,0.0,0,0.0,0.0,0,0.0,0.0,0,0.0,0.0,0,0.0,0.0,0,0.0,0.0,15,15.03006012024048,0.21428571428571427,10,10.02004008016032,0.16666666666666666,1,1.002004008016032,0.023809523809523808,1,1.002004008016032,0.023809523809523808,1,1.002004008016032,0.023809523809523808,2,2.004008016032064,0.047619047619047616,15,15.03006012024048,0.11904761904761904,21,21.042084168336675,0.19047619047619047,11,11.022044088176353,0.21428571428571427,12,12.024048096192384,0.23809523809523808,58,58.116232464929865,0.47619047619047616,2,2.004008016032064,0.047619047619047616,33,33.06613226452906,0.5,6,6.012024048096192,0.11904761904761904
ep_101_whisperx_diarized.gender.host_guest,SPEAKER_00,GUEST,female,3319,41,17,5.122024706236818,31,9.340162699608317,1,0.30129557095510695,0.024390243902439025,0,0.0,0.0,0,0.0,0.0,0,0.0,0.0,0,0.0,0.0,0,0.0,0.0,0,0.0,0.0,34,10.244049412473636,0.3170731707317073,16,4.820729135281711,0.24390243902439024,15,4.519433564326604,0.24390243902439024,1,0.30129557095510695,0.024390243902439025,2,0.6025911419102139,0.04878048780487805,1,0.30129557095510695,0.024390243902439025,101,30.430852666465803,0.43902439024390244,62,18.680325399216635,0.3170731707317073,31,9.340162699608317,0.3170731707317073,15,4.519433564326604,0.21951219512195122,72,21.693281108767703,0.5365853658536586,10,3.0129557095510697,0.0975609756097561,80,24.103645676408558,0.6829268292682927,31,9.340162699608317,0.2682926829268293
ep_102_whisperx_diarized.gender.host_guest,SPEAKER_01,GUEST,male,17187,111,52,3.025542561238145,26,1.5127712806190725,2,0.1163670215860825,0.009009009009009009,2,0.1163670215860825,0.018018018018018018,0,0.0,0.0,1,0.05818351079304125,0.009009009009009009,2,0.1163670215860825,0.018018018018018018,0,0.0,0.0,1,0.05818351079304125,0.009009009009009009,115,6.691103741199744,0.45045045045045046,25,1.4545877698260312,0.2072072072072072,18,1.0473031942747426,0.13513513513513514,0,0.0,0.0,3,0.17455053237912377,0.02702702702702703,1,0.05818351079304125,0.009009009009009009,415,24.14615697911212,0.6486486486486487,121,7.040204805957992,0.3063063063063063,332,19.316925583289695,0.5855855855855856,64,3.72374469075464,0.2972972972972973,178,10.356664921161343,0.46846846846846846,28,1.629138302205155,0.1891891891891892,368,21.411531971839178,0.7027027027027027,165,9.600279280851806,0.4144144144144144
ep_102_whisperx_diarized.gender.host_guest,SPEAKER_00,HOST,male,4917,110,34,6.914785438275372,17,3.457392719137686,1,0.20337604230221681,0.00909090909090909,1,0.20337604230221681,0.00909090909090909,0,0.0,0.0,1,0.20337604230221681,0.00909090909090909,0,0.0,0.0,0,0.0,0.0,0,0.0,0.0,63,12.812690665039659,0.37272727272727274,27,5.491153142159853,0.19090909090909092,16,3.254016676835469,0.11818181818181818,4,0.8135041692088673,0.03636363636363636,1,0.20337604230221681,0.00909090909090909,5,1.016880211511084,0.045454545454545456,105,21.354484441732765,0.45454545454545453,51,10.372178157413057,0.22727272727272727,98,19.930852145617248,0.39090909090909093,30,6.101281269066504,0.18181818181818182,107,21.761236526337196,0.4,10,2.033760423022168,0.08181818181818182,154,31.319910514541387,0.6181818181818182,44,8.94854586129754,0.15454545454545454
ep_103_whisperx_diarized.gender.host_guest,SPEAKER_01,GUEST,male,5690,109,41,7.205623901581722,16,2.81195079086116,6,1.0544815465729351,0.05504587155963303,0,0.0,0.0,1,0.1757469244288225,0.009174311926605505,1,0.1757469244288225,0.009174311926605505,0,0.0,0.0,0,0.0,0.0,0,0.0,0.0,78,13.708260105448156,0.3119266055045872,44,7.73286467486819,0.22935779816513763,6,1.0544815465729351,0.045871559633027525,0,0.0,0.0,0,0.0,0.0,3,0.5272407732864676,0.027522935779816515,222,39.015817223198596,0.47706422018348627,318,55.887521968365554,0.43119266055045874,17,2.987697715289982,0.08256880733944955,86,15.114235500878735,0.3486238532110092,128,22.49560632688928,0.3944954128440367,14,2.460456942003515,0.12844036697247707,244,42.88224956063269,0.5963302752293578,99,17.398945518453427,0.3761467889908257
ep_103_whisperx_diarized.gender.host_guest,SPEAKER_00,HOST,male,5219,109,48,9.197164207702626,19,3.640544165548956,3,0.5748227629814141,0.027522935779816515,4,0.7664303506418855,0.03669724770642202,0,0.0,0.0,0,0.0,0.0,0,0.0,0.0,0,0.0,0.0,0,0.0,0.0,90,17.244682889442423,0.44954128440366975,59,11.30484767196781,0.3853211009174312,7,1.3412531136232995,0.06422018348623854,1,0.19160758766047137,0.009174311926605505,0,0.0,0.0,10,1.9160758766047135,0.09174311926605505,148,28.357922973749762,0.47706422018348627,147,28.16631538608929,0.3761467889908257,27,5.173404866832727,0.1743119266055046,74,14.178961486874881,0.3302752293577982,200,38.32151753209427,0.5779816513761468,30,5.74822762981414,0.21100917431192662,200,38.32151753209427,0.5963302752293578,139,26.633454684805518,0.43119266055045874
ep_104_whisperx_diarized.gender.host_guest,SPEAKER_00,GUEST,male,11966,67,29,2.423533344476015,18,1.5042620758816647,1,0.08357011532675916,0.014925373134328358,0,0.0,0.0,0,0.0,0.0,3,0.2507103459802774,0.029850746268656716,1,0.08357011532675916,0.014925373134328358,0,0.0,0.0,0,0.0,0.0,83,6.936319572121009,0.40298507462686567,41,3.426374728397125,0.2835820895522388,6,0.5014206919605548,0.05970149253731343,1,0.08357011532675916,0.014925373134328358,4,0.33428046130703665,0.05970149253731343,1,0.08357011532675916,0.014925373134328358,414,34.59802774527829,0.6567164179104478,132,11.031255223132208,0.3582089552238806,222,18.552565602540533,0.5522388059701493,34,2.841383921109811,0.2537313432835821,305,25.48888517466154,0.5970149253731343,24,2.0056827678422193,0.2537313432835821,420,35.09944843723884,0.6716417910447762,261,21.811800100284138,0.4626865671641791
ep_104_whisperx_diarized.gender.host_guest,SPEAKER_01,HOST,male,2733,66,32,11.708744968898646,6,2.1953896816684964,1,0.3658982802780827,0.015151515151515152,0,0.0,0.0,0,0.0,0.0,3,1.0976948408342482,0.045454545454545456,2,0.7317965605561654,0.030303030303030304,0,0.0,0.0,0,0.0,0.0,62,22.685693377241126,0.45454545454545453,30,10.976948408342482,0.3181818181818182,2,0.7317965605561654,0.030303030303030304,1,0.3658982802780827,0.015151515151515152,0,0.0,0.0,8,2.9271862422246615,0.12121212121212122,78,28.54006586169045,0.4696969696969697,116,42.444200512257595,0.4393939393939394,36,13.172338090010976,0.19696969696969696,29,10.611050128064399,0.2727272727272727,77,28.174167581412366,0.5,6,2.1953896816684964,0.09090909090909091,107,39.15111598975485,0.696969696969697,60,21.953896816684964,0.3787878787878788
ep_105_whisperx_diarized.gender.host_guest,SPEAKER_01,GUEST,male,15042,322,72,4.786597526924611,27,1.7949740725967291,2,0.13296104241457252,0.003105590062111801,7,0.46536364845100386,0.021739130434782608,2,0.13296104241457252,0.006211180124223602,1,0.06648052120728626,0.003105590062111801,1,0.06648052120728626,0.003105590062111801,8,0.5318441696582901,0.015527950310559006,1,0.06648052120728626,0.003105590062111801,212,14.093870495944687,0.2608695652173913,128,8.509506714532641,0.17080745341614906,3,0.19944156362185878,0.006211180124223602,0,0.0,0.0,8,0.5318441696582901,0.024844720496894408,9,0.5983246908655764,0.027950310559006212,290,19.279351150113015,0.3416149068322981,596,39.622390639542616,0.4472049689440994,134,8.90838984177636,0.14906832298136646,431,28.65310464034038,0.4409937888198758,311,20.67544209546603,0.3695652173913043,83,5.51788326020476,0.16149068322981366,450,29.91623454327882,0.4906832298136646,303,20.14359792580774,0.36024844720496896
ep_105_whisperx_diarized.gender.host_guest,SPEAKER_00,HOST,male,5783,321,39,6.743904547812554,34,5.8793014006570985,3,0.5187618882932734,0.006230529595015576,4,0.6916825177243646,0.012461059190031152,4,0.6916825177243646,0.009345794392523364,0,0.0,0.0,0,0.0,0.0,2,0.3458412588621823,0.003115264797507788,1,0.17292062943109116,0.003115264797507788,102,17.637904201971295,0.205607476635514,68,11.758602801314197,0.14641744548286603,13,2.247968182604185,0.040498442367601244,0,0.0,0.0,3,0.5187618882932734,0.009345794392523364,29,5.014698253501643,0.09034267912772585,137,23.690126232059484,0.20249221183800623,179,30.952792668165312,0.24610591900311526,32,5.533460141794917,0.06542056074766354,143,24.727650008646034,0.27414330218068533,208,35.96749092166696,0.37383177570093457,46,7.954348953830192,0.11526479750778816,240,41.50095106346187,0.3956386292834891,122,21.096316790593118,0.21495327102803738
ep_106_whisperx_diarized.gender.host_guest,SPEAKER_00,GUEST,male,6214,177,38,6.115223688445446,19,3.057611844222723,7,1.126488574187319,0.03389830508474576,0,0.0,0.0,0,0.0,0.0,1,0.160926939169617,0.005649717514124294,0,0.0,0.0,0,0.0,0.0,0,0.0,0.0,95,15.288059221113615,0.2711864406779661,46,7.402639201802382,0.1694915254237288,1,0.160926939169617,0.005649717514124294,0,0.0,0.0,1,0.160926939169617,0.005649717514124294,2,0.321853878339234,0.011299435028248588,158,25.426456388799487,0.3954802259887006,166,26.713871902156423,0.3559322033898305,84,13.517862890247827,0.1864406779661017,105,16.897328612809787,0.3502824858757062,149,23.978113936272933,0.3672316384180791,29,4.666881235918893,0.11299435028248588,265,42.6456388799485,0.5536723163841808,60,9.65561635017702,0.20903954802259886
ep_106_whisperx_diarized.gender.host_guest,SPEAKER_01,HOST,male,3031,176,32,10.557571758495547,9,2.9693170570768723,8,2.6393929396238867,0.028409090909090908,0,0.0,0.0,1,0.32992411745298583,0.005681818181818182,0,0.0,0.0,0,0.0,0.0,0,0.0,0.0,0,0.0,0.0,63,20.785219399538104,0.23295454545454544,37,12.207192345760474,0.1534090909090909,2,0.6598482349059717,0.011363636363636364,2,0.6598482349059717,0.011363636363636364,3,0.9897723523589574,0.017045454545454544,26,8.578027053777632,0.14772727272727273,58,19.135598812273177,0.19318181818181818,71,23.424612339161992,0.21022727272727273,30,9.897723523589574,0.13068181818181818,51,16.826129990102277,0.2215909090909091,138,45.52952820851204,0.4147727272727273,22,7.258330583965688,0.125,128,42.23028703398219,0.42045454545454547,35,11.547344110854503,0.13636363636363635
ep_107_whisperx_diarized.gender.host_guest,SPEAKER_01,HOST,male,2333,118,6,2.571795970852979,5,2.1431633090441493,6,2.571795970852979,0.03389830508474576,3,1.2858979854264896,0.025423728813559324,0,0.0,0.0,1,0.4286326618088298,0.00847457627118644,0,0.0,0.0,0,0.0,0.0,0,0.0,0.0,35,15.002143163309045,0.2033898305084746,20,8.572653236176597,0.11864406779661017,1,0.4286326618088298,0.00847457627118644,1,0.4286326618088298,0.00847457627118644,3,1.2858979854264896,0.025423728813559324,12,5.143591941705958,0.1016949152542373,56,24.00342906129447,0.2288135593220339,64,27.432490355765108,0.2288135593220339,20,8.572653236176597,0.1016949152542373,42,18.002571795970855,0.22033898305084745,124,53.1504500642949,0.4576271186440678,17,7.286755250750107,0.13559322033898305,84,36.00514359194171,0.3389830508474576,35,15.002143163309045,0.13559322033898305
ep_107_whisperx_diarized.gender.host_guest,SPEAKER_00,GUEST,male,10200,117,27,2.6470588235294117,6,0.588235294117647,5,0.49019607843137253,0.03418803418803419,6,0.588235294117647,0.042735042735042736,0,0.0,0.0,3,0.2941176470588235,0.02564102564102564,4,0.39215686274509803,0.03418803418803419,1,0.09803921568627451,0.008547008547008548,0,0.0,0.0,122,11.96078431372549,0.42735042735042733,56,5.490196078431373,0.29914529914529914,9,0.8823529411764707,0.06837606837606838,1,0.09803921568627451,0.008547008547008548,14,1.3725490196078431,0.08547008547008547,10,0.9803921568627451,0.08547008547008547,174,17.058823529411764,0.4358974358974359,460,45.09803921568627,0.6666666666666666,109,10.686274509803923,0.3076923076923077,261,25.58823529411765,0.5726495726495726,281,27.54901960784314,0.6324786324786325,89,8.725490196078432,0.42735042735042733,305,29.901960784313726,0.6923076923076923,158,15.490196078431373,0.38461538461538464
ep_108_whisperx_diarized.gender.host_guest,SPEAKER_01,GUEST,male,16947,138,33,1.9472473004071518,19,1.1211423850829056,6,0.3540449637103912,0.036231884057971016,2,0.11801498790346375,0.007246376811594203,0,0.0,0.0,0,0.0,0.0,2,0.11801498790346375,0.014492753623188406,0,0.0,0.0,0,0.0,0.0,74,4.366554552428159,0.2826086956521739,28,1.6522098306484925,0.14492753623188406,7,0.4130524576621231,0.050724637681159424,0,0.0,0.0,5,0.29503746975865935,0.036231884057971016,1,0.059007493951731875,0.007246376811594203,349,20.593615389154422,0.717391304347826,158,9.323184044373635,0.463768115942029,76,4.484569540331623,0.30434782608695654,100,5.900749395173187,0.38405797101449274,326,19.236443028264592,0.6811594202898551,53,3.127397179441789,0.2826086956521739,433,25.5502448810999,0.7391304347826086,369,21.773765268189063,0.7028985507246377
ep_108_whisperx_diarized.gender.host_guest,SPEAKER_00,HOST,male,2834,138,28,9.880028228652083,18,6.351446718419195,4,1.4114326040931546,0.014492753623188406,0,0.0,0.0,0,0.0,0.0,0,0.0,0.0,0,0.0,0.0,0,0.0,0.0,0,0.0,0.0,40,14.114326040931546,0.2246376811594203,22,7.762879322512351,0.15217391304347827,10,3.5285815102328866,0.07246376811594203,1,0.35285815102328866,0.007246376811594203,0,0.0,0.0,17,5.998588567395907,0.12318840579710146,51,17.99576570218772,0.2898550724637681,37,13.05575158786168,0.17391304347826086,23,8.115737473535638,0.11594202898550725,26,9.174311926605505,0.16666666666666666,97,34.227240649259,0.32608695652173914,18,6.351446718419195,0.10869565217391304,86,30.345800988002825,0.38405797101449274,70,24.700070571630206,0.36231884057971014
ep_109_whisperx_diarized.gender.host_guest,SPEAKER_00,HOST,male,2685,107,25,9.31098696461825,8,2.97951582867784,0,0.0,0.0,0,0.0,0.0,2,0.74487895716946,0.018691588785046728,1,0.37243947858473,0.009345794392523364,0,0.0,0.0,0,0.0,0.0,0,0.0,0.0,44,16.387337057728118,0.29906542056074764,24,8.938547486033519,0.19626168224299065,4,1.48975791433892,0.037383177570093455,2,0.74487895716946,0.018691588785046728,4,1.48975791433892,0.037383177570093455,7,2.60707635009311,0.06542056074766354,54,20.11173184357542,0.32710280373831774,60,22.3463687150838,0.2523364485981308,21,7.82122905027933,0.16822429906542055,24,8.938547486033519,0.19626168224299065,87,32.40223463687151,0.4672897196261682,17,6.33147113594041,0.14018691588785046,145,54.00372439478585,0.6261682242990654,27,10.05586592178771,0.21495327102803738
ep_109_whisperx_diarized.gender.host_guest,SPEAKER_01,GUEST,male,9997,106,48,4.801440432129639,40,4.001200360108033,2,0.20006001800540163,0.009433962264150943,0,0.0,0.0,1,0.10003000900270081,0.009433962264150943,0,0.0,0.0,0,0.0,0.0,0,0.0,0.0,0,0.0,0.0,84,8.402520756226867,0.4528301886792453,42,4.2012603781134334,0.2641509433962264,13,1.3003901170351106,0.09433962264150944,1,0.10003000900270081,0.009433962264150943,1,0.10003000900270081,0.009433962264150943,2,0.20006001800540163,0.018867924528301886,265,26.507952385715715,0.6509433962264151,328,32.809842952885866,0.660377358490566,66,6.6019805941782534,0.2830188679245283,133,13.303991197359208,0.4716981132075472,385,38.511553466039814,0.6792452830188679,51,5.1015304591377415,0.2830188679245283,433,43.31299389816945,0.7358490566037735,102,10.203060918275483,0.36792452830188677
ep_110_whisperx_diarized.gender.host_guest,SPEAKER_00,HOST,male,4826,245,55,11.396601740571901,27,5.594695399917115,0,0.0,0.0,0,0.0,0.0,2,0.41442188147534187,0.00816326530612245,0,0.0,0.0,1,0.20721094073767093,0.004081632653061225,0,0.0,0.0,0,0.0,0.0,98,20.306672192291753,0.2612244897959184,68,14.090343970161625,0.21224489795918366,10,2.0721094073767095,0.036734693877551024,3,0.6216328222130129,0.012244897959183673,1,0.20721094073767093,0.004081632653061225,23,4.765851636966431,0.09387755102040816,113,23.414836303356818,0.2897959183673469,135,27.97347699958558,0.2816326530612245,30,6.216328222130128,0.07755102040816327,81,16.784086199751346,0.2571428571428571,163,33.77538334024036,0.4,42,8.702859510982181,0.1510204081632653,230,47.65851636966432,0.4204081632653061,72,14.91918773311231,0.15510204081632653
ep_110_whisperx_diarized.gender.host_guest,SPEAKER_01,GUEST,female,12986,244,106,8.162636685661482,65,5.0053904204527955,4,0.30802402587401817,0.012295081967213115,1,0.07700600646850454,0.004098360655737705,1,0.07700600646850454,0.004098360655737705,2,0.15401201293700909,0.00819672131147541,1,0.07700600646850454,0.004098360655737705,2,0.15401201293700909,0.00819672131147541,0,0.0,0.0,201,15.478207300169412,0.38524590163934425,133,10.241798860311103,0.32786885245901637,22,1.6941321423071,0.09016393442622951,0,0.0,0.0,0,0.0,0.0,6,0.4620360388110272,0.02459016393442623,311,23.948868011704914,0.3729508196721312,572,44.047435699984604,0.45491803278688525,90,6.930540582165409,0.15163934426229508,205,15.786231326043433,0.4262295081967213,429,33.03557677498845,0.4426229508196721,83,6.3914985368858765,0.20081967213114754,555,42.73833359002002,0.5245901639344263,125,9.625750808563067,0.2540983606557377
ep_111_whisperx_diarized.gender.host_guest,SPEAKER_01,HOST,male,690,45,3,4.3478260869565215,2,2.898550724637681,1,1.4492753623188406,0.022222222222222223,1,1.4492753623188406,0.022222222222222223,0,0.0,0.0,0,0.0,0.0,0,0.0,0.0,0,0.0,0.0,0,0.0,0.0,9,13.043478260869565,0.13333333333333333,3,4.3478260869565215,0.06666666666666667,0,0.0,0.0,0,0.0,0.0,1,1.4492753623188406,0.022222222222222223,11,15.942028985507246,0.24444444444444444,12,17.391304347826086,0.24444444444444444,13,18.84057971014493,0.13333333333333333,10,14.492753623188406,0.13333333333333333,4,5.797101449275362,0.08888888888888889,26,37.68115942028986,0.37777777777777777,9,13.043478260869565,0.1111111111111111,14,20.289855072463766,0.2,3,4.3478260869565215,0.06666666666666667
ep_111_whisperx_diarized.gender.host_guest,SPEAKER_00,GUEST,female,12149,45,49,4.033253765742036,4,0.3292452053666968,1,0.0823113013416742,0.022222222222222223,0,0.0,0.0,0,0.0,0.0,0,0.0,0.0,0,0.0,0.0,2,0.1646226026833484,0.022222222222222223,0,0.0,0.0,112,9.218865750267511,0.4666666666666667,27,2.2224051362252037,0.2,0,0.0,0.0,0,0.0,0.0,2,0.1646226026833484,0.044444444444444446,0,0.0,0.0,313,25.76343731994403,0.6222222222222222,178,14.65141163881801,0.4,294,24.19952259445222,0.5333333333333333,94,7.737262326117376,0.4444444444444444,199,16.37994896699317,0.5111111111111111,96,7.901884928800723,0.4222222222222222,300,24.693390402502263,0.5777777777777777,185,15.22759074820973,0.4222222222222222
ep_112_whisperx_diarized.gender.host_guest,SPEAKER_00,GUEST,female,15909,131,112,7.040040228801308,55,3.4571626123577848,6,0.37714501225721286,0.030534351145038167,1,0.06285750204286882,0.007633587786259542,0,0.0,0.0,1,0.06285750204286882,0.007633587786259542,0,0.0,0.0,0,0.0,0.0,0,0.0,0.0,199,12.508642906530895,0.5190839694656488,108,6.788610220629833,0.4122137404580153,23,1.4457225469859827,0.15267175572519084,1,0.06285750204286882,0.007633587786259542,2,0.12571500408573763,0.015267175572519083,2,0.12571500408573763,0.015267175572519083,360,22.628700735432776,0.6183206106870229,549,34.508768621534976,0.6564885496183206,169,10.62291784524483,0.2900763358778626,217,13.640077943302535,0.5267175572519084,365,22.94298824564712,0.6183206106870229,73,4.588597649129424,0.3282442748091603,645,40.54308881765039,0.7709923664122137,272,17.09724055566032,0.5267175572519084
ep_112_whisperx_diarized.gender.host_guest,SPEAKER_01,HOST,male,1714,130,15,8.751458576429405,2,1.1668611435239205,1,0.5834305717619602,0.007692307692307693,0,0.0,0.0,0,0.0,0.0,0,0.0,0.0,0,0.0,0.0,0,0.0,0.0,0,0.0,0.0,32,18.669778296382727,0.2,24,14.002333722287048,0.15384615384615385,0,0.0,0.0,3,1.750291715285881,0.023076923076923078,2,1.1668611435239205,0.015384615384615385,22,12.835472578763126,0.16923076923076924,25,14.585764294049008,0.16153846153846155,39,22.75379229871645,0.19230769230769232,14,8.168028004667445,0.07692307692307693,33,19.253208868144693,0.23846153846153847,76,44.340723453908986,0.43846153846153846,10,5.834305717619603,0.07692307692307693,80,46.67444574095683,0.4230769230769231,35,20.420070011668614,0.2230769230769231
ep_113_whisperx_diarized.gender.host_guest,SPEAKER_01,HOST,male,2214,81,5,2.2583559168925023,0,0.0,0,0.0,0.0,0,0.0,0.0,0,0.0,0.0,2,0.9033423667570009,0.024691358024691357,0,0.0,0.0,0,0.0,0.0,1,0.45167118337850043,0.012345679012345678,17,7.678410117434508,0.20987654320987653,5,2.2583559168925023,0.06172839506172839,0,0.0,0.0,4,1.8066847335140017,0.04938271604938271,1,0.45167118337850043,0.012345679012345678,10,4.5167118337850045,0.12345679012345678,53,23.938572719060524,0.4691358024691358,24,10.840108401084011,0.20987654320987653,33,14.905149051490515,0.25925925925925924,14,6.323396567299007,0.12345679012345678,52,23.486901535682023,0.32098765432098764,8,3.6133694670280034,0.07407407407407407,60,27.100271002710027,0.38271604938271603,22,9.93676603432701,0.19753086419753085
ep_113_whisperx_diarized.gender.host_guest,SPEAKER_00,GUEST,male,5744,80,28,4.874651810584958,6,1.0445682451253482,2,0.34818941504178275,0.0125,0,0.0,0.0,0,0.0,0.0,0,0.0,0.0,0,0.0,0.0,0,0.0,0.0,0,0.0,0.0,74,12.883008356545961,0.4625,21,3.6559888579387185,0.2125,2,0.34818941504178275,0.025,0,0.0,0.0,2,0.34818941504178275,0.025,2,0.34818941504178275,0.025,175,30.46657381615599,0.7125,47,8.182451253481894,0.275,69,12.012534818941505,0.325,17,2.9596100278551534,0.1625,178,30.988857938718663,0.5375,15,2.6114206128133706,0.175,198,34.47075208913649,0.7625,78,13.579387186629527,0.4125
ep_114_whisperx_diarized.gender.host_guest,SPEAKER_01,GUEST,male,5179,44,43,8.302761150801313,42,8.109673682178027,1,0.19308746862328635,0.022727272727272728,0,0.0,0.0,0,0.0,0.0,0,0.0,0.0,0,0.0,0.0,0,0.0,0.0,0,0.0,0.0,81,15.640084958486195,0.4772727272727273,39,7.530411276308167,0.38636363636363635,14,2.703224560726009,0.22727272727272727,1,0.19308746862328635,0.022727272727272728,0,0.0,0.0,0,0.0,0.0,135,26.06680826414366,0.6136363636363636,187,36.10735663255455,0.6136363636363636,16,3.0893994979725816,0.22727272727272727,43,8.302761150801313,0.45454545454545453,180,34.75574435219154,0.6590909090909091,13,2.5101370921027226,0.18181818181818182,186,35.914269163931266,0.7727272727272727,84,16.219347364356054,0.5454545454545454
ep_114_whisperx_diarized.gender.host_guest,SPEAKER_00,HOST,female,1181,43,7,5.927180355630822,7,5.927180355630822,1,0.8467400508044031,0.023255813953488372,0,0.0,0.0,0,0.0,0.0,0,0.0,0.0,0,0.0,0.0,0,0.0,0.0,0,0.0,0.0,16,13.547840812870449,0.18604651162790697,9,7.6206604572396275,0.16279069767441862,4,3.3869602032176123,0.09302325581395349,1,0.8467400508044031,0.023255813953488372,1,0.8467400508044031,0.023255813953488372,3,2.540220152413209,0.06976744186046512,18,15.241320914479255,0.37209302325581395,29,24.555461473327686,0.3023255813953488,14,11.854360711261643,0.2558139534883721,8,6.7739204064352245,0.18604651162790697,72,60.96528365791702,0.627906976744186,5,4.233700254022015,0.09302325581395349,24,20.32176121930567,0.3953488372093023,19,16.088060965283656,0.3488372093023256
ep_115_whisperx_diarized.gender.host_guest,SPEAKER_01,HOST,female,2007,45,6,2.9895366218236172,19,9.466865969108122,0,0.0,0.0,0,0.0,0.0,0,0.0,0.0,0,0.0,0.0,0,0.0,0.0,0,0.0,0.0,0,0.0,0.0,26,12.954658694569009,0.3111111111111111,17,8.470353761833582,0.24444444444444444,3,1.4947683109118086,0.06666666666666667,0,0.0,0.0,0,0.0,0.0,5,2.4912805181863478,0.1111111111111111,41,20.42850024912805,0.4666666666666667,60,29.895366218236173,0.4222222222222222,20,9.965122072745391,0.15555555555555556,19,9.466865969108122,0.28888888888888886,124,61.78375685102142,0.6666666666666666,21,10.46337817638266,0.28888888888888886,70,34.87792725460887,0.5777777777777777,34,16.940707523667164,0.4
ep_115_whisperx_diarized.gender.host_guest,SPEAKER_00,GUEST,male,10810,45,65,6.012950971322849,105,9.71322849213691,2,0.18501387604070305,0.022222222222222223,2,0.18501387604070305,0.044444444444444446,0,0.0,0.0,8,0.7400555041628122,0.13333333333333333,0,0.0,0.0,0,0.0,0.0,0,0.0,0.0,163,15.0786308973173,0.7333333333333333,85,7.86308973172988,0.6222222222222222,29,2.682701202590194,0.4222222222222222,0,0.0,0.0,3,0.27752081406105455,0.06666666666666667,2,0.18501387604070305,0.044444444444444446,350,32.37742830712303,0.7555555555555555,718,66.41998149861239,0.8222222222222222,93,8.603145235892692,0.35555555555555557,185,17.113783533765034,0.7555555555555555,384,35.52266419981498,0.8,43,3.9777983348751156,0.4,553,51.1563367252544,0.8888888888888888,235,21.73913043478261,0.7333333333333333
ep_116_whisperx_diarized.gender.host_guest,SPEAKER_00,GUEST,male,8970,49,84,9.364548494983277,82,9.141583054626533,1,0.11148272017837235,0.02040816326530612,2,0.2229654403567447,0.02040816326530612,1,0.11148272017837235,0.02040816326530612,3,0.33444816053511706,0.061224489795918366,0,0.0,0.0,0,0.0,0.0,0,0.0,0.0,182,20.289855072463766,0.7755102040816326,112,12.486064659977703,0.7346938775510204,9,1.0033444816053512,0.16326530612244897,1,0.11148272017837235,0.02040816326530612,2,0.2229654403567447,0.04081632653061224,0,0.0,0.0,258,28.762541806020067,0.8163265306122449,412,45.93088071348941,0.8775510204081632,58,6.465997770345597,0.3469387755102041,104,11.594202898550725,0.673469387755102,262,29.208472686733554,0.7346938775510204,49,5.462653288740245,0.5102040816326531,326,36.34336677814939,0.8367346938775511,129,14.381270903010034,0.673469387755102
ep_116_whisperx_diarized.gender.host_guest,SPEAKER_01,HOST,female,1887,48,13,6.88924218335983,11,5.829358770535241,1,0.5299417064122947,0.020833333333333332,0,0.0,0.0,0,0.0,0.0,0,0.0,0.0,0,0.0,0.0,0,0.0,0.0,0,0.0,0.0,21,11.128775834658187,0.3125,12,6.359300476947536,0.20833333333333334,5,2.649708532061473,0.08333333333333333,1,0.5299417064122947,0.020833333333333332,0,0.0,0.0,6,3.179650238473768,0.125,45,23.847376788553262,0.6041666666666666,41,21.727609962904083,0.4583333333333333,23,12.188659247482777,0.16666666666666666,13,6.88924218335983,0.22916666666666666,119,63.063063063063055,0.7708333333333334,6,3.179650238473768,0.10416666666666667,60,31.796502384737675,0.625,40,21.197668256491784,0.3333333333333333
ep_117_whisperx_diarized.gender.host_guest,SPEAKER_01,HOST,female,3481,69,26,7.469118069520253,18,5.170927894283252,1,0.2872737719046251,0.014492753623188406,0,0.0,0.0,0,0.0,0.0,1,0.2872737719046251,0.014492753623188406,0,0.0,0.0,0,0.0,0.0,0,0.0,0.0,40,11.490950876185005,0.36231884057971014,12,3.4472852628555013,0.13043478260869565,7,2.010916403332376,0.08695652173913043,0,0.0,0.0,1,0.2872737719046251,0.014492753623188406,10,2.8727377190462513,0.14492753623188406,64,18.385521401896007,0.5072463768115942,32,9.192760700948003,0.3333333333333333,74,21.258259120942256,0.37681159420289856,14,4.021832806664752,0.13043478260869565,132,37.92013789141051,0.5797101449275363,10,2.8727377190462513,0.11594202898550725,85,24.418270611893135,0.4927536231884058,48,13.789141051422005,0.36231884057971014
ep_117_whisperx_diarized.gender.host_guest,SPEAKER_00,GUEST,male,20805,69,97,4.662340783465513,80,3.8452295121365054,2,0.09613073780341265,0.014492753623188406,1,0.048065368901706325,0.014492753623188406,0,0.0,0.0,2,0.09613073780341265,0.028985507246376812,0,0.0,0.0,0,0.0,0.0,0,0.0,0.0,162,7.7865897620764235,0.7536231884057971,58,2.787791396298967,0.463768115942029,21,1.0093727469358327,0.2608695652173913,1,0.048065368901706325,0.014492753623188406,4,0.1922614756068253,0.057971014492753624,0,0.0,0.0,377,18.120644075943282,0.9130434782608695,356,17.11127132900745,0.7536231884057971,281,13.506368661379478,0.8115942028985508,70,3.3645758231194423,0.4057971014492754,575,27.637587118481132,0.8115942028985508,85,4.0855563566450375,0.5942028985507246,585,28.118240807498196,0.855072463768116,336,16.149963950973323,0.7971014492753623
ep_118_whisperx_diarized.gender.host_guest,SPEAKER_01,HOST,female,1678,31,9,5.363528009535161,14,8.34326579261025,1,0.5959475566150179,0.03225806451612903,0,0.0,0.0,0,0.0,0.0,0,0.0,0.0,0,0.0,0.0,0,0.0,0.0,0,0.0,0.0,21,12.514898688915377,0.45161290322580644,14,8.34326579261025,0.3225806451612903,3,1.7878426698450536,0.0967741935483871,0,0.0,0.0,0,0.0,0.0,3,1.7878426698450536,0.0967741935483871,30,17.878426698450536,0.3870967741935484,58,34.56495828367104,0.5161290322580645,14,8.34326579261025,0.25806451612903225,19,11.32300357568534,0.2903225806451613,96,57.210965435041714,0.7096774193548387,7,4.171632896305125,0.1935483870967742,68,40.52443384982122,0.6774193548387096,16,9.535160905840286,0.3548387096774194
ep_118_whisperx_diarized.gender.host_guest,SPEAKER_00,GUEST,female,9230,31,65,7.042253521126761,34,3.6836403033586134,0,0.0,0.0,0,0.0,0.0,0,0.0,0.0,1,0.10834236186348863,0.03225806451612903,0,0.0,0.0,0,0.0,0.0,0,0.0,0.0,134,14.517876489707476,0.8709677419354839,85,9.209100758396533,0.8064516129032258,7,0.7583965330444203,0.1935483870967742,0,0.0,0.0,1,0.10834236186348863,0.03225806451612903,1,0.10834236186348863,0.03225806451612903,290,31.4192849404117,0.9032258064516129,514,55.687973997833154,0.967741935483871,104,11.267605633802818,0.6451612903225806,103,11.159263271939327,0.8064516129032258,250,27.085590465872155,0.8709677419354839,50,5.417118093174431,0.5483870967741935,312,33.80281690140845,0.9354838709677419,122,13.217768147345613,0.8064516129032258
ep_119_whisperx_diarized.gender.host_guest,SPEAKER_00,GUEST,male,5374,97,74,13.770003721622627,35,6.512839598064756,0,0.0,0.0,1,0.18608113137327875,0.010309278350515464,0,0.0,0.0,0,0.0,0.0,0,0.0,0.0,0,0.0,0.0,0,0.0,0.0,101,18.794194268701155,0.4948453608247423,65,12.095273539263118,0.3711340206185567,23,4.279866021585412,0.18556701030927836,0,0.0,0.0,0,0.0,0.0,0,0.0,0.0,137,25.49311499813919,0.6288659793814433,123,22.887979158913286,0.5154639175257731,30,5.582433941198363,0.17525773195876287,55,10.234462225530333,0.3711340206185567,103,19.16635653144771,0.5051546391752577,27,5.024190547078526,0.1958762886597938,185,34.42500930405657,0.6597938144329897,86,16.00297729810197,0.41237113402061853
ep_119_whisperx_diarized.gender.host_guest,SPEAKER_01,HOST,female,3488,96,13,3.7270642201834865,30,8.600917431192661,0,0.0,0.0,1,0.286697247706422,0.010416666666666666,0,0.0,0.0,0,0.0,0.0,0,0.0,0.0,0,0.0,0.0,0,0.0,0.0,30,8.600917431192661,0.22916666666666666,16,4.587155963302752,0.15625,9,2.5802752293577984,0.09375,1,0.286697247706422,0.010416666666666666,1,0.286697247706422,0.010416666666666666,4,1.146788990825688,0.041666666666666664,81,23.222477064220183,0.40625,50,14.334862385321102,0.25,27,7.740825688073395,0.17708333333333334,20,5.73394495412844,0.17708333333333334,129,36.98394495412844,0.3854166666666667,13,3.7270642201834865,0.11458333333333333,102,29.243119266055047,0.5416666666666666,33,9.461009174311927,0.21875
ep_120_whisperx_diarized.gender.host_guest,SPEAKER_00,GUEST,male,9420,67,140,14.8619957537155,68,7.218683651804671,7,0.743099787685775,0.04477611940298507,2,0.21231422505307856,0.029850746268656716,1,0.10615711252653928,0.014925373134328358,1,0.10615711252653928,0.014925373134328358,0,0.0,0.0,0,0.0,0.0,0,0.0,0.0,241,25.583864118895967,0.6716417910447762,134,14.225053078556263,0.5970149253731343,16,1.6985138004246285,0.16417910447761194,1,0.10615711252653928,0.014925373134328358,3,0.3184713375796178,0.04477611940298507,0,0.0,0.0,273,28.980891719745223,0.7014925373134329,439,46.60297239915074,0.7313432835820896,69,7.32484076433121,0.31343283582089554,121,12.845010615711253,0.6716417910447762,467,49.575371549893845,0.7611940298507462,89,9.447983014861995,0.5522388059701493,518,54.989384288747345,0.8059701492537313,127,13.48195329087049,0.582089552238806
ep_120_whisperx_diarized.gender.host_guest,SPEAKER_01,HOST,female,1845,66,5,2.710027100271003,12,6.504065040650406,1,0.5420054200542005,0.015151515151515152,2,1.084010840108401,0.030303030303030304,0,0.0,0.0,0,0.0,0.0,0,0.0,0.0,0,0.0,0.0,0,0.0,0.0,16,8.672086720867208,0.19696969696969696,11,5.9620596205962055,0.13636363636363635,1,0.5420054200542005,0.015151515151515152,1,0.5420054200542005,0.015151515151515152,0,0.0,0.0,12,6.504065040650406,0.18181818181818182,30,16.260162601626018,0.3333333333333333,32,17.344173441734416,0.24242424242424243,21,11.382113821138212,0.22727272727272727,13,7.046070460704607,0.16666666666666666,134,72.62872628726286,0.6666666666666666,10,5.420054200542006,0.12121212121212122,85,46.070460704607044,0.5454545454545454,25,13.550135501355014,0.22727272727272727
ep_121_whisperx_diarized.gender.host_guest,SPEAKER_00,GUEST,male,7991,99,64,8.009010136403454,57,7.133024652734326,2,0.25028156676260793,0.010101010101010102,4,0.5005631335252159,0.030303030303030304,2,0.25028156676260793,0.020202020202020204,2,0.25028156676260793,0.020202020202020204,0,0.0,0.0,0,0.0,0.0,1,0.12514078338130397,0.010101010101010102,110,13.765486171943435,0.47474747474747475,67,8.384432486547366,0.3333333333333333,2,0.25028156676260793,0.020202020202020204,1,0.12514078338130397,0.010101010101010102,0,0.0,0.0,0,0.0,0.0,280,35.039419346765115,0.6060606060606061,338,42.29758478288074,0.5656565656565656,76,9.510699536979102,0.3434343434343434,78,9.76098110374171,0.41414141414141414,273,34.16343386309598,0.6161616161616161,48,6.00675760230259,0.29292929292929293,326,40.7958953823051,0.6666666666666666,138,17.269428106619948,0.4444444444444444
ep_121_whisperx_diarized.gender.host_guest,SPEAKER_01,HOST,female,2693,98,8,2.9706646862235426,18,6.683995544002971,2,0.7426661715558857,0.02040816326530612,0,0.0,0.0,0,0.0,0.0,0,0.0,0.0,0,0.0,0.0,0,0.0,0.0,0,0.0,0.0,29,10.76865948756034,0.20408163265306123,15,5.569996286669142,0.10204081632653061,9,3.3419977720014855,0.08163265306122448,0,0.0,0.0,0,0.0,0.0,13,4.827330115113257,0.1326530612244898,61,22.65131823245451,0.42857142857142855,64,23.76531748978834,0.3673469387755102,38,14.110657259561828,0.1836734693877551,20,7.426661715558856,0.1836734693877551,148,54.95729669513553,0.5612244897959183,19,7.055328629780914,0.17346938775510204,66,24.507983661344227,0.3877551020408163,67,24.879316747122168,0.29591836734693877
ep_122_whisperx_diarized.gender.host_guest,SPEAKER_00,HOST,female,2583,56,12,4.645760743321719,16,6.194347657762292,1,0.38714672861014326,0.017857142857142856,0,0.0,0.0,0,0.0,0.0,0,0.0,0.0,0,0.0,0.0,0,0.0,0.0,0,0.0,0.0,35,13.550135501355014,0.42857142857142855,21,8.130081300813009,0.3392857142857143,7,2.710027100271003,0.125,3,1.1614401858304297,0.05357142857142857,1,0.38714672861014326,0.017857142857142856,4,1.548586914440573,0.05357142857142857,41,15.873015873015872,0.5178571428571429,42,16.260162601626018,0.39285714285714285,56,21.680216802168022,0.48214285714285715,22,8.517228029423151,0.2857142857142857,110,42.586140147115756,0.7321428571428571,16,6.194347657762292,0.23214285714285715,73,28.261711188540456,0.6785714285714286,32,12.388695315524584,0.35714285714285715
ep_122_whisperx_diarized.gender.host_guest,SPEAKER_01,GUEST,female,6287,56,85,13.519961825990137,19,3.0221091140448544,0,0.0,0.0,0,0.0,0.0,1,0.1590583744234134,0.017857142857142856,2,0.3181167488468268,0.03571428571428571,2,0.3181167488468268,0.03571428571428571,0,0.0,0.0,0,0.0,0.0,128,20.359471926196914,0.6964285714285714,68,10.815969460792111,0.5357142857142857,11,1.7496421186575473,0.125,0,0.0,0.0,2,0.3181167488468268,0.03571428571428571,1,0.1590583744234134,0.017857142857142856,151,24.017814537935426,0.8035714285714286,151,24.017814537935426,0.7142857142857143,74,11.770319707332591,0.5,70,11.134086209638937,0.5,238,37.85589311277239,0.7142857142857143,30,4.771751232702402,0.30357142857142855,189,30.06203276602513,0.8035714285714286,92,14.633370446954032,0.42857142857142855
ep_123_whisperx_diarized.gender.host_guest,SPEAKER_01,GUEST,male,5417,59,21,3.8766845117223556,14,2.584456341148237,2,0.3692080487354624,0.03389830508474576,0,0.0,0.0,0,0.0,0.0,0,0.0,0.0,0,0.0,0.0,0,0.0,0.0,0,0.0,0.0,58,10.70703341332841,0.3898305084745763,18,3.322872438619162,0.1864406779661017,2,0.3692080487354624,0.03389830508474576,3,0.5538120731031936,0.03389830508474576,1,0.1846040243677312,0.01694915254237288,3,0.5538120731031936,0.05084745762711865,99,18.27579841240539,0.5423728813559322,262,48.36625438434558,0.6949152542372882,40,7.384160974709249,0.3050847457627119,117,21.598670851024554,0.6101694915254238,127,23.444711094701866,0.5084745762711864,36,6.645744877238324,0.2711864406779661,193,35.628576702972126,0.6779661016949152,86,15.875946095624885,0.559322033898305
ep_123_whisperx_diarized.gender.host_guest,SPEAKER_00,HOST,female,1627,58,6,3.6877688998156115,5,3.073140749846343,0,0.0,0.0,1,0.6146281499692685,0.017241379310344827,0,0.0,0.0,0,0.0,0.0,0,0.0,0.0,0,0.0,0.0,0,0.0,0.0,21,12.90719114935464,0.1724137931034483,8,4.917025199754148,0.08620689655172414,2,1.229256299938537,0.034482758620689655,1,0.6146281499692685,0.017241379310344827,0,0.0,0.0,8,4.917025199754148,0.13793103448275862,37,22.741241548862938,0.3448275862068966,36,22.126613398893667,0.20689655172413793,20,12.292562999385371,0.1206896551724138,12,7.375537799631223,0.1724137931034483,97,59.618930547019055,0.4827586206896552,9,5.531653349723417,0.15517241379310345,52,31.96066379840197,0.39655172413793105,40,24.585125998770742,0.3103448275862069
ep_124_whisperx_diarized.gender.host_guest,SPEAKER_00,HOST,female,6969,34,78,11.192423590185106,63,9.040034438226431,4,0.5739704405223132,0.08823529411764706,1,0.1434926101305783,0.029411764705882353,0,0.0,0.0,1,0.1434926101305783,0.029411764705882353,0,0.0,0.0,0,0.0,0.0,0,0.0,0.0,166,23.819773281675992,0.8529411764705882,110,15.784187114363611,0.7941176470588235,30,4.304778303917348,0.5294117647058824,1,0.1434926101305783,0.029411764705882353,0,0.0,0.0,0,0.0,0.0,145,20.80642846893385,0.9117647058823529,312,44.769694360740424,0.8529411764705882,75,10.76194575979337,0.5,69,9.900990099009901,0.7058823529411765,228,32.71631510977185,0.8529411764705882,13,1.8654039316975175,0.2647058823529412,313,44.913186970871,0.9117647058823529,98,14.06227579279667,0.7352941176470589
ep_124_whisperx_diarized.gender.host_guest,SPEAKER_01,GUEST,female,2031,33,8,3.9389463318562288,11,5.416051206302314,0,0.0,0.0,0,0.0,0.0,0,0.0,0.0,0,0.0,0.0,0,0.0,0.0,0,0.0,0.0,0,0.0,0.0,20,9.847365829640571,0.36363636363636365,8,3.9389463318562288,0.18181818181818182,3,1.4771048744460857,0.06060606060606061,0,0.0,0.0,0,0.0,0.0,1,0.4923682914820286,0.030303030303030304,49,24.1260462826194,0.6060606060606061,50,24.61841457410143,0.5454545454545454,17,8.370260955194485,0.2727272727272727,15,7.385524372230428,0.3939393939393939,105,51.698670605612996,0.8181818181818182,19,9.354997538158543,0.3939393939393939,71,34.958148695224025,0.7272727272727273,40,19.694731659281143,0.5151515151515151
ep_125_whisperx_diarized.gender.host_guest,SPEAKER_01,HOST,female,1585,32,6,3.7854889589905363,3,1.8927444794952681,0,0.0,0.0,0,0.0,0.0,0,0.0,0.0,0,0.0,0.0,0,0.0,0.0,0,0.0,0.0,0,0.0,0.0,18,11.35646687697161,0.3125,4,2.523659305993691,0.125,0,0.0,0.0,1,0.6309148264984228,0.03125,0,0.0,0.0,8,5.047318611987382,0.25,29,18.29652996845426,0.5,12,7.570977917981073,0.25,58,36.59305993690852,0.5,4,2.523659305993691,0.125,41,25.867507886435334,0.6875,7,4.416403785488959,0.21875,52,32.80757097791798,0.6875,39,24.605678233438486,0.65625
ep_125_whisperx_diarized.gender.host_guest,SPEAKER_00,GUEST,male,7379,32,70,9.486380268329043,28,3.794552107331617,0,0.0,0.0,0,0.0,0.0,0,0.0,0.0,0,0.0,0.0,0,0.0,0.0,0,0.0,0.0,0,0.0,0.0,117,15.855807019921397,0.75,47,6.369426751592357,0.59375,4,0.5420788724759452,0.09375,0,0.0,0.0,0,0.0,0.0,0,0.0,0.0,169,22.90283236210869,0.84375,212,28.7301802412251,0.78125,75,10.163978858923974,0.5,35,4.7431901341645215,0.46875,187,25.34218728825044,0.875,15,2.0327957717847944,0.34375,242,32.79577178479469,0.875,127,17.211004201111262,0.875
ep_126_whisperx_diarized.gender.host_guest,SPEAKER_00,GUEST,female,10590,44,51,4.81586402266289,77,7.2710103871576965,7,0.6610009442870632,0.09090909090909091,5,0.47214353163361666,0.06818181818181818,0,0.0,0.0,0,0.0,0.0,0,0.0,0.0,0,0.0,0.0,0,0.0,0.0,109,10.292728989612842,0.7272727272727273,60,5.6657223796034,0.5909090909090909,21,1.98300283286119,0.3181818181818182,0,0.0,0.0,2,0.18885741265344663,0.045454545454545456,0,0.0,0.0,361,34.08876298394712,0.9318181818181818,564,53.257790368271955,0.8636363636363636,62,5.854579792256846,0.45454545454545453,67,6.326723323890462,0.6363636363636364,484,45.70349386213409,0.8636363636363636,30,2.8328611898017,0.38636363636363635,353,33.333333333333336,0.8409090909090909,171,16.14730878186969,0.75
ep_126_whisperx_diarized.gender.host_guest,SPEAKER_01,HOST,female,2626,43,12,4.56968773800457,19,7.235338918507235,2,0.7616146230007617,0.046511627906976744,0,0.0,0.0,0,0.0,0.0,0,0.0,0.0,0,0.0,0.0,1,0.38080731150038083,0.023255813953488372,0,0.0,0.0,23,8.758568164508759,0.3953488372093023,9,3.427265803503427,0.20930232558139536,5,1.904036557501904,0.09302325581395349,1,0.38080731150038083,0.023255813953488372,1,0.38080731150038083,0.023255813953488372,11,4.188880426504189,0.2558139534883721,46,17.517136329017518,0.6046511627906976,48,18.27875095201828,0.32558139534883723,13,4.9504950495049505,0.20930232558139536,6,2.284843869002285,0.13953488372093023,167,63.594821020563586,0.7209302325581395,13,4.9504950495049505,0.20930232558139536,181,68.92612338156893,0.7441860465116279,54,20.563594821020565,0.3023255813953488
ep_127_whisperx_diarized.gender.host_guest,SPEAKER_01,GUEST,female,10145,24,36,3.548546081813701,32,3.1542631838344013,2,0.19714144898965008,0.08333333333333333,1,0.09857072449482504,0.041666666666666664,0,0.0,0.0,0,0.0,0.0,0,0.0,0.0,0,0.0,0.0,0,0.0,0.0,84,8.279940857565302,0.875,48,4.7313947757516015,0.75,13,1.2814194184327254,0.375,0,0.0,0.0,4,0.39428289797930016,0.16666666666666666,0,0.0,0.0,317,31.246919664859536,0.9166666666666666,516,50.862493839329716,0.9583333333333334,72,7.097092163627402,0.5416666666666666,98,9.659931000492854,0.6666666666666666,303,29.866929521931986,0.9166666666666666,49,4.829965500246427,0.625,234,23.06554953178906,0.9166666666666666,161,15.869886643666831,0.875
ep_127_whisperx_diarized.gender.host_guest,SPEAKER_00,HOST,female,1044,23,5,4.7892720306513406,6,5.747126436781609,1,0.9578544061302682,0.043478260869565216,0,0.0,0.0,0,0.0,0.0,1,0.9578544061302682,0.043478260869565216,0,0.0,0.0,0,0.0,0.0,0,0.0,0.0,8,7.662835249042145,0.2608695652173913,6,5.747126436781609,0.2608695652173913,4,3.8314176245210727,0.17391304347826086,1,0.9578544061302682,0.043478260869565216,0,0.0,0.0,3,2.8735632183908044,0.13043478260869565,20,19.157088122605362,0.6086956521739131,24,22.988505747126435,0.43478260869565216,17,16.28352490421456,0.30434782608695654,4,3.8314176245210727,0.17391304347826086,76,72.79693486590038,0.8260869565217391,6,5.747126436781609,0.21739130434782608,26,24.904214559386972,0.6956521739130435,20,19.157088122605362,0.391304347826087
ep_128_whisperx_diarized.gender.host_guest,SPEAKER_00,HOST,female,2397,72,17,7.092198581560283,12,5.006257822277847,2,0.8343763037129746,0.027777777777777776,0,0.0,0.0,2,0.8343763037129746,0.027777777777777776,0,0.0,0.0,0,0.0,0.0,1,0.4171881518564873,0.013888888888888888,0,0.0,0.0,33,13.76720901126408,0.2777777777777778,16,6.675010429703796,0.16666666666666666,7,2.920317062995411,0.06944444444444445,5,2.0859407592824364,0.06944444444444445,0,0.0,0.0,19,7.926574885273258,0.2638888888888889,79,32.95786399666249,0.4583333333333333,51,21.27659574468085,0.2222222222222222,21,8.760951188986233,0.16666666666666666,25,10.42970379641218,0.1388888888888889,115,47.97663746349603,0.4722222222222222,12,5.006257822277847,0.1388888888888889,148,61.74384647476012,0.5277777777777778,37,15.43596161869003,0.18055555555555555
ep_128_whisperx_diarized.gender.host_guest,SPEAKER_01,GUEST,male,10356,72,84,8.111239860950173,64,6.179992275009656,1,0.09656237929702588,0.013888888888888888,3,0.28968713789107764,0.041666666666666664,0,0.0,0.0,6,0.5793742757821553,0.06944444444444445,1,0.09656237929702588,0.013888888888888888,1,0.09656237929702588,0.013888888888888888,0,0.0,0.0,145,14.001544998068752,0.5833333333333334,54,5.214368482039397,0.375,7,0.6759366550791811,0.09722222222222222,2,0.19312475859405176,0.027777777777777776,2,0.19312475859405176,0.027777777777777776,2,0.19312475859405176,0.027777777777777776,296,28.582464271919658,0.7083333333333334,307,29.644650444186947,0.5972222222222222,122,11.780610274237159,0.3333333333333333,71,6.8559289300888375,0.4861111111111111,547,52.819621475473156,0.6944444444444444,44,4.248744689069139,0.3055555555555556,377,36.404016994978754,0.8194444444444444,196,18.92622634221707,0.5833333333333334
ep_129_whisperx_diarized.gender.host_guest,SPEAKER_01,GUEST,female,10959,38,35,3.1937220549320195,52,4.744958481613287,2,0.18249840313897253,0.05263157894736842,5,0.45624600784743136,0.10526315789473684,1,0.09124920156948627,0.02631578947368421,1,0.09124920156948627,0.02631578947368421,0,0.0,0.0,0,0.0,0.0,0,0.0,0.0,99,9.03367095537914,0.8157894736842105,57,5.201204489460717,0.7105263157894737,7,0.6387444109864039,0.15789473684210525,1,0.09124920156948627,0.02631578947368421,3,0.27374760470845877,0.07894736842105263,1,0.09124920156948627,0.02631578947368421,425,38.78091066703166,0.9736842105263158,594,54.20202573227485,0.9473684210526315,118,10.76740578519938,0.6052631578947368,158,14.41737384797883,0.7368421052631579,360,32.84971256501506,0.868421052631579,38,3.467469659640478,0.5263157894736842,321,29.290993703805093,0.8947368421052632,161,14.691121452687288,0.7894736842105263
ep_129_whisperx_diarized.gender.host_guest,SPEAKER_00,HOST,female,1598,37,6,3.7546933667083855,7,4.380475594493117,1,0.6257822277847309,0.02702702702702703,0,0.0,0.0,0,0.0,0.0,0,0.0,0.0,1,0.6257822277847309,0.02702702702702703,0,0.0,0.0,0,0.0,0.0,12,7.509386733416771,0.2702702702702703,6,3.7546933667083855,0.16216216216216217,0,0.0,0.0,0,0.0,0.0,0,0.0,0.0,6,3.7546933667083855,0.16216216216216217,36,22.528160200250312,0.4594594594594595,34,21.27659574468085,0.4594594594594595,15,9.386733416770964,0.21621621621621623,13,8.135168961201503,0.21621621621621623,89,55.69461827284105,0.6756756756756757,13,8.135168961201503,0.2702702702702703,61,38.17271589486859,0.5405405405405406,24,15.018773466833542,0.3783783783783784
ep_130_whisperx_diarized.gender.host_guest,SPEAKER_00,HOST,female,2378,78,5,2.1026072329688814,17,7.148864592094197,3,1.261564339781329,0.038461538461538464,0,0.0,0.0,0,0.0,0.0,0,0.0,0.0,0,0.0,0.0,0,0.0,0.0,0,0.0,0.0,21,8.830950378469302,0.15384615384615385,18,7.5693860386879726,0.1282051282051282,6,2.523128679562658,0.0641025641025641,2,0.8410428931875525,0.02564102564102564,0,0.0,0.0,8,3.36417157275021,0.10256410256410256,50,21.026072329688816,0.4358974358974359,42,17.661900756938604,0.2948717948717949,36,15.138772077375945,0.23076923076923078,15,6.307821698906644,0.16666666666666666,121,50.88309503784693,0.5769230769230769,17,7.148864592094197,0.20512820512820512,101,42.472666105971406,0.5,16,6.72834314550042,0.16666666666666666
ep_130_whisperx_diarized.gender.host_guest,SPEAKER_01,GUEST,male,10191,78,88,8.63507015994505,66,6.476302619958787,5,0.4906289863605142,0.038461538461538464,0,0.0,0.0,0,0.0,0.0,0,0.0,0.0,0,0.0,0.0,0,0.0,0.0,0,0.0,0.0,156,15.307624374448043,0.5641025641025641,101,9.910705524482387,0.48717948717948717,19,1.8643901481699539,0.16666666666666666,0,0.0,0.0,3,0.2943773918163085,0.02564102564102564,2,0.19625159454420565,0.02564102564102564,377,36.99342557158277,0.7564102564102564,542,53.184182121479736,0.7435897435897436,120,11.775095672652341,0.5128205128205128,137,13.443234226278088,0.5641025641025641,194,19.03640467078795,0.6410256410256411,18,1.766264350897851,0.16666666666666666,398,39.05406731429693,0.7948717948717948,75,7.359434795407712,0.38461538461538464
ep_131_whisperx_diarized.gender.host_guest,SPEAKER_00,GUEST,female,5480,34,46,8.394160583941606,49,8.941605839416058,1,0.18248175182481752,0.029411764705882353,0,0.0,0.0,0,0.0,0.0,0,0.0,0.0,0,0.0,0.0,0,0.0,0.0,0,0.0,0.0,96,17.51824817518248,0.7352941176470589,56,10.218978102189782,0.5588235294117647,13,2.3722627737226274,0.35294117647058826,0,0.0,0.0,3,0.5474452554744526,0.058823529411764705,0,0.0,0.0,127,23.175182481751825,0.7647058823529411,149,27.189781021897808,0.7352941176470589,80,14.598540145985401,0.5882352941176471,64,11.678832116788321,0.7352941176470589,149,27.189781021897808,0.7941176470588235,13,2.3722627737226274,0.23529411764705882,229,41.78832116788321,0.8529411764705882,89,16.240875912408757,0.7647058823529411
ep_131_whisperx_diarized.gender.host_guest,SPEAKER_01,HOST,female,1764,33,7,3.968253968253968,17,9.637188208616779,3,1.7006802721088434,0.06060606060606061,0,0.0,0.0,0,0.0,0.0,0,0.0,0.0,0,0.0,0.0,0,0.0,0.0,0,0.0,0.0,18,10.204081632653061,0.2727272727272727,14,7.936507936507936,0.24242424242424243,3,1.7006802721088434,0.09090909090909091,0,0.0,0.0,0,0.0,0.0,6,3.401360544217687,0.18181818181818182,33,18.707482993197278,0.5757575757575758,44,24.943310657596374,0.42424242424242425,17,9.637188208616779,0.2727272727272727,10,5.668934240362812,0.24242424242424243,76,43.08390022675737,0.8181818181818182,12,6.802721088435374,0.21212121212121213,64,36.281179138321995,0.6060606060606061,23,13.038548752834467,0.42424242424242425
ep_132_whisperx_diarized.gender.host_guest,SPEAKER_00,GUEST,male,6165,49,29,4.703974047039741,6,0.9732360097323601,1,0.16220600162206,0.02040816326530612,1,0.16220600162206,0.02040816326530612,0,0.0,0.0,0,0.0,0.0,0,0.0,0.0,0,0.0,0.0,0,0.0,0.0,80,12.976480129764802,0.5918367346938775,51,8.27250608272506,0.46938775510204084,0,0.0,0.0,0,0.0,0.0,2,0.32441200324412,0.04081632653061224,1,0.16220600162206,0.02040816326530612,125,20.2757502027575,0.6938775510204082,161,26.11516626115166,0.7346938775510204,40,6.488240064882401,0.32653061224489793,135,21.897810218978105,0.7755102040816326,166,26.92619626926196,0.7142857142857143,34,5.51500405515004,0.3673469387755102,180,29.197080291970803,0.7755102040816326,112,18.167072181670722,0.6122448979591837
ep_132_whisperx_diarized.gender.host_guest,SPEAKER_01,HOST,female,1544,49,5,3.238341968911917,7,4.533678756476683,1,0.6476683937823834,0.02040816326530612,0,0.0,0.0,0,0.0,0.0,0,0.0,0.0,0,0.0,0.0,0,0.0,0.0,0,0.0,0.0,16,10.362694300518134,0.24489795918367346,12,7.772020725388601,0.1836734693877551,5,3.238341968911917,0.08163265306122448,0,0.0,0.0,1,0.6476683937823834,0.02040816326530612,10,6.476683937823834,0.20408163265306123,41,26.554404145077722,0.5306122448979592,27,17.48704663212435,0.16326530612244897,10,6.476683937823834,0.12244897959183673,15,9.71502590673575,0.1836734693877551,69,44.689119170984455,0.673469387755102,10,6.476683937823834,0.16326530612244897,41,26.554404145077722,0.42857142857142855,23,14.896373056994818,0.24489795918367346
ep_133_whisperx_diarized.gender.host_guest,SPEAKER_01,HOST,female,1252,35,6,4.792332268370607,5,3.993610223642172,0,0.0,0.0,0,0.0,0.0,0,0.0,0.0,0,0.0,0.0,0,0.0,0.0,0,0.0,0.0,0,0.0,0.0,12,9.584664536741213,0.2571428571428571,2,1.5974440894568689,0.05714285714285714,1,0.7987220447284344,0.02857142857142857,1,0.7987220447284344,0.02857142857142857,0,0.0,0.0,8,6.3897763578274756,0.22857142857142856,25,19.968051118210862,0.45714285714285713,20,15.974440894568689,0.2857142857142857,24,19.169329073482427,0.3142857142857143,1,0.7987220447284344,0.02857142857142857,58,46.3258785942492,0.8,3,2.3961661341853033,0.08571428571428572,36,28.75399361022364,0.5428571428571428,22,17.57188498402556,0.2571428571428571
ep_133_whisperx_diarized.gender.host_guest,SPEAKER_00,GUEST,female,11830,35,69,5.832628909551986,70,5.9171597633136095,4,0.33812341504649196,0.11428571428571428,0,0.0,0.0,0,0.0,0.0,3,0.25359256128486896,0.08571428571428572,0,0.0,0.0,0,0.0,0.0,0,0.0,0.0,124,10.48182586644125,0.8857142857142857,37,3.1276415891800506,0.5428571428571428,21,1.7751479289940828,0.45714285714285713,0,0.0,0.0,4,0.33812341504649196,0.11428571428571428,0,0.0,0.0,365,30.85376162299239,0.9714285714285714,312,26.373626373626372,0.9714285714285714,108,9.129332206255283,0.7428571428571429,76,6.424344885883348,0.6571428571428571,350,29.585798816568047,0.9714285714285714,56,4.733727810650888,0.7428571428571429,288,24.344885883347423,0.9714285714285714,240,20.28740490278952,0.8857142857142857
ep_134_whisperx_diarized.gender.host_guest,SPEAKER_01,HOST,female,1619,51,5,3.0883261272390365,10,6.176652254478073,1,0.6176652254478073,0.0196078431372549,0,0.0,0.0,0,0.0,0.0,0,0.0,0.0,0,0.0,0.0,0,0.0,0.0,0,0.0,0.0,16,9.882643607164917,0.1568627450980392,10,6.176652254478073,0.11764705882352941,2,1.2353304508956147,0.0392156862745098,1,0.6176652254478073,0.0196078431372549,0,0.0,0.0,9,5.558987029030265,0.17647058823529413,36,22.23594811612106,0.37254901960784315,46,28.412600370599133,0.27450980392156865,23,14.206300185299567,0.11764705882352941,13,8.029647930821495,0.1568627450980392,106,65.47251389746756,0.5686274509803921,11,6.794317479925881,0.13725490196078433,87,53.73687461395924,0.47058823529411764,21,12.970969734403953,0.23529411764705882
ep_134_whisperx_diarized.gender.host_guest,SPEAKER_00,GUEST,male,9768,51,45,4.606879606879607,38,3.89025389025389,2,0.20475020475020475,0.0392156862745098,2,0.20475020475020475,0.0392156862745098,0,0.0,0.0,5,0.5118755118755118,0.0392156862745098,0,0.0,0.0,0,0.0,0.0,0,0.0,0.0,103,10.544635544635545,0.5490196078431373,54,5.528255528255528,0.45098039215686275,12,1.2285012285012284,0.17647058823529413,0,0.0,0.0,3,0.3071253071253071,0.0196078431372549,0,0.0,0.0,320,32.76003276003276,0.7058823529411765,657,67.26044226044226,0.7450980392156863,109,11.15888615888616,0.45098039215686275,167,17.096642096642096,0.6274509803921569,191,19.553644553644553,0.6078431372549019,37,3.787878787878788,0.3333333333333333,356,36.44553644553645,0.803921568627451,150,15.356265356265357,0.5882352941176471
ep_135_whisperx_diarized.gender.host_guest,SPEAKER_00,GUEST,male,7191,50,65,9.039076623557225,33,4.5890696704213605,1,0.13906271728549574,0.02,2,0.2781254345709915,0.04,0,0.0,0.0,0,0.0,0.0,0,0.0,0.0,0,0.0,0.0,0,0.0,0.0,115,15.992212487832013,0.7,40,5.56250869141983,0.52,15,2.0859407592824364,0.24,3,0.4171881518564873,0.06,2,0.2781254345709915,0.04,1,0.13906271728549574,0.02,249,34.62661660408845,0.8,113,15.714087053261022,0.7,183,25.448477263245724,0.68,17,2.3640661938534278,0.28,294,40.88443888193576,0.78,18,2.5031289111389237,0.24,187,26.004728132387708,0.68,181,25.170351828674733,0.72
ep_135_whisperx_diarized.gender.host_guest,SPEAKER_01,HOST,female,2018,49,12,5.946481665014866,14,6.937561942517344,2,0.9910802775024776,0.04081632653061224,1,0.4955401387512388,0.02040816326530612,0,0.0,0.0,1,0.4955401387512388,0.02040816326530612,0,0.0,0.0,0,0.0,0.0,0,0.0,0.0,24,11.892963330029731,0.2857142857142857,4,1.9821605550049552,0.08163265306122448,4,1.9821605550049552,0.08163265306122448,2,0.9910802775024776,0.04081632653061224,0,0.0,0.0,14,6.937561942517344,0.2857142857142857,39,19.326065411298316,0.40816326530612246,35,17.34390485629336,0.32653061224489793,47,23.290386521308225,0.3469387755102041,8,3.9643211100099105,0.14285714285714285,92,45.58969276511397,0.5102040816326531,13,6.442021803766105,0.20408163265306123,44,21.80376610505451,0.40816326530612246,50,24.777006937561943,0.5102040816326531
ep_136_whisperx_diarized.gender.host_guest,SPEAKER_00,GUEST,male,8416,99,60,7.129277566539924,61,7.24809885931559,3,0.3564638783269962,0.020202020202020204,4,0.4752851711026616,0.04040404040404041,0,0.0,0.0,0,0.0,0.0,0,0.0,0.0,0,0.0,0.0,0,0.0,0.0,112,13.307984790874524,0.47474747474747475,52,6.178707224334601,0.31313131313131315,29,3.4458174904942966,0.1919191919191919,0,0.0,0.0,1,0.1188212927756654,0.010101010101010102,1,0.1188212927756654,0.010101010101010102,223,26.497148288973385,0.6464646464646465,423,50.26140684410647,0.6464646464646465,111,13.189163498098859,0.37373737373737376,134,15.922053231939165,0.5353535353535354,152,18.06083650190114,0.45454545454545453,25,2.970532319391635,0.21212121212121213,264,31.368821292775664,0.5656565656565656,119,14.139733840304181,0.42424242424242425
ep_136_whisperx_diarized.gender.host_guest,SPEAKER_01,HOST,female,2362,98,12,5.080440304826418,19,8.044030482641828,3,1.2701100762066044,0.030612244897959183,1,0.42337002540220153,0.01020408163265306,0,0.0,0.0,0,0.0,0.0,0,0.0,0.0,0,0.0,0.0,0,0.0,0.0,39,16.51143099068586,0.23469387755102042,25,10.584250635055039,0.17346938775510204,4,1.6934801016088061,0.04081632653061224,2,0.8467400508044031,0.02040816326530612,1,0.42337002540220153,0.01020408163265306,7,2.963590177815411,0.07142857142857142,62,26.248941574936495,0.32653061224489793,64,27.095681625740898,0.25510204081632654,31,13.124470787468248,0.17346938775510204,22,9.314140558848433,0.15306122448979592,139,58.848433530906014,0.46938775510204084,10,4.233700254022015,0.08163265306122448,95,40.22015241320914,0.42857142857142855,32,13.547840812870449,0.19387755102040816
ep_137_whisperx_diarized.gender.host_guest,SPEAKER_00,HOST,female,1549,82,5,3.2278889606197545,5,3.2278889606197545,1,0.6455777921239509,0.012195121951219513,0,0.0,0.0,0,0.0,0.0,0,0.0,0.0,0,0.0,0.0,1,0.6455777921239509,0.012195121951219513,0,0.0,0.0,21,13.55713363460297,0.18292682926829268,10,6.455777921239509,0.10975609756097561,4,2.5823111684958038,0.04878048780487805,2,1.2911555842479019,0.024390243902439025,1,0.6455777921239509,0.012195121951219513,19,12.265978050355068,0.23170731707317074,46,29.696578437701746,0.34146341463414637,18,11.620400258231117,0.12195121951219512,20,12.911555842479018,0.10975609756097561,10,6.455777921239509,0.12195121951219512,46,29.696578437701746,0.3170731707317073,4,2.5823111684958038,0.04878048780487805,94,60.68431245965139,0.4878048780487805,57,36.797934151065206,0.25609756097560976
ep_137_whisperx_diarized.gender.host_guest,SPEAKER_01,GUEST,female,9794,82,42,4.288339799877476,26,2.6546865427812945,1,0.10210332856851133,0.012195121951219513,0,0.0,0.0,1,0.10210332856851133,0.012195121951219513,0,0.0,0.0,0,0.0,0.0,0,0.0,0.0,0,0.0,0.0,156,15.928119256687769,0.573170731707317,87,8.882989585460486,0.45121951219512196,2,0.20420665713702266,0.024390243902439025,0,0.0,0.0,6,0.612619971411068,0.06097560975609756,4,0.4084133142740453,0.04878048780487805,266,27.159485399224014,0.7317073170731707,256,26.1384521135389,0.5853658536585366,63,6.432509699816214,0.3170731707317073,76,7.759852971206862,0.4146341463414634,534,54.523177455585056,0.7560975609756098,60,6.12619971411068,0.36585365853658536,355,36.246681641821525,0.7195121951219512,194,19.808045742291196,0.5609756097560976
ep_138_whisperx_diarized.gender.host_guest,SPEAKER_01,HOST,female,2142,36,12,5.602240896358543,10,4.6685340802987865,1,0.4668534080298786,0.027777777777777776,0,0.0,0.0,0,0.0,0.0,0,0.0,0.0,0,0.0,0.0,0,0.0,0.0,0,0.0,0.0,26,12.138188608776844,0.4444444444444444,2,0.9337068160597572,0.05555555555555555,3,1.4005602240896358,0.08333333333333333,0,0.0,0.0,1,0.4668534080298786,0.027777777777777776,11,5.135387488328665,0.3055555555555556,40,18.674136321195146,0.6388888888888888,25,11.671335200746965,0.3055555555555556,31,14.472455648926237,0.4444444444444444,5,2.3342670401493932,0.1388888888888889,78,36.41456582633054,0.6388888888888888,6,2.8011204481792715,0.16666666666666666,54,25.210084033613445,0.5833333333333334,35,16.339869281045754,0.4166666666666667
ep_138_whisperx_diarized.gender.host_guest,SPEAKER_00,GUEST,male,9353,36,41,4.383620228803593,36,3.8490323960226664,0,0.0,0.0,0,0.0,0.0,1,0.10691756655618517,0.027777777777777776,0,0.0,0.0,0,0.0,0.0,0,0.0,0.0,0,0.0,0.0,88,9.408745856944297,0.7222222222222222,13,1.3899283652304075,0.3333333333333333,16,1.7106810648989628,0.3611111111111111,0,0.0,0.0,1,0.10691756655618517,0.027777777777777776,0,0.0,0.0,213,22.773441676467442,0.8888888888888888,184,19.67283224633807,0.75,99,10.584839089062333,0.5833333333333334,34,3.635197262910296,0.5555555555555556,219,23.414947075804555,0.8055555555555556,16,1.7106810648989628,0.3055555555555556,249,26.62247407249011,0.8888888888888888,201,21.490430877793223,0.8333333333333334
ep_139_whisperx_diarized.gender.host_guest,SPEAKER_01,GUEST,female,9888,36,72,7.281553398058253,41,4.1464401294498385,1,0.1011326860841424,0.027777777777777776,4,0.4045307443365696,0.1111111111111111,0,0.0,0.0,7,0.7079288025889968,0.16666666666666666,0,0.0,0.0,0,0.0,0.0,0,0.0,0.0,108,10.922330097087379,0.6666666666666666,27,2.7305825242718447,0.4166666666666667,9,0.9101941747572816,0.25,6,0.6067961165048543,0.1111111111111111,0,0.0,0.0,1,0.1011326860841424,0.027777777777777776,291,29.429611650485437,0.8333333333333334,169,17.091423948220065,0.8611111111111112,64,6.472491909385114,0.5,51,5.157766990291263,0.6666666666666666,496,50.16181229773463,0.8611111111111112,58,5.865695792880259,0.6388888888888888,339,34.28398058252427,0.9166666666666666,199,20.125404530744337,0.7222222222222222
ep_139_whisperx_diarized.gender.host_guest,SPEAKER_00,HOST,female,1576,35,4,2.5380710659898473,12,7.614213197969543,1,0.6345177664974618,0.02857142857142857,1,0.6345177664974618,0.02857142857142857,0,0.0,0.0,1,0.6345177664974618,0.02857142857142857,0,0.0,0.0,0,0.0,0.0,0,0.0,0.0,18,11.421319796954315,0.2857142857142857,6,3.8071065989847717,0.11428571428571428,3,1.9035532994923858,0.08571428571428572,0,0.0,0.0,1,0.6345177664974618,0.02857142857142857,9,5.710659898477157,0.2571428571428571,27,17.131979695431472,0.4857142857142857,31,19.67005076142132,0.2,28,17.766497461928935,0.34285714285714286,11,6.979695431472082,0.17142857142857143,85,53.934010152284266,0.7428571428571429,13,8.248730964467006,0.22857142857142856,53,33.62944162436548,0.5142857142857142,17,10.786802030456853,0.4
ep_140_whisperx_diarized.gender.host_guest,SPEAKER_01,HOST,female,2582,66,19,7.358636715724245,20,7.745933384972889,0,0.0,0.0,0,0.0,0.0,0,0.0,0.0,0,0.0,0.0,0,0.0,0.0,0,0.0,0.0,0,0.0,0.0,31,12.006196746707978,0.2878787878787879,20,7.745933384972889,0.21212121212121213,8,3.098373353989156,0.10606060606060606,4,1.549186676994578,0.045454545454545456,2,0.774593338497289,0.030303030303030304,7,2.7110766847405112,0.10606060606060606,71,27.498063516653758,0.5757575757575758,60,23.237800154918666,0.3787878787878788,24,9.295120061967467,0.21212121212121213,16,6.196746707978312,0.18181818181818182,165,63.90395042602634,0.7121212121212122,16,6.196746707978312,0.21212121212121213,102,39.504260263361736,0.6212121212121212,36,13.942680092951202,0.3333333333333333
ep_140_whisperx_diarized.gender.host_guest,SPEAKER_00,GUEST,male,8384,66,53,6.3215648854961835,62,7.395038167938932,1,0.11927480916030533,0.015151515151515152,1,0.11927480916030533,0.015151515151515152,0,0.0,0.0,3,0.35782442748091603,0.030303030303030304,0,0.0,0.0,0,0.0,0.0,0,0.0,0.0,99,11.80820610687023,0.5757575757575758,55,6.560114503816793,0.42424242424242425,26,3.101145038167939,0.3333333333333333,1,0.11927480916030533,0.015151515151515152,3,0.35782442748091603,0.045454545454545456,1,0.11927480916030533,0.015151515151515152,216,25.763358778625957,0.803030303030303,348,41.50763358778626,0.7727272727272727,138,16.459923664122137,0.4090909090909091,91,10.854007633587788,0.5909090909090909,415,49.49904580152672,0.8333333333333334,53,6.3215648854961835,0.5303030303030303,304,36.25954198473282,0.7878787878787878,89,10.615458015267176,0.5454545454545454
ep_141_whisperx_diarized.gender.host_guest,SPEAKER_00,GUEST,female,5795,40,85,14.667817083692839,39,6.729939603106126,0,0.0,0.0,0,0.0,0.0,0,0.0,0.0,0,0.0,0.0,0,0.0,0.0,0,0.0,0.0,0,0.0,0.0,117,20.18981880931838,0.875,75,12.942191544434857,0.775,14,2.4158757549611733,0.25,1,0.1725625539257981,0.025,0,0.0,0.0,0,0.0,0.0,184,31.751509922346848,0.9,187,32.26919758412425,0.9,113,19.499568593615187,0.575,69,11.906816220880069,0.7,214,36.9283865401208,0.9,31,5.349439171699741,0.525,202,34.85763589301122,0.95,89,15.358067299396032,0.725
ep_141_whisperx_diarized.gender.host_guest,SPEAKER_01,HOST,female,2127,40,6,2.8208744710860367,13,6.11189468735308,1,0.4701457451810061,0.025,1,0.4701457451810061,0.025,1,0.4701457451810061,0.025,0,0.0,0.0,0,0.0,0.0,0,0.0,0.0,0,0.0,0.0,18,8.462623413258111,0.3,10,4.701457451810061,0.175,4,1.8805829807240244,0.1,0,0.0,0.0,3,1.4104372355430184,0.075,5,2.3507287259050305,0.125,47,22.096850023507287,0.5,44,20.68641278796427,0.5,27,12.693935119887165,0.25,7,3.291020216267043,0.175,131,61.5890926187118,0.825,6,2.8208744710860367,0.15,75,35.26093088857546,0.7,21,9.873060648801129,0.325
ep_142_whisperx_diarized.gender.host_guest,SPEAKER_01,GUEST,male,8905,77,90,10.106681639528356,75,8.422234699606962,5,0.5614823133071308,0.03896103896103896,2,0.22459292532285233,0.012987012987012988,0,0.0,0.0,2,0.22459292532285233,0.025974025974025976,0,0.0,0.0,0,0.0,0.0,0,0.0,0.0,145,16.282987085906793,0.44155844155844154,86,9.65749578888265,0.38961038961038963,28,3.1443009545199327,0.22077922077922077,1,0.11229646266142616,0.012987012987012988,2,0.22459292532285233,0.025974025974025976,1,0.11229646266142616,0.012987012987012988,288,32.341381246490734,0.7142857142857143,340,38.1807973048849,0.6233766233766234,187,20.999438517686695,0.5324675324675324,49,5.502526670409882,0.33766233766233766,203,22.79618192026951,0.5844155844155844,17,1.9090398652442446,0.19480519480519481,262,29.421673217293655,0.6623376623376623,129,14.486243683323975,0.5454545454545454
ep_142_whisperx_diarized.gender.host_guest,SPEAKER_00,HOST,female,3261,76,16,4.906470407850353,13,3.9865072063784113,1,0.30665440049064707,0.013157894736842105,0,0.0,0.0,0,0.0,0.0,0,0.0,0.0,0,0.0,0.0,0,0.0,0.0,0,0.0,0.0,29,8.892977614228766,0.2894736842105263,21,6.439742410303588,0.21052631578947367,4,1.2266176019625883,0.05263157894736842,2,0.6133088009812941,0.02631578947368421,2,0.6133088009812941,0.013157894736842105,10,3.0665440049064703,0.13157894736842105,68,20.852499233364,0.4605263157894737,81,24.83900643974241,0.35526315789473684,39,11.959521619135234,0.27631578947368424,29,8.892977614228766,0.25,104,31.89205765102729,0.5657894736842105,13,3.9865072063784113,0.17105263157894737,103,31.585403250536643,0.5526315789473685,50,15.332720024532351,0.3684210526315789
ep_143_whisperx_diarized.gender.host_guest,SPEAKER_01,HOST,female,2186,75,9,4.117108874656907,8,3.6596523330283626,1,0.4574565416285453,0.013333333333333334,0,0.0,0.0,0,0.0,0.0,0,0.0,0.0,0,0.0,0.0,0,0.0,0.0,0,0.0,0.0,15,6.861848124428179,0.13333333333333333,3,1.3723696248856359,0.04,4,1.8298261665141813,0.05333333333333334,0,0.0,0.0,0,0.0,0.0,17,7.77676120768527,0.22666666666666666,46,21.043000914913083,0.37333333333333335,19,8.69167429094236,0.17333333333333334,65,29.734675205855442,0.38666666666666666,4,1.8298261665141813,0.05333333333333334,89,40.71363220494053,0.4266666666666667,5,2.2872827081427265,0.06666666666666667,79,36.13906678865508,0.5066666666666667,50,22.872827081427268,0.3333333333333333
ep_143_whisperx_diarized.gender.host_guest,SPEAKER_00,GUEST,male,7606,74,66,8.677359978963977,11,1.4462266631606626,1,0.1314751511964239,0.013513513513513514,0,0.0,0.0,0,0.0,0.0,3,0.3944254535892716,0.02702702702702703,1,0.1314751511964239,0.013513513513513514,0,0.0,0.0,0,0.0,0.0,84,11.043912700499606,0.43243243243243246,18,2.36655272153563,0.17567567567567569,4,0.5259006047856956,0.05405405405405406,1,0.1314751511964239,0.013513513513513514,1,0.1314751511964239,0.013513513513513514,0,0.0,0.0,192,25.243229029713383,0.7567567567567568,90,11.83276360767815,0.4189189189189189,88,11.569813305285301,0.44594594594594594,23,3.023928477517749,0.25675675675675674,178,23.40257691296345,0.6216216216216216,14,1.8406521167499343,0.13513513513513514,187,24.585853273731264,0.6351351351351351,328,43.12384959242703,0.7027027027027027
ep_144_whisperx_diarized.gender.host_guest,SPEAKER_01,GUEST,female,8472,39,91,10.741265344664777,38,4.485363550519358,0,0.0,0.0,0,0.0,0.0,1,0.11803588290840417,0.02564102564102564,5,0.5901794145420207,0.10256410256410256,1,0.11803588290840417,0.02564102564102564,1,0.11803588290840417,0.02564102564102564,0,0.0,0.0,138,16.288951841359772,0.8461538461538461,77,9.08876298394712,0.6666666666666666,5,0.5901794145420207,0.1282051282051282,0,0.0,0.0,3,0.3541076487252125,0.07692307692307693,1,0.11803588290840417,0.02564102564102564,283,33.404154863078375,0.9743589743589743,322,38.007554296506136,0.8717948717948718,176,20.77431539187913,0.717948717948718,94,11.095372993389992,0.717948717948718,279,32.932011331444755,0.8205128205128205,23,2.7148253068932955,0.358974358974359,293,34.58451369216242,0.9487179487179487,128,15.108593012275733,0.7692307692307693
ep_144_whisperx_diarized.gender.host_guest,SPEAKER_00,HOST,female,2632,38,13,4.939209726443769,11,4.179331306990881,0,0.0,0.0,0,0.0,0.0,0,0.0,0.0,0,0.0,0.0,0,0.0,0.0,0,0.0,0.0,0,0.0,0.0,26,9.878419452887538,0.39473684210526316,19,7.218844984802431,0.3157894736842105,3,1.1398176291793312,0.07894736842105263,0,0.0,0.0,0,0.0,0.0,7,2.6595744680851063,0.18421052631578946,69,26.21580547112462,0.631578947368421,74,28.11550151975684,0.5,33,12.537993920972644,0.3157894736842105,13,4.939209726443769,0.2631578947368421,144,54.7112462006079,0.7631578947368421,17,6.458966565349544,0.34210526315789475,83,31.534954407294833,0.6578947368421053,31,11.778115501519757,0.42105263157894735
ep_145_whisperx_diarized.gender.host_guest,SPEAKER_00,GUEST,female,7479,45,81,10.830324909747292,76,10.161786335071534,0,0.0,0.0,1,0.13370771493515177,0.022222222222222223,0,0.0,0.0,2,0.26741542987030353,0.044444444444444446,1,0.13370771493515177,0.022222222222222223,0,0.0,0.0,0,0.0,0.0,119,15.91121807728306,0.8222222222222222,50,6.685385746757588,0.6222222222222222,22,2.9415697285733384,0.3333333333333333,0,0.0,0.0,1,0.13370771493515177,0.022222222222222223,0,0.0,0.0,164,21.92806524936489,0.7555555555555555,160,21.393234389624283,0.7777777777777778,77,10.295494050006685,0.4888888888888889,34,4.54606230779516,0.4444444444444444,478,63.91228773900254,0.8444444444444444,76,10.161786335071534,0.6666666666666666,148,19.78874181040246,0.8222222222222222,168,22.462896109105493,0.7555555555555555
ep_145_whisperx_diarized.gender.host_guest,SPEAKER_01,HOST,female,2221,44,9,4.052228725799189,13,5.85321927059883,0,0.0,0.0,0,0.0,0.0,0,0.0,0.0,0,0.0,0.0,0,0.0,0.0,0,0.0,0.0,0,0.0,0.0,25,11.25619090499775,0.5,10,4.502476361999099,0.22727272727272727,6,2.7014858171994596,0.09090909090909091,0,0.0,0.0,1,0.45024763619990993,0.022727272727272728,10,4.502476361999099,0.22727272727272727,31,13.957676722197208,0.3409090909090909,54,24.31337235479514,0.4090909090909091,51,22.962629446195407,0.3409090909090909,16,7.203962179198559,0.25,65,29.266096352994147,0.5681818181818182,11,4.952723998199009,0.22727272727272727,66,29.716343989194055,0.6363636363636364,60,27.014858171994597,0.5681818181818182
ep_146_whisperx_diarized.gender.host_guest,SPEAKER_00,GUEST,female,7450,43,47,6.308724832214765,51,6.845637583892617,2,0.2684563758389262,0.046511627906976744,0,0.0,0.0,0,0.0,0.0,0,0.0,0.0,0,0.0,0.0,0,0.0,0.0,0,0.0,0.0,92,12.348993288590604,0.6744186046511628,70,9.395973154362416,0.6744186046511628,20,2.6845637583892614,0.27906976744186046,0,0.0,0.0,1,0.1342281879194631,0.023255813953488372,0,0.0,0.0,250,33.557046979865774,0.8837209302325582,276,37.04697986577181,0.8372093023255814,114,15.302013422818792,0.6046511627906976,106,14.228187919463087,0.6744186046511628,216,28.993288590604028,0.8372093023255814,32,4.295302013422819,0.4186046511627907,277,37.18120805369127,0.8604651162790697,123,16.51006711409396,0.6511627906976745
ep_146_whisperx_diarized.gender.host_guest,SPEAKER_01,HOST,female,1402,42,2,1.4265335235378032,6,4.279600570613409,1,0.7132667617689016,0.023809523809523808,0,0.0,0.0,0,0.0,0.0,0,0.0,0.0,0,0.0,0.0,0,0.0,0.0,0,0.0,0.0,12,8.559201141226819,0.23809523809523808,6,4.279600570613409,0.11904761904761904,2,1.4265335235378032,0.047619047619047616,0,0.0,0.0,1,0.7132667617689016,0.023809523809523808,4,2.8530670470756063,0.09523809523809523,33,23.537803138373754,0.4523809523809524,33,23.537803138373754,0.35714285714285715,12,8.559201141226819,0.14285714285714285,9,6.419400855920114,0.19047619047619047,91,64.90727532097004,0.6428571428571429,10,7.132667617689016,0.23809523809523808,40,28.530670470756064,0.5476190476190477,23,16.405135520684738,0.2857142857142857
ep_147_whisperx_diarized.gender.host_guest,SPEAKER_00,HOST,female,1685,28,5,2.967359050445104,16,9.495548961424332,1,0.5934718100890207,0.03571428571428571,1,0.5934718100890207,0.03571428571428571,0,0.0,0.0,0,0.0,0.0,0,0.0,0.0,0,0.0,0.0,0,0.0,0.0,9,5.341246290801187,0.17857142857142858,6,3.5608308605341246,0.14285714285714285,5,2.967359050445104,0.10714285714285714,1,0.5934718100890207,0.03571428571428571,1,0.5934718100890207,0.03571428571428571,7,4.154302670623145,0.25,33,19.584569732937688,0.6071428571428571,42,24.92581602373887,0.5,6,3.5608308605341246,0.21428571428571427,11,6.528189910979229,0.25,74,43.91691394658754,0.9285714285714286,8,4.747774480712166,0.25,58,34.4213649851632,0.7857142857142857,32,18.991097922848663,0.42857142857142855
ep_147_whisperx_diarized.gender.host_guest,SPEAKER_01,GUEST,female,6986,28,92,13.169195533924993,41,5.868880618379617,1,0.143143429716576,0.03571428571428571,0,0.0,0.0,0,0.0,0.0,0,0.0,0.0,0,0.0,0.0,0,0.0,0.0,0,0.0,0.0,117,16.74778127683939,0.7857142857142857,93,13.312338963641569,0.7857142857142857,21,3.006012024048096,0.42857142857142855,0,0.0,0.0,1,0.143143429716576,0.03571428571428571,1,0.143143429716576,0.03571428571428571,195,27.912968794732322,0.8571428571428571,308,44.08817635270541,0.8571428571428571,124,17.749785284855424,0.6428571428571429,79,11.308330947609505,0.7857142857142857,226,32.35041511594618,0.9285714285714286,13,1.8608645863154882,0.2857142857142857,309,44.231319782421984,0.9285714285714286,141,20.183223590037215,0.8214285714285714
ep_148_whisperx_diarized.gender.host_guest,SPEAKER_01,GUEST,female,7200,30,70,9.722222222222223,44,6.111111111111112,3,0.4166666666666667,0.1,0,0.0,0.0,0,0.0,0.0,0,0.0,0.0,0,0.0,0.0,0,0.0,0.0,0,0.0,0.0,131,18.194444444444443,0.8333333333333334,79,10.972222222222221,0.7666666666666667,21,2.916666666666667,0.3333333333333333,0,0.0,0.0,5,0.6944444444444444,0.13333333333333333,0,0.0,0.0,201,27.916666666666664,0.8333333333333334,314,43.611111111111114,0.8666666666666667,69,9.583333333333332,0.6,61,8.472222222222223,0.5333333333333333,207,28.75,0.7666666666666667,25,3.472222222222222,0.3,225,31.25,0.9,107,14.86111111111111,0.7
ep_148_whisperx_diarized.gender.host_guest,SPEAKER_00,HOST,female,1720,29,9,5.232558139534883,15,8.720930232558139,0,0.0,0.0,0,0.0,0.0,0,0.0,0.0,0,0.0,0.0,0,0.0,0.0,0,0.0,0.0,0,0.0,0.0,20,11.627906976744185,0.4827586206896552,12,6.976744186046512,0.27586206896551724,5,2.9069767441860463,0.13793103448275862,1,0.5813953488372093,0.034482758620689655,0,0.0,0.0,4,2.3255813953488373,0.13793103448275862,30,17.441860465116278,0.4827586206896552,35,20.348837209302328,0.41379310344827586,29,16.86046511627907,0.3448275862068966,11,6.395348837209302,0.2413793103448276,82,47.674418604651166,0.6896551724137931,9,5.232558139534883,0.27586206896551724,74,43.02325581395349,0.6551724137931034,41,23.837209302325583,0.5172413793103449
ep_149_whisperx_diarized.gender.host_guest,SPEAKER_01,GUEST,female,7331,42,114,15.55040240076388,65,8.866457509207475,1,0.13640703860319192,0.023809523809523808,0,0.0,0.0,0,0.0,0.0,2,0.27281407720638384,0.047619047619047616,2,0.27281407720638384,0.047619047619047616,1,0.13640703860319192,0.023809523809523808,0,0.0,0.0,140,19.09698540444687,0.8095238095238095,112,15.277588323557495,0.8095238095238095,8,1.0912563088255354,0.16666666666666666,1,0.13640703860319192,0.023809523809523808,0,0.0,0.0,2,0.27281407720638384,0.047619047619047616,219,29.87314145409903,0.7857142857142857,259,35.32942299822671,0.8095238095238095,149,20.324648751875596,0.6190476190476191,45,6.1383167371436365,0.5952380952380952,190,25.917337334606465,0.7619047619047619,16,2.1825126176510707,0.23809523809523808,337,45.96917200927568,0.8571428571428571,93,12.68585459009685,0.6190476190476191
ep_149_whisperx_diarized.gender.host_guest,SPEAKER_00,HOST,female,2502,41,21,8.393285371702637,21,8.393285371702637,1,0.3996802557953637,0.024390243902439025,0,0.0,0.0,0,0.0,0.0,0,0.0,0.0,0,0.0,0.0,0,0.0,0.0,0,0.0,0.0,24,9.592326139088728,0.2682926829268293,16,6.394884092725819,0.21951219512195122,6,2.398081534772182,0.0975609756097561,2,0.7993605115907274,0.024390243902439025,1,0.3996802557953637,0.024390243902439025,5,1.9984012789768186,0.12195121951219512,52,20.783373301358914,0.5853658536585366,54,21.58273381294964,0.4878048780487805,18,7.194244604316547,0.2926829268292683,13,5.1958433253397285,0.24390243902439024,114,45.563549160671464,0.8292682926829268,23,9.192645883293364,0.2926829268292683,83,33.17346123101519,0.6829268292682927,27,10.79136690647482,0.34146341463414637
ep_150_whisperx_diarized.gender.host_guest,SPEAKER_01,HOST,female,1922,45,13,6.76378772112383,10,5.202913631633715,1,0.5202913631633715,0.022222222222222223,0,0.0,0.0,0,0.0,0.0,0,0.0,0.0,0,0.0,0.0,0,0.0,0.0,0,0.0,0.0,13,6.76378772112383,0.2222222222222222,3,1.5608740894901143,0.06666666666666667,3,1.5608740894901143,0.06666666666666667,1,0.5202913631633715,0.022222222222222223,0,0.0,0.0,18,9.365244536940686,0.4,19,9.885535900104058,0.35555555555555557,43,22.372528616024972,0.35555555555555557,45,23.413111342351716,0.4222222222222222,11,5.723204994797086,0.17777777777777778,52,27.05515088449532,0.5777777777777777,1,0.5202913631633715,0.022222222222222223,54,28.095733610822062,0.5333333333333333,67,34.85952133194589,0.5777777777777777
ep_150_whisperx_diarized.gender.host_guest,SPEAKER_00,GUEST,male,5845,45,90,15.397775876817793,59,10.094097519247219,1,0.1710863986313088,0.022222222222222223,1,0.1710863986313088,0.022222222222222223,0,0.0,0.0,0,0.0,0.0,0,0.0,0.0,0,0.0,0.0,0,0.0,0.0,123,21.04362703165098,0.8,51,8.72540633019675,0.5555555555555556,29,4.961505560307955,0.3111111111111111,0,0.0,0.0,2,0.3421727972626176,0.022222222222222223,1,0.1710863986313088,0.022222222222222223,158,27.031650983746793,0.7777777777777778,80,13.686911890504705,0.6444444444444445,83,14.200171086398631,0.5111111111111111,51,8.72540633019675,0.5555555555555556,138,23.609923011120618,0.6666666666666666,12,2.0530367835757057,0.17777777777777778,183,31.30881094952951,0.8444444444444444,184,31.47989734816082,0.7111111111111111
ep_151_whisperx_diarized.gender.host_guest,SPEAKER_00,HOST,female,834,42,1,1.199040767386091,0,0.0,1,1.199040767386091,0.023809523809523808,2,2.398081534772182,0.047619047619047616,0,0.0,0.0,0,0.0,0.0,0,0.0,0.0,0,0.0,0.0,0,0.0,0.0,6,7.194244604316547,0.09523809523809523,2,2.398081534772182,0.023809523809523808,0,0.0,0.0,1,1.199040767386091,0.023809523809523808,0,0.0,0.0,9,10.79136690647482,0.21428571428571427,20,23.980815347721823,0.3333333333333333,9,10.79136690647482,0.14285714285714285,26,31.17505995203837,0.2857142857142857,6,7.194244604316547,0.11904761904761904,23,27.577937649880095,0.40476190476190477,1,1.199040767386091,0.023809523809523808,20,23.980815347721823,0.30952380952380953,28,33.57314148681055,0.35714285714285715
ep_151_whisperx_diarized.gender.host_guest,SPEAKER_01,GUEST,male,6894,41,63,9.138381201044387,27,3.9164490861618795,3,0.4351610095735422,0.07317073170731707,1,0.1450536698578474,0.024390243902439025,0,0.0,0.0,8,1.1604293588627792,0.14634146341463414,0,0.0,0.0,0,0.0,0.0,0,0.0,0.0,100,14.505366985784741,0.7560975609756098,41,5.947200464171743,0.4878048780487805,5,0.725268349289237,0.12195121951219512,1,0.1450536698578474,0.024390243902439025,0,0.0,0.0,1,0.1450536698578474,0.024390243902439025,243,35.24804177545692,0.8536585365853658,148,21.467943138961417,0.6585365853658537,135,19.5822454308094,0.6341463414634146,33,4.786771105308964,0.34146341463414637,128,18.566869741804467,0.6585365853658537,14,2.030751378009864,0.24390243902439024,155,22.483318827966347,0.7560975609756098,210,30.461270670147954,0.7804878048780488
ep_152_whisperx_diarized.gender.host_guest,SPEAKER_01,HOST,female,1165,39,10,8.583690987124463,2,1.7167381974248925,1,0.8583690987124463,0.02564102564102564,0,0.0,0.0,0,0.0,0.0,0,0.0,0.0,0,0.0,0.0,0,0.0,0.0,0,0.0,0.0,8,6.86695278969957,0.1282051282051282,2,1.7167381974248925,0.02564102564102564,2,1.7167381974248925,0.05128205128205128,0,0.0,0.0,0,0.0,0.0,8,6.86695278969957,0.20512820512820512,18,15.450643776824034,0.358974358974359,2,1.7167381974248925,0.05128205128205128,15,12.875536480686696,0.23076923076923078,3,2.575107296137339,0.07692307692307693,42,36.05150214592275,0.5384615384615384,4,3.433476394849785,0.07692307692307693,32,27.46781115879828,0.38461538461538464,44,37.768240343347635,0.41025641025641024
ep_152_whisperx_diarized.gender.host_guest,SPEAKER_00,GUEST,male,6409,39,48,7.489467935715401,19,2.964581057887346,1,0.15603058199407083,0.02564102564102564,0,0.0,0.0,2,0.31206116398814165,0.05128205128205128,0,0.0,0.0,0,0.0,0.0,0,0.0,0.0,0,0.0,0.0,86,13.418630051490092,0.717948717948718,8,1.2482446559525666,0.1794871794871795,1,0.15603058199407083,0.02564102564102564,0,0.0,0.0,0,0.0,0.0,1,0.15603058199407083,0.02564102564102564,152,23.716648463098768,0.8205128205128205,56,8.737712591667966,0.46153846153846156,104,16.227180527383368,0.7435897435897436,19,2.964581057887346,0.2564102564102564,115,17.943516929318147,0.6153846153846154,7,1.0922140739584958,0.1794871794871795,143,22.31237322515213,0.8205128205128205,219,34.17069745670152,0.8461538461538461
ep_153_whisperx_diarized.gender.host_guest,SPEAKER_01,GUEST,male,6273,81,41,6.5359477124183005,21,3.3476805356288857,0,0.0,0.0,4,0.637653435357883,0.04938271604938271,0,0.0,0.0,1,0.15941335883947075,0.012345679012345678,0,0.0,0.0,0,0.0,0.0,0,0.0,0.0,61,9.724214889207715,0.43209876543209874,19,3.028853817949944,0.1728395061728395,4,0.637653435357883,0.037037037037037035,0,0.0,0.0,4,0.637653435357883,0.037037037037037035,0,0.0,0.0,206,32.83915192093097,0.6666666666666666,179,28.534991232265266,0.48148148148148145,45,7.173601147776184,0.24691358024691357,67,10.68069504224454,0.37037037037037035,237,37.78096604495457,0.5925925925925926,26,4.144747329826239,0.2345679012345679,184,29.33205802646262,0.6172839506172839,132,21.04256336681014,0.48148148148148145
ep_153_whisperx_diarized.gender.host_guest,SPEAKER_00,HOST,female,1470,81,5,3.401360544217687,18,12.244897959183673,0,0.0,0.0,0,0.0,0.0,0,0.0,0.0,0,0.0,0.0,0,0.0,0.0,0,0.0,0.0,0,0.0,0.0,20,13.605442176870747,0.14814814814814814,13,8.843537414965986,0.09876543209876543,8,5.442176870748299,0.08641975308641975,1,0.6802721088435374,0.012345679012345678,0,0.0,0.0,20,13.605442176870747,0.24691358024691357,44,29.931972789115644,0.4074074074074074,20,13.605442176870747,0.16049382716049382,9,6.122448979591836,0.09876543209876543,2,1.3605442176870748,0.024691358024691357,73,49.65986394557823,0.43209876543209874,5,3.401360544217687,0.06172839506172839,56,38.0952380952381,0.3950617283950617,14,9.523809523809526,0.14814814814814814
ep_154_whisperx_diarized.gender.host_guest,SPEAKER_01,HOST,male,2109,110,1,0.474158368895211,0,0.0,2,0.948316737790422,0.00909090909090909,1,0.474158368895211,0.00909090909090909,0,0.0,0.0,0,0.0,0.0,0,0.0,0.0,0,0.0,0.0,1,0.474158368895211,0.00909090909090909,22,10.431484115694643,0.17272727272727273,10,4.741583688952111,0.08181818181818182,0,0.0,0.0,0,0.0,0.0,3,1.4224751066856332,0.02727272727272727,20,9.483167377904222,0.18181818181818182,48,22.75960170697013,0.3090909090909091,5,2.3707918444760554,0.03636363636363636,51,24.182076813655762,0.20909090909090908,10,4.741583688952111,0.08181818181818182,60,28.44950213371266,0.35454545454545455,18,8.534850640113799,0.14545454545454545,56,26.552868658131818,0.3,41,19.44049312470365,0.2545454545454545
ep_154_whisperx_diarized.gender.host_guest,SPEAKER_00,GUEST,male,19280,109,21,1.0892116182572615,21,1.0892116182572615,0,0.0,0.0,0,0.0,0.0,0,0.0,0.0,0,0.0,0.0,0,0.0,0.0,0,0.0,0.0,1,0.051867219917012444,0.009174311926605505,161,8.350622406639005,0.5504587155963303,52,2.697095435684647,0.29357798165137616,2,0.10373443983402489,0.01834862385321101,1,0.051867219917012444,0.009174311926605505,15,0.7780082987551866,0.11926605504587157,8,0.41493775933609955,0.07339449541284404,349,18.101659751037346,0.6605504587155964,119,6.172199170124481,0.3486238532110092,591,30.653526970954356,0.7339449541284404,85,4.408713692946058,0.3394495412844037,283,14.678423236514522,0.6513761467889908,61,3.163900414937759,0.3669724770642202,371,19.24273858921162,0.7155963302752294,610,31.63900414937759,0.7431192660550459
ep_155_whisperx_diarized.gender.host_guest,SPEAKER_01,GUEST,male,14290,115,11,0.7697690692792163,8,0.5598320503848846,0,0.0,0.0,1,0.06997900629811057,0.008695652173913044,0,0.0,0.0,0,0.0,0.0,0,0.0,0.0,0,0.0,0.0,1,0.06997900629811057,0.008695652173913044,95,6.648005598320504,0.43478260869565216,32,2.2393282015395384,0.1826086956521739,1,0.06997900629811057,0.008695652173913044,0,0.0,0.0,7,0.489853044086774,0.043478260869565216,12,0.8397480755773268,0.10434782608695652,363,25.402379286214135,0.6521739130434783,19,1.3296011196641009,0.11304347826086956,352,24.63261021693492,0.5478260869565217,14,0.979706088173548,0.10434782608695652,166,11.616515045486354,0.4608695652173913,33,2.3093072078376484,0.2,292,20.433869839048285,0.6869565217391305,561,39.25822253324003,0.6260869565217392
ep_155_whisperx_diarized.gender.host_guest,SPEAKER_00,HOST,male,2511,114,3,1.194743130227001,1,0.39824771007566706,5,1.9912385503783352,0.008771929824561403,1,0.39824771007566706,0.008771929824561403,1,0.39824771007566706,0.008771929824561403,2,0.7964954201513341,0.017543859649122806,0,0.0,0.0,0,0.0,0.0,1,0.39824771007566706,0.008771929824561403,19,7.566706491437674,0.14035087719298245,13,5.177220230983672,0.10526315789473684,0,0.0,0.0,0,0.0,0.0,2,0.7964954201513341,0.017543859649122806,12,4.778972520908004,0.10526315789473684,85,33.8510553564317,0.5175438596491229,7,2.7877339705296693,0.043859649122807015,50,19.91238550378335,0.24561403508771928,8,3.1859816806053365,0.05263157894736842,49,19.514137793707686,0.23684210526315788,9,3.5842293906810037,0.043859649122807015,71,28.275587415372364,0.3684210526315789,47,18.71764237355635,0.2982456140350877
ep_156_whisperx_diarized.gender.host_guest,SPEAKER_01,HOST,male,3058,32,10,3.2701111837802483,6,1.962066710268149,11,3.5971223021582737,0.09375,0,0.0,0.0,0,0.0,0.0,1,0.3270111183780249,0.03125,0,0.0,0.0,0,0.0,0.0,0,0.0,0.0,34,11.118378024852845,0.59375,18,5.886200130804448,0.375,4,1.3080444735120995,0.125,0,0.0,0.0,0,0.0,0.0,3,0.9810333551340745,0.09375,78,25.506867233485938,0.75,55,17.985611510791365,0.4375,93,30.41203400915631,0.6875,15,4.905166775670373,0.28125,89,29.103989535644214,0.6875,14,4.578155657292347,0.375,107,34.99018966644866,0.71875,47,15.369522563767168,0.375
ep_156_whisperx_diarized.gender.host_guest,SPEAKER_00,GUEST,male,6880,31,36,5.232558139534883,44,6.395348837209302,2,0.29069767441860467,0.03225806451612903,2,0.29069767441860467,0.03225806451612903,1,0.14534883720930233,0.03225806451612903,4,0.5813953488372093,0.0967741935483871,0,0.0,0.0,0,0.0,0.0,0,0.0,0.0,109,15.843023255813955,0.7741935483870968,50,7.267441860465116,0.6129032258064516,26,3.7790697674418605,0.5161290322580645,0,0.0,0.0,0,0.0,0.0,0,0.0,0.0,181,26.308139534883722,0.8064516129032258,153,22.238372093023255,0.8387096774193549,222,32.26744186046512,0.9032258064516129,43,6.25,0.6451612903225806,237,34.44767441860465,0.8387096774193549,29,4.215116279069767,0.5161290322580645,162,23.546511627906977,0.9032258064516129,82,11.918604651162791,0.5483870967741935
ep_157_whisperx_diarized.gender.host_guest,SPEAKER_01,GUEST,male,15447,65,209,13.530135301353015,109,7.056386353337218,0,0.0,0.0,0,0.0,0.0,0,0.0,0.0,0,0.0,0.0,0,0.0,0.0,0,0.0,0.0,0,0.0,0.0,254,16.44332232796012,0.6923076923076923,89,5.761636563734058,0.5230769230769231,65,4.2079368162102675,0.46153846153846156,2,0.12947497896031593,0.03076923076923077,1,0.06473748948015796,0.015384615384615385,1,0.06473748948015796,0.015384615384615385,402,26.0244707710235,0.7692307692307693,130,8.415873632420535,0.5538461538461539,127,8.22166116398006,0.47692307692307695,43,2.7837120476467923,0.4153846153846154,672,43.50359293066615,0.7384615384615385,61,3.9489868582896355,0.46153846153846156,705,45.63993008351136,0.7538461538461538,338,21.88127144429339,0.7384615384615385
ep_157_whisperx_diarized.gender.host_guest,SPEAKER_00,HOST,female,1614,64,11,6.815365551425031,8,4.956629491945477,0,0.0,0.0,0,0.0,0.0,0,0.0,0.0,0,0.0,0.0,0,0.0,0.0,1,0.6195786864931846,0.015625,0,0.0,0.0,16,9.913258983890954,0.171875,3,1.858736059479554,0.046875,3,1.858736059479554,0.046875,0,0.0,0.0,2,1.2391573729863692,0.03125,21,13.011152416356877,0.328125,33,20.44609665427509,0.40625,27,16.728624535315983,0.203125,13,8.0545229244114,0.125,9,5.5762081784386615,0.125,44,27.261462205700123,0.328125,3,1.858736059479554,0.046875,91,56.3816604708798,0.578125,21,13.011152416356877,0.28125
ep_158_whisperx_diarized.gender.host_guest,SPEAKER_00,GUEST,male,15068,63,82,5.441996283514734,11,0.7300238916910008,1,0.06636580833554553,0.015873015873015872,5,0.33182904167772764,0.031746031746031744,0,0.0,0.0,0,0.0,0.0,0,0.0,0.0,0,0.0,0.0,0,0.0,0.0,166,11.016724183700557,0.6984126984126984,56,3.7164852667905497,0.4603174603174603,9,0.5972922750199098,0.1111111111111111,0,0.0,0.0,2,0.13273161667109107,0.031746031746031744,2,0.13273161667109107,0.031746031746031744,309,20.507034775683568,0.7142857142857143,92,6.105654366870188,0.49206349206349204,188,12.47677196708256,0.6190476190476191,75,4.977435625165914,0.5238095238095238,212,14.06955136713565,0.6031746031746031,39,2.5882665250862757,0.25396825396825395,421,27.940005309264667,0.7936507936507936,280,18.582426333952746,0.5714285714285714
ep_158_whisperx_diarized.gender.host_guest,SPEAKER_01,HOST,male,1960,62,12,6.122448979591836,1,0.5102040816326531,2,1.0204081632653061,0.016129032258064516,1,0.5102040816326531,0.016129032258064516,1,0.5102040816326531,0.016129032258064516,0,0.0,0.0,0,0.0,0.0,0,0.0,0.0,0,0.0,0.0,46,23.46938775510204,0.4838709677419355,28,14.285714285714285,0.3709677419354839,1,0.5102040816326531,0.016129032258064516,0,0.0,0.0,0,0.0,0.0,12,6.122448979591836,0.1935483870967742,37,18.877551020408163,0.3870967741935484,6,3.061224489795918,0.08064516129032258,31,15.816326530612244,0.27419354838709675,10,5.1020408163265305,0.16129032258064516,66,33.673469387755105,0.5806451612903226,4,2.0408163265306123,0.06451612903225806,65,33.163265306122454,0.6451612903225806,41,20.918367346938776,0.43548387096774194
ep_159_whisperx_diarized.gender.host_guest,SPEAKER_01,HOST,male,1541,82,1,0.6489292667099286,1,0.6489292667099286,0,0.0,0.0,0,0.0,0.0,1,0.6489292667099286,0.012195121951219513,0,0.0,0.0,0,0.0,0.0,0,0.0,0.0,0,0.0,0.0,22,14.27644386761843,0.24390243902439024,16,10.382868267358857,0.18292682926829268,2,1.2978585334198571,0.024390243902439025,1,0.6489292667099286,0.012195121951219513,0,0.0,0.0,8,5.1914341336794285,0.0975609756097561,41,26.60609993510707,0.32926829268292684,7,4.542504866969501,0.06097560975609756,29,18.81894873458793,0.18292682926829268,4,2.5957170668397143,0.04878048780487805,36,23.36145360155743,0.2682926829268293,6,3.893575600259572,0.04878048780487805,44,28.55288773523686,0.2804878048780488,54,35.04218040233614,0.3902439024390244
ep_159_whisperx_diarized.gender.host_guest,SPEAKER_00,GUEST,male,11127,82,18,1.6176867080075492,8,0.7189718702255775,0,0.0,0.0,0,0.0,0.0,1,0.08987148377819719,0.012195121951219513,0,0.0,0.0,0,0.0,0.0,1,0.08987148377819719,0.012195121951219513,0,0.0,0.0,70,6.291003864473803,0.3780487804878049,21,1.8873011593421407,0.21951219512195122,7,0.6291003864473802,0.08536585365853659,0,0.0,0.0,3,0.26961445133459155,0.036585365853658534,5,0.44935741889098585,0.06097560975609756,198,17.79455378808304,0.6341463414634146,82,7.369461669812169,0.3170731707317073,227,20.40082681765076,0.5853658536585366,54,4.853060124022647,0.25609756097560976,211,18.962883077199603,0.573170731707317,49,4.403702705131662,0.2682926829268293,286,25.703244360564394,0.7804878048780488,219,19.681854947425183,0.6219512195121951
ep_160_whisperx_diarized.gender.host_guest,SPEAKER_01,HOST,male,2003,51,6,2.9955067398901645,8,3.99400898652022,3,1.4977533699450822,0.058823529411764705,0,0.0,0.0,0,0.0,0.0,0,0.0,0.0,1,0.4992511233150275,0.0196078431372549,0,0.0,0.0,0,0.0,0.0,30,14.977533699450824,0.39215686274509803,22,10.983524712930604,0.3333333333333333,3,1.4977533699450822,0.058823529411764705,0,0.0,0.0,3,1.4977533699450822,0.058823529411764705,10,4.992511233150275,0.19607843137254902,37,18.472291562656018,0.35294117647058826,17,8.487269096355467,0.13725490196078433,47,23.464802795806293,0.27450980392156865,6,2.9955067398901645,0.09803921568627451,76,37.94308537194209,0.6470588235294118,2,0.998502246630055,0.0392156862745098,114,56.91462805791313,0.6274509803921569,19,9.485771342985522,0.21568627450980393
ep_160_whisperx_diarized.gender.host_guest,SPEAKER_00,GUEST,male,6606,50,104,15.74326369966697,46,6.96336663639116,1,0.15137753557372086,0.02,1,0.15137753557372086,0.02,0,0.0,0.0,0,0.0,0.0,0,0.0,0.0,0,0.0,0.0,0,0.0,0.0,140,21.19285498032092,0.66,85,12.867090523766272,0.56,9,1.3623978201634876,0.12,1,0.15137753557372086,0.02,1,0.15137753557372086,0.02,0,0.0,0.0,163,24.6745382985165,0.7,81,12.26158038147139,0.54,183,27.702089009990917,0.54,54,8.174386920980925,0.54,187,28.3075991522858,0.7,36,5.449591280653951,0.38,215,32.54617014834999,0.72,83,12.564335452618831,0.46
ep_161_whisperx_diarized.gender.host_guest,SPEAKER_00,HOST,male,4065,135,14,3.4440344403444034,7,1.7220172201722017,0,0.0,0.0,1,0.24600246002460022,0.007407407407407408,2,0.49200492004920043,0.014814814814814815,0,0.0,0.0,0,0.0,0.0,0,0.0,0.0,0,0.0,0.0,39,9.59409594095941,0.2,12,2.952029520295203,0.06666666666666667,1,0.24600246002460022,0.007407407407407408,0,0.0,0.0,2,0.49200492004920043,0.014814814814814815,19,4.674046740467404,0.14074074074074075,110,27.06027060270603,0.4666666666666667,20,4.920049200492005,0.08888888888888889,77,18.94218942189422,0.3333333333333333,13,3.1980319803198034,0.06666666666666667,74,18.204182041820417,0.2518518518518518,12,2.952029520295203,0.06666666666666667,118,29.028290282902827,0.37777777777777777,110,27.06027060270603,0.4
ep_161_whisperx_diarized.gender.host_guest,SPEAKER_01,GUEST,male,17410,135,70,4.02067777139575,53,3.0442274554853532,0,0.0,0.0,2,0.11487650775416428,0.014814814814814815,1,0.05743825387708214,0.007407407407407408,2,0.11487650775416428,0.014814814814814815,0,0.0,0.0,0,0.0,0.0,0,0.0,0.0,133,7.6392877656519245,0.4148148148148148,31,1.7805858701895463,0.14814814814814814,15,0.8615738081562321,0.1037037037037037,0,0.0,0.0,1,0.05743825387708214,0.007407407407407408,3,0.1723147616312464,0.022222222222222223,407,23.377369327972428,0.7185185185185186,78,4.480183802412407,0.22962962962962963,339,19.471568064330846,0.5703703703703704,45,2.5847214244686962,0.23703703703703705,188,10.798391728891442,0.4444444444444444,38,2.1826536473291216,0.17037037037037037,348,19.98851234922458,0.6592592592592592,432,24.813325674899485,0.6444444444444445
ep_162_whisperx_diarized.gender.host_guest,SPEAKER_00,GUEST,male,10625,88,94,8.84705882352941,50,4.705882352941176,0,0.0,0.0,0,0.0,0.0,0,0.0,0.0,1,0.09411764705882353,0.011363636363636364,1,0.09411764705882353,0.011363636363636364,0,0.0,0.0,1,0.09411764705882353,0.011363636363636364,148,13.929411764705883,0.4659090909090909,86,8.094117647058823,0.3409090909090909,23,2.164705882352941,0.18181818181818182,0,0.0,0.0,1,0.09411764705882353,0.011363636363636364,1,0.09411764705882353,0.011363636363636364,204,19.2,0.5909090909090909,257,24.188235294117646,0.5113636363636364,38,3.5764705882352943,0.2159090909090909,101,9.505882352941176,0.4659090909090909,461,43.38823529411764,0.6022727272727273,45,4.235294117647059,0.2727272727272727,367,34.54117647058823,0.7272727272727273,227,21.364705882352943,0.5340909090909091
ep_162_whisperx_diarized.gender.host_guest,SPEAKER_01,HOST,female,2292,87,12,5.235602094240838,9,3.926701570680628,1,0.4363001745200698,0.011494252873563218,0,0.0,0.0,0,0.0,0.0,2,0.8726003490401396,0.022988505747126436,1,0.4363001745200698,0.011494252873563218,2,0.8726003490401396,0.011494252873563218,0,0.0,0.0,24,10.471204188481677,0.20689655172413793,8,3.4904013961605584,0.08045977011494253,3,1.3089005235602096,0.034482758620689655,0,0.0,0.0,1,0.4363001745200698,0.011494252873563218,17,7.417102966841187,0.19540229885057472,48,20.942408376963353,0.3103448275862069,51,22.251308900523558,0.25287356321839083,24,10.471204188481677,0.1839080459770115,9,3.926701570680628,0.10344827586206896,80,34.904013961605585,0.3793103448275862,8,3.4904013961605584,0.09195402298850575,139,60.6457242582897,0.632183908045977,38,16.579406631762655,0.3103448275862069
ep_163_whisperx_diarized.gender.host_guest,SPEAKER_00,GUEST,female,14640,87,64,4.371584699453552,37,2.5273224043715845,3,0.20491803278688525,0.034482758620689655,2,0.1366120218579235,0.022988505747126436,1,0.06830601092896176,0.011494252873563218,10,0.6830601092896175,0.09195402298850575,2,0.1366120218579235,0.022988505747126436,0,0.0,0.0,1,0.06830601092896176,0.011494252873563218,132,9.01639344262295,0.6091954022988506,65,4.439890710382514,0.4367816091954023,15,1.0245901639344264,0.14942528735632185,0,0.0,0.0,7,0.4781420765027322,0.06896551724137931,1,0.06830601092896176,0.011494252873563218,404,27.59562841530055,0.7931034482758621,187,12.773224043715846,0.6091954022988506,241,16.46174863387978,0.5977011494252874,61,4.166666666666667,0.47126436781609193,352,24.043715846994537,0.7586206896551724,45,3.0737704918032787,0.28735632183908044,371,25.341530054644807,0.8735632183908046,251,17.1448087431694,0.6551724137931034
ep_163_whisperx_diarized.gender.host_guest,SPEAKER_01,HOST,male,4231,87,25,5.90876861262113,17,4.017962656582368,8,1.8908059560387616,0.04597701149425287,0,0.0,0.0,2,0.4727014890096904,0.022988505747126436,0,0.0,0.0,0,0.0,0.0,0,0.0,0.0,0,0.0,0.0,55,12.999290947766486,0.3333333333333333,27,6.38147010163082,0.19540229885057472,7,1.6544552115339162,0.05747126436781609,0,0.0,0.0,0,0.0,0.0,10,2.363507445048452,0.11494252873563218,106,25.05317891751359,0.4827586206896552,39,9.217679035688962,0.1839080459770115,126,29.78019380761049,0.3563218390804598,17,4.017962656582368,0.09195402298850575,84,19.853462538406994,0.3333333333333333,10,2.363507445048452,0.08045977011494253,184,43.48853698889151,0.5632183908045977,50,11.81753722524226,0.28735632183908044
ep_164_whisperx_diarized.gender.host_guest,SPEAKER_01,GUEST,female,9649,109,53,5.492797181055032,21,2.1763913358897296,1,0.1036376826614157,0.009174311926605505,0,0.0,0.0,0,0.0,0.0,0,0.0,0.0,0,0.0,0.0,0,0.0,0.0,0,0.0,0.0,95,9.84557985283449,0.4036697247706422,60,6.218260959684941,0.3302752293577982,0,0.0,0.0,0,0.0,0.0,4,0.4145507306456628,0.03669724770642202,2,0.2072753653228314,0.01834862385321101,281,29.122188827857812,0.6972477064220184,66,6.840087055653436,0.3761467889908257,277,28.707638097212143,0.5963302752293578,55,5.7000725463778625,0.3119266055045872,173,17.929319100424912,0.5045871559633027,40,4.145507306456628,0.23853211009174313,279,28.914913462534976,0.7155963302752294,167,17.307493004456422,0.46788990825688076
ep_164_whisperx_diarized.gender.host_guest,SPEAKER_00,HOST,male,4358,108,21,4.8187241854061496,11,2.5240936209270304,1,0.2294630564479119,0.009259259259259259,0,0.0,0.0,0,0.0,0.0,1,0.2294630564479119,0.009259259259259259,0,0.0,0.0,0,0.0,0.0,0,0.0,0.0,60,13.767783386874713,0.26851851851851855,33,7.572280862781092,0.18518518518518517,6,1.3767783386874712,0.046296296296296294,0,0.0,0.0,2,0.4589261128958238,0.018518518518518517,5,1.1473152822395596,0.046296296296296294,156,35.79623680587425,0.4351851851851852,37,8.49013308857274,0.14814814814814814,83,19.045433685176686,0.25,12,2.7535566773749425,0.06481481481481481,111,25.47039926571822,0.35185185185185186,17,3.900871959614502,0.09259259259259259,176,40.385497934832486,0.42592592592592593,68,15.603487838458008,0.26851851851851855
ep_165_whisperx_diarized.gender.host_guest,SPEAKER_00,GUEST,male,13661,95,51,3.7332552521777322,19,1.3908205841446453,0,0.0,0.0,2,0.14640216675206794,0.021052631578947368,0,0.0,0.0,0,0.0,0.0,0,0.0,0.0,0,0.0,0.0,1,0.07320108337603397,0.010526315789473684,89,6.514896420467023,0.43157894736842106,17,1.2444184173925774,0.11578947368421053,8,0.5856086670082717,0.08421052631578947,0,0.0,0.0,8,0.5856086670082717,0.05263157894736842,2,0.14640216675206794,0.021052631578947368,321,23.497547763706905,0.6631578947368421,92,6.734499670595125,0.3368421052631579,232,16.98265134323988,0.43157894736842106,30,2.196032501281019,0.16842105263157894,230,16.83624917648781,0.5578947368421052,43,3.147646585169461,0.2736842105263158,272,19.91069467828124,0.6947368421052632,306,22.399531513066393,0.6842105263157895
ep_165_whisperx_diarized.gender.host_guest,SPEAKER_01,HOST,male,3626,95,12,3.309431880860452,5,1.3789299503585217,2,0.5515719801434088,0.010526315789473684,1,0.2757859900717044,0.010526315789473684,1,0.2757859900717044,0.010526315789473684,1,0.2757859900717044,0.010526315789473684,0,0.0,0.0,1,0.2757859900717044,0.010526315789473684,0,0.0,0.0,34,9.376723662437948,0.22105263157894736,15,4.136789851075565,0.11578947368421053,2,0.5515719801434088,0.021052631578947368,1,0.2757859900717044,0.010526315789473684,2,0.5515719801434088,0.010526315789473684,5,1.3789299503585217,0.05263157894736842,125,34.473248758963045,0.5684210526315789,23,6.343077771649201,0.12631578947368421,50,13.789299503585218,0.18947368421052632,18,4.964147821290678,0.1368421052631579,48,13.237727523441809,0.23157894736842105,10,2.7578599007170435,0.08421052631578947,128,35.30060672917816,0.43157894736842106,71,19.58080529509101,0.3368421052631579
ep_166_whisperx_diarized.gender.host_guest,SPEAKER_00,HOST,male,2055,88,7,3.40632603406326,1,0.48661800486618007,0,0.0,0.0,0,0.0,0.0,0,0.0,0.0,0,0.0,0.0,0,0.0,0.0,0,0.0,0.0,0,0.0,0.0,16,7.785888077858881,0.125,8,3.8929440389294405,0.07954545454545454,0,0.0,0.0,0,0.0,0.0,2,0.9732360097323601,0.022727272727272728,13,6.326034063260341,0.14772727272727273,58,28.223844282238442,0.4431818181818182,6,2.9197080291970803,0.056818181818181816,38,18.491484184914842,0.2727272727272727,4,1.9464720194647203,0.045454545454545456,40,19.464720194647203,0.26136363636363635,6,2.9197080291970803,0.045454545454545456,47,22.871046228710462,0.32954545454545453,55,26.7639902676399,0.36363636363636365
ep_166_whisperx_diarized.gender.host_guest,SPEAKER_01,GUEST,male,13203,88,43,3.2568355676740133,19,1.4390668787396803,0,0.0,0.0,0,0.0,0.0,1,0.07574036203893054,0.011363636363636364,0,0.0,0.0,0,0.0,0.0,0,0.0,0.0,0,0.0,0.0,86,6.5136711353480266,0.42045454545454547,19,1.4390668787396803,0.17045454545454544,9,0.6816632583503749,0.09090909090909091,0,0.0,0.0,21,1.5905476028175414,0.056818181818181816,4,0.3029614481557222,0.045454545454545456,318,24.085435128379913,0.7727272727272727,145,10.982352495644928,0.45454545454545453,227,17.193062182837235,0.5909090909090909,82,6.210709687192304,0.29545454545454547,269,20.374157388472316,0.5340909090909091,102,7.725516927970915,0.4431818181818182,251,19.010830871771567,0.7840909090909091,254,19.23805195788836,0.6818181818181818
ep_167_whisperx_diarized.gender.host_guest,SPEAKER_01,GUEST,male,20300,55,231,11.379310344827587,60,2.9556650246305423,6,0.29556650246305416,0.05454545454545454,0,0.0,0.0,5,0.2463054187192118,0.09090909090909091,0,0.0,0.0,0,0.0,0.0,0,0.0,0.0,2,0.09852216748768473,0.03636363636363636,335,16.502463054187192,0.8909090909090909,210,10.344827586206897,0.7818181818181819,13,0.6403940886699507,0.21818181818181817,0,0.0,0.0,9,0.4433497536945813,0.10909090909090909,0,0.0,0.0,612,30.147783251231527,0.9636363636363636,388,19.113300492610836,0.8545454545454545,334,16.453201970443352,0.7636363636363637,109,5.3694581280788185,0.5454545454545454,246,12.11822660098522,0.7454545454545455,43,2.1182266009852215,0.41818181818181815,844,41.576354679802954,0.9818181818181818,342,16.84729064039409,0.8363636363636363
ep_167_whisperx_diarized.gender.host_guest,SPEAKER_00,HOST,male,2802,54,16,5.710206995003569,4,1.4275517487508922,1,0.35688793718772305,0.018518518518518517,1,0.35688793718772305,0.018518518518518517,5,1.7844396859386151,0.09259259259259259,1,0.35688793718772305,0.018518518518518517,0,0.0,0.0,0,0.0,0.0,0,0.0,0.0,34,12.134189864382584,0.37037037037037035,12,4.282655246252677,0.2037037037037037,0,0.0,0.0,0,0.0,0.0,0,0.0,0.0,5,1.7844396859386151,0.09259259259259259,71,25.339043540328337,0.5555555555555556,49,17.48750892219843,0.35185185185185186,39,13.918629550321198,0.24074074074074073,18,6.423982869379015,0.25925925925925924,52,18.558172733761598,0.3333333333333333,4,1.4275517487508922,0.07407407407407407,114,40.68522483940043,0.6666666666666666,22,7.851534618129907,0.2037037037037037
ep_168_whisperx_diarized.gender.host_guest,SPEAKER_01,GUEST,male,5093,57,13,2.5525230708816022,8,1.5707834282348323,1,0.19634792852935404,0.017543859649122806,1,0.19634792852935404,0.017543859649122806,0,0.0,0.0,0,0.0,0.0,0,0.0,0.0,0,0.0,0.0,0,0.0,0.0,39,7.657569212644806,0.38596491228070173,14,2.7488709994109564,0.24561403508771928,1,0.19634792852935404,0.017543859649122806,0,0.0,0.0,0,0.0,0.0,3,0.589043785588062,0.05263157894736842,107,21.00922835264088,0.5789473684210527,75,14.72609463970155,0.3157894736842105,201,39.46593363440016,0.8070175438596491,38,7.461221284115452,0.2982456140350877,115,22.58001178087571,0.5964912280701754,65,12.76261535440801,0.3333333333333333,91,17.867661496171216,0.5964912280701754,133,26.114274494404082,0.7192982456140351
ep_168_whisperx_diarized.gender.host_guest,SPEAKER_00,HOST,male,2028,56,8,3.9447731755424065,1,0.4930966469428008,5,2.465483234714004,0.017857142857142856,1,0.4930966469428008,0.017857142857142856,0,0.0,0.0,0,0.0,0.0,0,0.0,0.0,0,0.0,0.0,0,0.0,0.0,36,17.75147928994083,0.39285714285714285,22,10.848126232741617,0.32142857142857145,1,0.4930966469428008,0.017857142857142856,0,0.0,0.0,1,0.4930966469428008,0.017857142857142856,8,3.9447731755424065,0.14285714285714285,53,26.134122287968445,0.6607142857142857,9,4.437869822485207,0.10714285714285714,89,43.88560157790927,0.5714285714285714,7,3.4516765285996054,0.125,57,28.106508875739646,0.5178571428571429,7,3.4516765285996054,0.10714285714285714,67,33.03747534516766,0.5714285714285714,55,27.120315581854044,0.42857142857142855
ep_169_whisperx_diarized.gender.host_guest,SPEAKER_00,GUEST,male,22429,172,50,2.229256765794284,50,2.229256765794284,2,0.08917027063177137,0.011627906976744186,4,0.17834054126354273,0.023255813953488372,2,0.08917027063177137,0.011627906976744186,0,0.0,0.0,0,0.0,0.0,1,0.044585135315885684,0.005813953488372093,2,0.08917027063177137,0.011627906976744186,122,5.439386508538054,0.37209302325581395,46,2.0509162245307415,0.20930232558139536,4,0.17834054126354273,0.023255813953488372,0,0.0,0.0,17,0.7579473003700566,0.06976744186046512,5,0.22292567657942844,0.029069767441860465,649,28.93575282000981,0.7441860465116279,284,12.662178429711533,0.42441860465116277,209,9.31829328102011,0.43023255813953487,140,6.241918944223996,0.4011627906976744,832,37.094832582816885,0.6918604651162791,117,5.216460831958625,0.3546511627906977,617,27.509028489901468,0.75,277,12.350082482500335,0.5348837209302325
ep_169_whisperx_diarized.gender.host_guest,SPEAKER_01,HOST,male,5193,172,15,2.8885037550548818,9,1.7331022530329288,5,0.9628345850182939,0.011627906976744186,1,0.19256691700365877,0.005813953488372093,1,0.19256691700365877,0.005813953488372093,0,0.0,0.0,0,0.0,0.0,0,0.0,0.0,0,0.0,0.0,49,9.435778933179279,0.16279069767441862,17,3.273637589062199,0.05813953488372093,0,0.0,0.0,1,0.19256691700365877,0.005813953488372093,2,0.38513383400731754,0.011627906976744186,15,2.8885037550548818,0.0872093023255814,158,30.425572886578088,0.5813953488372093,52,10.013479684190255,0.1569767441860465,87,16.753321779318313,0.2616279069767442,29,5.5844405931061045,0.11046511627906977,119,22.915463123435394,0.3488372093023256,15,2.8885037550548818,0.0755813953488372,211,40.63161948777201,0.47093023255813954,79,15.212786443289044,0.22674418604651161
ep_170_whisperx_diarized.gender.host_guest,SPEAKER_00,HOST,male,2347,45,12,5.112910097997443,2,0.8521516829995739,1,0.42607584149978694,0.022222222222222223,0,0.0,0.0,1,0.42607584149978694,0.022222222222222223,0,0.0,0.0,0,0.0,0.0,0,0.0,0.0,0,0.0,0.0,35,14.912654452492545,0.4444444444444444,18,7.6693651469961654,0.35555555555555557,2,0.8521516829995739,0.044444444444444446,0,0.0,0.0,0,0.0,0.0,1,0.42607584149978694,0.022222222222222223,53,22.58201959948871,0.4444444444444444,47,20.025564550489985,0.37777777777777777,45,19.173412867490413,0.3111111111111111,20,8.521516829995738,0.26666666666666666,69,29.3992330634853,0.5111111111111111,14,5.965061780997018,0.2,103,43.88581167447806,0.5777777777777777,34,14.486578610992757,0.3111111111111111
ep_170_whisperx_diarized.gender.host_guest,SPEAKER_01,GUEST,male,6359,44,29,4.560465481994024,23,3.6169208995125017,1,0.15725743041358706,0.022727272727272728,2,0.3145148608271741,0.045454545454545456,0,0.0,0.0,3,0.47177229124076114,0.022727272727272728,1,0.15725743041358706,0.022727272727272728,0,0.0,0.0,1,0.15725743041358706,0.022727272727272728,79,12.423337002673376,0.6363636363636364,27,4.24595062116685,0.4318181818181818,7,1.1008020128951093,0.1590909090909091,2,0.3145148608271741,0.022727272727272728,1,0.15725743041358706,0.022727272727272728,2,0.3145148608271741,0.045454545454545456,132,20.757980814593488,0.7045454545454546,107,16.826545054253813,0.6363636363636364,115,18.08460449756251,0.4318181818181818,53,8.334643811920113,0.5227272727272727,176,27.67730775279132,0.6363636363636364,53,8.334643811920113,0.36363636363636365,169,26.57650573989621,0.8636363636363636,171,26.891020600723387,0.75
ep_171_whisperx_diarized.gender.host_guest,SPEAKER_01,HOST,male,2691,64,16,5.945745076179859,15,5.574136008918618,2,0.7432181345224824,0.03125,0,0.0,0.0,1,0.3716090672612412,0.015625,0,0.0,0.0,0,0.0,0.0,2,0.7432181345224824,0.015625,0,0.0,0.0,31,11.519881085098476,0.328125,11,4.087699739873653,0.140625,2,0.7432181345224824,0.03125,0,0.0,0.0,0,0.0,0.0,10,3.7160906726124114,0.15625,58,21.55332590115199,0.4375,35,13.006317354143443,0.28125,27,10.033444816053512,0.21875,20,7.432181345224823,0.203125,76,28.24228911185433,0.5625,11,4.087699739873653,0.171875,145,53.88331475287997,0.734375,32,11.891490152359719,0.3125
ep_171_whisperx_diarized.gender.host_guest,SPEAKER_00,GUEST,male,8927,64,54,6.049064635375826,41,4.592808334266831,4,0.4480788618796908,0.0625,0,0.0,0.0,1,0.1120197154699227,0.015625,0,0.0,0.0,2,0.2240394309398454,0.03125,0,0.0,0.0,2,0.2240394309398454,0.03125,104,11.65005040887196,0.5,36,4.0327097569172174,0.3125,5,0.5600985773496135,0.078125,0,0.0,0.0,1,0.1120197154699227,0.015625,1,0.1120197154699227,0.015625,233,26.100593704491992,0.640625,191,21.395765654755238,0.4375,128,14.338523580150106,0.421875,50,5.600985773496135,0.40625,281,31.47754004704828,0.625,23,2.576453455808222,0.234375,276,30.917441469698666,0.703125,72,8.065419513834435,0.4375
ep_172_whisperx_diarized.gender.host_guest,SPEAKER_01,HOST,male,2330,89,11,4.721030042918454,0,0.0,2,0.8583690987124463,0.02247191011235955,0,0.0,0.0,0,0.0,0.0,0,0.0,0.0,0,0.0,0.0,0,0.0,0.0,0,0.0,0.0,45,19.313304721030043,0.2808988764044944,16,6.86695278969957,0.14606741573033707,2,0.8583690987124463,0.02247191011235955,0,0.0,0.0,0,0.0,0.0,20,8.583690987124463,0.2247191011235955,60,25.751072961373392,0.4157303370786517,27,11.587982832618025,0.10112359550561797,58,24.892703862660944,0.2808988764044944,7,3.0042918454935625,0.07865168539325842,62,26.609442060085836,0.3595505617977528,10,4.291845493562231,0.06741573033707865,72,30.901287553648068,0.3595505617977528,23,9.871244635193134,0.15730337078651685
ep_172_whisperx_diarized.gender.host_guest,SPEAKER_00,GUEST,male,9903,88,30,3.029385034837928,7,0.7068565081288498,1,0.10097950116126427,0.011363636363636364,0,0.0,0.0,0,0.0,0.0,0,0.0,0.0,0,0.0,0.0,0,0.0,0.0,0,0.0,0.0,96,9.69403211148137,0.48863636363636365,23,2.3225285267090783,0.1590909090909091,10,1.0097950116126426,0.09090909090909091,0,0.0,0.0,2,0.20195900232252853,0.022727272727272728,10,1.0097950116126426,0.11363636363636363,254,25.648793294961123,0.7159090909090909,92,9.290114106836313,0.36363636363636365,235,23.730182772897102,0.5454545454545454,40,4.0391800464505705,0.25,277,27.9713218216702,0.6136363636363636,33,3.3323235383217207,0.2727272727272727,241,24.336059779864687,0.6704545454545454,127,12.824396647480562,0.48863636363636365
ep_173_whisperx_diarized.gender.host_guest,SPEAKER_00,GUEST,male,10248,26,98,9.562841530054644,37,3.6104605776736927,0,0.0,0.0,0,0.0,0.0,0,0.0,0.0,0,0.0,0.0,0,0.0,0.0,0,0.0,0.0,0,0.0,0.0,151,14.734582357533178,0.8846153846153846,86,8.391881342701016,0.6923076923076923,10,0.975800156128025,0.2692307692307692,0,0.0,0.0,1,0.0975800156128025,0.038461538461538464,0,0.0,0.0,367,35.811865729898514,0.9230769230769231,184,17.95472287275566,0.8076923076923077,169,16.491022638563624,0.8076923076923077,45,4.391100702576112,0.6923076923076923,126,12.295081967213115,0.8076923076923077,9,0.8782201405152225,0.23076923076923078,410,40.00780640124903,0.9230769230769231,131,12.782982045277128,0.7692307692307693
ep_173_whisperx_diarized.gender.host_guest,SPEAKER_01,HOST,male,2098,25,3,1.4299332697807434,3,1.4299332697807434,5,2.3832221163012393,0.08,0,0.0,0.0,1,0.47664442326024786,0.04,0,0.0,0.0,0,0.0,0.0,0,0.0,0.0,0,0.0,0.0,22,10.486177311725452,0.52,11,5.243088655862726,0.32,1,0.47664442326024786,0.04,0,0.0,0.0,0,0.0,0.0,1,0.47664442326024786,0.04,62,29.551954242135366,0.88,40,19.065776930409914,0.44,29,13.822688274547188,0.56,12,5.719733079122974,0.32,50,23.83222116301239,0.64,7,3.3365109628217353,0.28,73,34.795042897998094,0.68,20,9.532888465204957,0.4
ep_174_whisperx_diarized.gender.host_guest,SPEAKER_01,HOST,male,3604,38,8,2.2197558268590454,11,3.0521642619311877,1,0.27746947835738067,0.02631578947368421,2,0.5549389567147613,0.05263157894736842,0,0.0,0.0,0,0.0,0.0,0,0.0,0.0,0,0.0,0.0,0,0.0,0.0,25,6.936736958934517,0.2894736842105263,14,3.8845726970033296,0.18421052631578946,3,0.832408435072142,0.07894736842105263,0,0.0,0.0,0,0.0,0.0,1,0.27746947835738067,0.02631578947368421,116,32.186459489456155,0.5263157894736842,85,23.58490566037736,0.42105263157894735,107,29.689234184239734,0.3684210526315789,19,5.2719200887902335,0.2631578947368421,64,17.758046614872363,0.4473684210526316,4,1.1098779134295227,0.07894736842105263,97,26.914539400665927,0.5,53,14.705882352941176,0.3684210526315789
ep_174_whisperx_diarized.gender.host_guest,SPEAKER_00,GUEST,unknown,5546,37,18,3.2455824017309776,9,1.6227912008654888,2,0.3606202668589975,0.05405405405405406,0,0.0,0.0,0,0.0,0.0,1,0.18031013342949875,0.02702702702702703,0,0.0,0.0,2,0.3606202668589975,0.05405405405405406,0,0.0,0.0,37,6.671474936891453,0.2702702702702703,11,1.9834114677244858,0.16216216216216217,5,0.9015506671474937,0.13513513513513514,0,0.0,0.0,6,1.0818608005769925,0.10810810810810811,1,0.18031013342949875,0.02702702702702703,100,18.031013342949876,0.6216216216216216,51,9.195816804904435,0.4864864864864865,116,20.915975477821856,0.5405405405405406,26,4.688063469166967,0.2972972972972973,182,32.816444284168774,0.6756756756756757,50,9.015506671474938,0.3783783783783784,96,17.30977280923188,0.6486486486486487,142,25.60403894698882,0.5675675675675675
ep_175_whisperx_diarized.gender.host_guest,SPEAKER_01,HOST,male,1756,37,10,5.694760820045558,4,2.277904328018223,1,0.5694760820045558,0.02702702702702703,0,0.0,0.0,1,0.5694760820045558,0.02702702702702703,0,0.0,0.0,0,0.0,0.0,0,0.0,0.0,0,0.0,0.0,24,13.66742596810934,0.3783783783783784,9,5.125284738041002,0.21621621621621623,2,1.1389521640091116,0.05405405405405406,0,0.0,0.0,0,0.0,0.0,3,1.7084282460136675,0.08108108108108109,36,20.50113895216401,0.5945945945945946,15,8.542141230068337,0.16216216216216217,28,15.945330296127564,0.2972972972972973,6,3.416856492027335,0.16216216216216217,29,16.514806378132118,0.40540540540540543,3,1.7084282460136675,0.05405405405405406,68,38.724373576309794,0.6486486486486487,25,14.236902050113894,0.3783783783783784
ep_175_whisperx_diarized.gender.host_guest,SPEAKER_00,GUEST,male,9350,37,24,2.5668449197860963,34,3.6363636363636362,0,0.0,0.0,0,0.0,0.0,1,0.10695187165775401,0.02702702702702703,0,0.0,0.0,0,0.0,0.0,0,0.0,0.0,0,0.0,0.0,84,8.983957219251337,0.7297297297297297,31,3.3155080213903743,0.43243243243243246,15,1.6042780748663101,0.2972972972972973,0,0.0,0.0,1,0.10695187165775401,0.02702702702702703,0,0.0,0.0,228,24.385026737967912,0.8918918918918919,75,8.02139037433155,0.5405405405405406,215,22.994652406417114,0.6756756756756757,21,2.2459893048128343,0.43243243243243246,156,16.684491978609625,0.7837837837837838,17,1.8181818181818181,0.2702702702702703,253,27.058823529411764,0.8918918918918919,156,16.684491978609625,0.7567567567567568
ep_176_whisperx_diarized.gender.host_guest,SPEAKER_01,HOST,male,1223,48,1,0.8176614881439085,3,2.4529844644317254,0,0.0,0.0,0,0.0,0.0,1,0.8176614881439085,0.020833333333333332,3,2.4529844644317254,0.020833333333333332,0,0.0,0.0,0,0.0,0.0,0,0.0,0.0,9,7.358953393295176,0.16666666666666666,5,4.088307440719542,0.10416666666666667,0,0.0,0.0,1,0.8176614881439085,0.020833333333333332,0,0.0,0.0,6,4.905968928863451,0.125,37,30.25347506132461,0.5416666666666666,0,0.0,0.0,31,25.347506132461163,0.25,0,0.0,0.0,24,19.623875715453803,0.3333333333333333,3,2.4529844644317254,0.0625,37,30.25347506132461,0.375,21,17.170891251022077,0.3125
ep_176_whisperx_diarized.gender.host_guest,SPEAKER_00,GUEST,male,5902,47,11,1.8637749915282955,13,2.2026431718061676,1,0.16943409013893596,0.02127659574468085,0,0.0,0.0,0,0.0,0.0,2,0.3388681802778719,0.0425531914893617,1,0.16943409013893596,0.02127659574468085,0,0.0,0.0,0,0.0,0.0,40,6.777363605557438,0.40425531914893614,7,1.1860386309725517,0.1276595744680851,6,1.0166045408336157,0.10638297872340426,3,0.5083022704168079,0.0425531914893617,1,0.16943409013893596,0.02127659574468085,0,0.0,0.0,122,20.670958996950187,0.6382978723404256,37,6.26906133514063,0.40425531914893614,90,15.249068112504236,0.5106382978723404,15,2.541511352084039,0.2127659574468085,116,19.65435445611657,0.6382978723404256,21,3.558115892917655,0.2553191489361702,132,22.365299898339547,0.6808510638297872,164,27.787190782785498,0.7446808510638298
ep_177_whisperx_diarized.gender.host_guest,SPEAKER_00,GUEST,male,8923,45,48,5.379356718592402,9,1.0086293847360752,1,0.11206993163734169,0.022222222222222223,0,0.0,0.0,0,0.0,0.0,0,0.0,0.0,0,0.0,0.0,0,0.0,0.0,0,0.0,0.0,143,16.026000224139864,0.8,68,7.620755351339235,0.6444444444444445,5,0.5603496581867085,0.08888888888888889,0,0.0,0.0,1,0.11206993163734169,0.022222222222222223,1,0.11206993163734169,0.022222222222222223,344,38.55205648324554,0.9111111111111111,181,20.284657626358847,0.7777777777777778,94,10.53457357391012,0.5555555555555556,66,7.396615488064552,0.6,199,22.301916395830997,0.8888888888888888,15,1.6810489745601256,0.2222222222222222,314,35.189958534125296,0.8666666666666667,127,14.232881317942395,0.8
ep_177_whisperx_diarized.gender.host_guest,SPEAKER_01,HOST,male,3047,44,14,4.594683295044306,5,1.6409583196586808,3,0.9845749917952085,0.022727272727272728,0,0.0,0.0,4,1.3127666557269444,0.09090909090909091,0,0.0,0.0,0,0.0,0.0,0,0.0,0.0,0,0.0,0.0,65,21.33245815556285,0.5681818181818182,41,13.455858221201181,0.4772727272727273,3,0.9845749917952085,0.06818181818181818,0,0.0,0.0,2,0.6563833278634722,0.022727272727272728,10,3.2819166393173616,0.22727272727272727,134,43.97768296685264,0.75,53,17.394158188382015,0.22727272727272727,33,10.830324909747292,0.38636363636363635,15,4.922874958976042,0.13636363636363635,97,31.834591401378404,0.7272727272727273,8,2.625533311453889,0.18181818181818182,146,47.91598293403348,0.7954545454545454,55,18.050541516245488,0.38636363636363635
ep_178_whisperx_diarized.gender.host_guest,SPEAKER_01,HOST,male,1254,48,8,6.379585326953748,7,5.582137161084529,0,0.0,0.0,0,0.0,0.0,1,0.7974481658692185,0.020833333333333332,1,0.7974481658692185,0.020833333333333332,0,0.0,0.0,0,0.0,0.0,0,0.0,0.0,30,23.923444976076556,0.4375,15,11.961722488038278,0.2708333333333333,2,1.594896331738437,0.041666666666666664,0,0.0,0.0,0,0.0,0.0,8,6.379585326953748,0.16666666666666666,26,20.73365231259968,0.375,3,2.3923444976076556,0.0625,25,19.936204146730464,0.3125,5,3.987240829346092,0.10416666666666667,36,28.70813397129187,0.3958333333333333,3,2.3923444976076556,0.0625,48,38.27751196172249,0.4583333333333333,13,10.36682615629984,0.16666666666666666
ep_178_whisperx_diarized.gender.host_guest,SPEAKER_00,GUEST,male,13380,48,47,3.51270553064275,40,2.9895366218236172,0,0.0,0.0,0,0.0,0.0,1,0.07473841554559044,0.020833333333333332,1,0.07473841554559044,0.020833333333333332,0,0.0,0.0,0,0.0,0.0,0,0.0,0.0,113,8.445440956651717,0.6666666666666666,52,3.8863976083707024,0.5625,22,1.6442451420029895,0.3541666666666667,1,0.07473841554559044,0.020833333333333332,2,0.14947683109118087,0.020833333333333332,2,0.14947683109118087,0.041666666666666664,316,23.61733931240658,0.8333333333333334,123,9.192825112107624,0.7083333333333334,281,21.00149476831091,0.6875,64,4.783258594917788,0.4791666666666667,232,17.33931240657698,0.7083333333333334,41,3.064275037369208,0.3541666666666667,319,23.84155455904335,0.7708333333333334,157,11.733931240657698,0.625
ep_179_whisperx_diarized.gender.host_guest,SPEAKER_01,HOST,male,2564,95,14,5.46021840873635,9,3.510140405616225,3,1.1700468018720749,0.010526315789473684,0,0.0,0.0,0,0.0,0.0,0,0.0,0.0,0,0.0,0.0,0,0.0,0.0,0,0.0,0.0,36,14.0405616224649,0.25263157894736843,20,7.800312012480499,0.17894736842105263,4,1.5600624024960998,0.042105263157894736,2,0.7800312012480499,0.010526315789473684,3,1.1700468018720749,0.010526315789473684,20,7.800312012480499,0.21052631578947367,55,21.45085803432137,0.37894736842105264,18,7.02028081123245,0.11578947368421053,63,24.570982839313572,0.2736842105263158,14,5.46021840873635,0.12631578947368421,64,24.960998439937597,0.3473684210526316,4,1.5600624024960998,0.042105263157894736,106,41.34165366614664,0.49473684210526314,72,28.0811232449298,0.43157894736842106
ep_179_whisperx_diarized.gender.host_guest,SPEAKER_00,GUEST,female,9283,95,38,4.093504255089949,50,5.38618980932888,0,0.0,0.0,0,0.0,0.0,0,0.0,0.0,0,0.0,0.0,0,0.0,0.0,0,0.0,0.0,0,0.0,0.0,79,8.510179898739631,0.42105263157894735,44,4.739847032209415,0.3263157894736842,8,0.8617903694926209,0.07368421052631578,1,0.10772379618657761,0.010526315789473684,5,0.5386189809328881,0.031578947368421054,9,0.9695141656791986,0.09473684210526316,265,28.54680598944307,0.6526315789473685,104,11.20327480340407,0.4631578947368421,119,12.819131746202736,0.3894736842105263,46,4.95529462458257,0.3263157894736842,302,32.532586448346436,0.6526315789473685,45,4.847570828395992,0.30526315789473685,329,35.44112894538404,0.6631578947368421,179,19.282559517397395,0.5473684210526316
ep_180_whisperx_diarized.gender.host_guest,SPEAKER_00,HOST,male,4103,127,11,2.680965147453083,4,0.9748964172556666,2,0.4874482086278333,0.007874015748031496,0,0.0,0.0,0,0.0,0.0,0,0.0,0.0,0,0.0,0.0,0,0.0,0.0,0,0.0,0.0,62,15.110894467462831,0.2755905511811024,25,6.093102607847917,0.14960629921259844,4,0.9748964172556666,0.031496062992125984,0,0.0,0.0,0,0.0,0.0,16,3.8995856690226662,0.12598425196850394,106,25.834755057275164,0.4566929133858268,36,8.774067755301,0.11811023622047244,109,26.565927370216915,0.2677165354330709,10,2.4372410431391662,0.07874015748031496,66,16.0857908847185,0.31496062992125984,2,0.4874482086278333,0.015748031496062992,113,27.540823787472583,0.36220472440944884,52,12.673653424323664,0.2440944881889764
ep_180_whisperx_diarized.gender.host_guest,SPEAKER_01,GUEST,male,11965,126,53,4.42958629335562,25,2.089427496865859,0,0.0,0.0,0,0.0,0.0,0,0.0,0.0,0,0.0,0.0,0,0.0,0.0,0,0.0,0.0,0,0.0,0.0,120,10.02925198495612,0.3968253968253968,42,3.510238194734643,0.19047619047619047,10,0.8357709987463435,0.07142857142857142,2,0.1671541997492687,0.007936507936507936,8,0.6686167989970748,0.047619047619047616,6,0.5014625992478061,0.047619047619047616,383,32.01002925198495,0.6349206349206349,81,6.769745089845383,0.3253968253968254,215,17.969076473046385,0.4444444444444444,37,3.092352695361471,0.24603174603174602,375,31.341412452987882,0.5793650793650794,40,3.343083994985374,0.20634920634920634,348,29.084830756372757,0.6428571428571429,116,9.694943585457585,0.3492063492063492
ep_181_whisperx_diarized.gender.host_guest,SPEAKER_01,HOST,male,2198,30,11,5.004549590536851,2,0.9099181073703367,2,0.9099181073703367,0.03333333333333333,0,0.0,0.0,2,0.9099181073703367,0.03333333333333333,0,0.0,0.0,0,0.0,0.0,1,0.45495905368516837,0.03333333333333333,1,0.45495905368516837,0.03333333333333333,23,10.464058234758872,0.36666666666666664,17,7.734303912647862,0.3333333333333333,2,0.9099181073703367,0.06666666666666667,0,0.0,0.0,1,0.45495905368516837,0.03333333333333333,3,1.364877161055505,0.1,57,25.932666060054597,0.6333333333333333,54,24.56778889899909,0.3,60,27.2975432211101,0.5,21,9.554140127388534,0.3,41,18.653321201091902,0.43333333333333335,4,1.8198362147406735,0.13333333333333333,102,46.40582347588717,0.7,25,11.373976342129207,0.43333333333333335
ep_181_whisperx_diarized.gender.host_guest,SPEAKER_00,GUEST,male,12253,29,57,4.65192197829103,24,1.9587039908593815,0,0.0,0.0,0,0.0,0.0,0,0.0,0.0,0,0.0,0.0,0,0.0,0.0,0,0.0,0.0,0,0.0,0.0,121,9.875132620582713,0.5517241379310345,49,3.99902064800457,0.3448275862068966,17,1.3874153268587284,0.3793103448275862,0,0.0,0.0,2,0.16322533257161512,0.06896551724137931,1,0.08161266628580756,0.034482758620689655,397,32.4002285154656,0.7586206896551724,116,9.467069289153677,0.5862068965517241,310,25.299926548600343,0.7241379310344828,45,3.67256998286134,0.41379310344827586,166,13.547702603444055,0.7586206896551724,28,2.2851546560026117,0.4482758620689655,299,24.402187219456458,0.8275862068965517,202,16.485758589733127,0.7931034482758621
ep_182_whisperx_diarized.gender.host_guest,SPEAKER_00,HOST,male,1762,33,7,3.9727582292849033,4,2.2701475595913734,1,0.5675368898978433,0.030303030303030304,0,0.0,0.0,0,0.0,0.0,0,0.0,0.0,0,0.0,0.0,0,0.0,0.0,0,0.0,0.0,27,15.32349602724177,0.45454545454545453,26,14.755959137343927,0.45454545454545453,6,3.40522133938706,0.18181818181818182,0,0.0,0.0,1,0.5675368898978433,0.030303030303030304,6,3.40522133938706,0.18181818181818182,39,22.13393870601589,0.2727272727272727,43,24.404086265607265,0.24242424242424243,31,17.593643586833142,0.3333333333333333,18,10.21566401816118,0.21212121212121213,52,29.511918274687854,0.6060606060606061,2,1.1350737797956867,0.06060606060606061,46,26.106696935300793,0.42424242424242425,20,11.350737797956867,0.30303030303030304
ep_182_whisperx_diarized.gender.host_guest,SPEAKER_01,GUEST,male,8191,33,15,1.8312782322060799,14,1.7091930167256746,0,0.0,0.0,0,0.0,0.0,0,0.0,0.0,0,0.0,0.0,0,0.0,0.0,0,0.0,0.0,1,0.12208521548040532,0.030303030303030304,75,9.156391161030399,0.5454545454545454,29,3.5404712489317545,0.3333333333333333,6,0.732511292882432,0.15151515151515152,1,0.12208521548040532,0.030303030303030304,3,0.366255646441216,0.09090909090909091,2,0.24417043096081065,0.06060606060606061,166,20.266145769747283,0.6060606060606061,92,11.231839824197289,0.6363636363636364,175,21.36491270907093,0.48484848484848486,61,7.447198144304725,0.6363636363636364,127,15.504822366011476,0.6666666666666666,18,2.1975338786472958,0.30303030303030304,148,18.068611891099987,0.6666666666666666,195,23.806617018679038,0.5757575757575758
ep_183_whisperx_diarized.gender.host_guest,SPEAKER_01,HOST,male,2017,27,8,3.9662865642042635,2,0.9915716410510659,1,0.49578582052553294,0.037037037037037035,0,0.0,0.0,0,0.0,0.0,1,0.49578582052553294,0.037037037037037035,0,0.0,0.0,0,0.0,0.0,0,0.0,0.0,31,15.369360436291522,0.5185185185185185,15,7.4367873078829945,0.37037037037037035,2,0.9915716410510659,0.037037037037037035,0,0.0,0.0,3,1.487357461576599,0.1111111111111111,3,1.487357461576599,0.1111111111111111,51,25.28507684680218,0.5925925925925926,24,11.898859692612792,0.37037037037037035,29,14.377788795240455,0.37037037037037035,11,5.4536440257808625,0.2962962962962963,62,30.738720872583045,0.8148148148148148,4,1.9831432821021318,0.1111111111111111,58,28.75557759048091,0.6296296296296297,27,13.38621715418939,0.3333333333333333
ep_183_whisperx_diarized.gender.host_guest,SPEAKER_00,GUEST,male,5127,27,4,0.7801833430856252,3,0.5851375073142189,1,0.1950458357714063,0.037037037037037035,0,0.0,0.0,2,0.3900916715428126,0.037037037037037035,0,0.0,0.0,0,0.0,0.0,0,0.0,0.0,0,0.0,0.0,56,10.922566803198752,0.5555555555555556,9,1.7554125219426564,0.18518518518518517,0,0.0,0.0,0,0.0,0.0,2,0.3900916715428126,0.037037037037037035,1,0.1950458357714063,0.037037037037037035,151,29.451921201482346,0.8148148148148148,22,4.291008386970939,0.4074074074074074,179,34.913204603081724,0.7407407407407407,14,2.730641700799688,0.25925925925925924,124,24.185683635654378,0.6666666666666666,25,4.876145894285157,0.4444444444444444,221,43.10512970548079,0.8518518518518519,32,6.241466744685002,0.4074074074074074
ep_184_whisperx_diarized.gender.host_guest,SPEAKER_00,HOST,male,1501,16,6,3.997335109926716,1,0.6662225183211192,3,1.998667554963358,0.0625,0,0.0,0.0,0,0.0,0.0,1,0.6662225183211192,0.0625,0,0.0,0.0,0,0.0,0.0,0,0.0,0.0,22,14.656895403064622,0.5,11,7.328447701532311,0.4375,1,0.6662225183211192,0.0625,0,0.0,0.0,1,0.6662225183211192,0.0625,1,0.6662225183211192,0.0625,40,26.64890073284477,0.625,24,15.989340439706863,0.5,32,21.319120586275815,0.5625,6,3.997335109926716,0.1875,24,15.989340439706863,0.5,1,0.6662225183211192,0.0625,52,34.643570952698205,0.75,12,7.994670219853432,0.4375
ep_184_whisperx_diarized.gender.host_guest,SPEAKER_01,GUEST,male,6229,15,69,11.077219457376787,9,1.4448547118317547,0,0.0,0.0,0,0.0,0.0,2,0.321078824851501,0.13333333333333333,0,0.0,0.0,0,0.0,0.0,0,0.0,0.0,0,0.0,0.0,121,19.425268903515814,0.8,76,12.20099534435704,0.7333333333333333,0,0.0,0.0,1,0.1605394124257505,0.06666666666666667,6,0.9632364745545031,0.2,0,0.0,0.0,148,23.759833039011077,0.8,58,9.31128592069353,0.7333333333333333,137,21.99389950232782,0.8,16,2.568630598812008,0.5333333333333333,128,20.549044790496065,0.8,20,3.2107882485150103,0.6666666666666666,166,26.64954246267459,0.8,124,19.906887140793067,0.8
ep_185_whisperx_diarized.gender.host_guest,SPEAKER_01,HOST,male,3780,112,21,5.555555555555555,18,4.761904761904763,0,0.0,0.0,0,0.0,0.0,4,1.0582010582010584,0.03571428571428571,0,0.0,0.0,0,0.0,0.0,2,0.5291005291005292,0.017857142857142856,2,0.5291005291005292,0.017857142857142856,60,15.873015873015872,0.25,32,8.465608465608467,0.1875,6,1.5873015873015872,0.044642857142857144,0,0.0,0.0,4,1.0582010582010584,0.017857142857142856,15,3.968253968253968,0.13392857142857142,107,28.306878306878307,0.3482142857142857,89,23.544973544973544,0.25892857142857145,26,6.878306878306878,0.10714285714285714,41,10.846560846560847,0.19642857142857142,127,33.5978835978836,0.375,11,2.91005291005291,0.08035714285714286,178,47.08994708994709,0.45535714285714285,84,22.22222222222222,0.375
ep_185_whisperx_diarized.gender.host_guest,SPEAKER_00,GUEST,female,7892,112,45,5.701976685250887,22,2.787633046122656,0,0.0,0.0,3,0.38013177901672585,0.026785714285714284,0,0.0,0.0,0,0.0,0.0,1,0.12671059300557527,0.008928571428571428,0,0.0,0.0,0,0.0,0.0,85,10.770400405473897,0.4107142857142857,45,5.701976685250887,0.2767857142857143,12,1.5205271160669034,0.09821428571428571,0,0.0,0.0,4,0.5068423720223011,0.03571428571428571,2,0.25342118601115055,0.017857142857142856,173,21.920932589964522,0.48214285714285715,122,15.458692346680182,0.45535714285714285,76,9.63000506842372,0.24107142857142858,81,10.263558033451597,0.4375,206,26.102382159148505,0.45535714285714285,37,4.688291941206285,0.20535714285714285,226,28.636594019260013,0.5714285714285714,196,24.835276229092752,0.5267857142857143
ep_186_whisperx_diarized.gender.host_guest,SPEAKER_00,HOST,male,3471,92,16,4.609622587150677,6,1.7286084701815039,4,1.1524056467876693,0.03260869565217391,0,0.0,0.0,4,1.1524056467876693,0.043478260869565216,0,0.0,0.0,0,0.0,0.0,0,0.0,0.0,1,0.28810141169691733,0.010869565217391304,50,14.405070584845864,0.25,20,5.762028233938346,0.14130434782608695,2,0.5762028233938347,0.021739130434782608,0,0.0,0.0,0,0.0,0.0,13,3.745318352059925,0.14130434782608695,87,25.064822817631807,0.532608695652174,115,33.131662345145486,0.391304347826087,31,8.931143762604437,0.14130434782608695,34,9.79544799769519,0.21739130434782608,75,21.6076058772688,0.31521739130434784,15,4.32152117545376,0.13043478260869565,155,44.65571881302218,0.5652173913043478,74,21.31950446557188,0.34782608695652173
ep_186_whisperx_diarized.gender.host_guest,SPEAKER_01,GUEST,female,14402,92,70,4.860436050548535,29,2.013609220941536,2,0.13886960144424385,0.010869565217391304,0,0.0,0.0,1,0.06943480072212192,0.010869565217391304,1,0.06943480072212192,0.010869565217391304,0,0.0,0.0,0,0.0,0.0,0,0.0,0.0,161,11.17900291626163,0.4782608695652174,44,3.0551312317733648,0.2717391304347826,13,0.9026524093875851,0.13043478260869565,0,0.0,0.0,10,0.6943480072212193,0.08695652173913043,3,0.20830440216636578,0.03260869565217391,418,29.023746701846967,0.7065217391304348,280,19.44174420219414,0.5543478260869565,146,10.1374809054298,0.5,84,5.832523260658242,0.40217391304347827,610,42.35522844049438,0.717391304347826,70,4.860436050548535,0.34782608695652173,429,29.787529509790307,0.8369565217391305,271,18.816830995695042,0.6195652173913043
ep_187_whisperx_diarized.gender.host_guest,SPEAKER_00,GUEST,male,4916,68,32,6.509357200976403,8,1.6273393002441008,1,0.2034174125305126,0.014705882352941176,1,0.2034174125305126,0.014705882352941176,1,0.2034174125305126,0.014705882352941176,0,0.0,0.0,0,0.0,0.0,0,0.0,0.0,0,0.0,0.0,68,13.832384052074858,0.4411764705882353,19,3.8649308380797396,0.17647058823529413,4,0.8136696501220504,0.058823529411764705,1,0.2034174125305126,0.014705882352941176,1,0.2034174125305126,0.014705882352941176,3,0.6102522375915378,0.04411764705882353,162,32.95362082994304,0.6470588235294118,120,24.410089503661514,0.5147058823529411,42,8.54353132628153,0.25,56,11.391375101708705,0.38235294117647056,131,26.64768104149715,0.5882352941176471,17,3.4580960130187144,0.19117647058823528,177,36.004882017900734,0.5735294117647058,109,22.172497965825873,0.36764705882352944
ep_187_whisperx_diarized.gender.host_guest,SPEAKER_01,HOST,male,2405,68,7,2.9106029106029108,2,0.8316008316008316,0,0.0,0.0,0,0.0,0.0,2,0.8316008316008316,0.029411764705882353,0,0.0,0.0,0,0.0,0.0,1,0.4158004158004158,0.014705882352941176,0,0.0,0.0,31,12.889812889812891,0.25,11,4.5738045738045745,0.11764705882352941,0,0.0,0.0,0,0.0,0.0,0,0.0,0.0,4,1.6632016632016633,0.058823529411764705,66,27.442827442827443,0.47058823529411764,83,34.511434511434516,0.38235294117647056,23,9.563409563409564,0.10294117647058823,35,14.553014553014554,0.2647058823529412,74,30.76923076923077,0.39705882352941174,11,4.5738045738045745,0.1323529411764706,96,39.91683991683992,0.5147058823529411,27,11.226611226611228,0.25
ep_188_whisperx_diarized.gender.host_guest,SPEAKER_01,GUEST,male,8654,89,14,1.6177490177952392,14,1.6177490177952392,0,0.0,0.0,0,0.0,0.0,0,0.0,0.0,0,0.0,0.0,0,0.0,0.0,0,0.0,0.0,0,0.0,0.0,49,5.662121562283337,0.2696629213483146,8,0.9244280101687081,0.0449438202247191,6,0.6933210076265311,0.06741573033707865,0,0.0,0.0,2,0.23110700254217703,0.02247191011235955,3,0.3466605038132656,0.033707865168539325,212,24.497342269470764,0.6292134831460674,134,15.48416917032586,0.34831460674157305,109,12.595331638548647,0.3595505617977528,74,8.55095909406055,0.2696629213483146,168,19.41298821354287,0.5168539325842697,29,3.3510515368615668,0.14606741573033707,167,19.29743471227178,0.5617977528089888,272,31.43055234573608,0.6741573033707865
ep_188_whisperx_diarized.gender.host_guest,SPEAKER_00,HOST,male,2385,89,4,1.6771488469601676,2,0.8385744234800838,1,0.4192872117400419,0.011235955056179775,0,0.0,0.0,1,0.4192872117400419,0.011235955056179775,1,0.4192872117400419,0.011235955056179775,1,0.4192872117400419,0.011235955056179775,0,0.0,0.0,1,0.4192872117400419,0.011235955056179775,21,8.80503144654088,0.16853932584269662,3,1.2578616352201257,0.033707865168539325,2,0.8385744234800838,0.02247191011235955,0,0.0,0.0,0,0.0,0.0,9,3.7735849056603774,0.10112359550561797,65,27.253668763102723,0.5617977528089888,30,12.578616352201259,0.1797752808988764,32,13.417190775681341,0.1797752808988764,11,4.612159329140462,0.11235955056179775,60,25.157232704402517,0.3595505617977528,4,1.6771488469601676,0.0449438202247191,52,21.80293501048218,0.2696629213483146,75,31.446540880503143,0.39325842696629215
ep_189_whisperx_diarized.gender.host_guest,SPEAKER_01,HOST,male,2173,56,6,2.761159687068569,2,0.9203865623561897,0,0.0,0.0,0,0.0,0.0,0,0.0,0.0,2,0.9203865623561897,0.017857142857142856,0,0.0,0.0,0,0.0,0.0,0,0.0,0.0,35,16.106764841233318,0.35714285714285715,14,6.4427059364933275,0.25,1,0.4601932811780948,0.017857142857142856,0,0.0,0.0,1,0.4601932811780948,0.017857142857142856,7,3.2213529682466637,0.125,45,20.708697653014266,0.44642857142857145,55,25.310630464795214,0.2857142857142857,9,4.1417395306028535,0.05357142857142857,20,9.203865623561896,0.23214285714285715,44,20.24850437183617,0.39285714285714285,15,6.902899217671422,0.25,49,22.549470777726647,0.4642857142857143,37,17.027151403589507,0.32142857142857145
ep_189_whisperx_diarized.gender.host_guest,SPEAKER_00,GUEST,male,6727,56,10,1.486546751895347,6,0.8919280511372082,0,0.0,0.0,0,0.0,0.0,0,0.0,0.0,0,0.0,0.0,0,0.0,0.0,1,0.1486546751895347,0.017857142857142856,0,0.0,0.0,58,8.621971160993013,0.4642857142857143,12,1.7838561022744164,0.17857142857142858,2,0.2973093503790694,0.03571428571428571,0,0.0,0.0,1,0.1486546751895347,0.017857142857142856,2,0.2973093503790694,0.03571428571428571,143,21.257618552103462,0.7142857142857143,49,7.284079084287201,0.39285714285714285,92,13.676230117437193,0.375,36,5.351568306823249,0.25,154,22.892819979188346,0.6428571428571429,24,3.5677122045488328,0.30357142857142855,140,20.81165452653486,0.7321428571428571,165,24.52802140627323,0.75
ep_190_whisperx_diarized.gender.host_guest,SPEAKER_00,HOST,male,2171,91,3,1.381851681252879,4,1.842468908337172,2,0.921234454168586,0.01098901098901099,0,0.0,0.0,2,0.921234454168586,0.02197802197802198,0,0.0,0.0,0,0.0,0.0,0,0.0,0.0,0,0.0,0.0,30,13.818516812528788,0.24175824175824176,7,3.2243205895900506,0.07692307692307693,2,0.921234454168586,0.02197802197802198,0,0.0,0.0,2,0.921234454168586,0.02197802197802198,9,4.145555043758637,0.0989010989010989,65,29.940119760479043,0.5934065934065934,26,11.976047904191617,0.17582417582417584,19,8.751727314601567,0.13186813186813187,16,7.369875633348688,0.13186813186813187,58,26.715799170888992,0.34065934065934067,14,6.448641179180101,0.0989010989010989,74,34.08567480423768,0.37362637362637363,56,25.794564716720405,0.32967032967032966
ep_190_whisperx_diarized.gender.host_guest,SPEAKER_01,GUEST,male,8065,91,14,1.735895846249225,4,0.49597024178549287,0,0.0,0.0,2,0.24798512089274644,0.01098901098901099,0,0.0,0.0,0,0.0,0.0,0,0.0,0.0,0,0.0,0.0,1,0.12399256044637322,0.01098901098901099,75,9.299442033477991,0.46153846153846156,18,2.231866088034718,0.13186813186813187,0,0.0,0.0,1,0.12399256044637322,0.01098901098901099,2,0.24798512089274644,0.02197802197802198,3,0.3719776813391197,0.03296703296703297,196,24.302541847489152,0.6593406593406593,125,15.499070055796652,0.46153846153846156,66,8.183508989460632,0.31868131868131866,75,9.299442033477991,0.38461538461538464,237,29.38623682579045,0.7362637362637363,50,6.199628022318661,0.2967032967032967,218,27.030378177309363,0.6483516483516484,205,25.41847489150651,0.5824175824175825
ep_191_whisperx_diarized.gender.host_guest,SPEAKER_00,HOST,male,2066,52,6,2.904162633107454,3,1.452081316553727,2,0.968054211035818,0.019230769230769232,1,0.484027105517909,0.019230769230769232,5,2.420135527589545,0.09615384615384616,2,0.968054211035818,0.038461538461538464,1,0.484027105517909,0.019230769230769232,0,0.0,0.0,1,0.484027105517909,0.019230769230769232,24,11.616650532429816,0.23076923076923078,8,3.872216844143272,0.07692307692307693,0,0.0,0.0,0,0.0,0.0,0,0.0,0.0,3,1.452081316553727,0.057692307692307696,37,17.909002904162634,0.40384615384615385,79,38.23814133591481,0.34615384615384615,25,12.100677637947724,0.23076923076923078,14,6.7763794772507255,0.19230769230769232,68,32.91384317521781,0.34615384615384615,5,2.420135527589545,0.07692307692307693,89,43.078412391093906,0.46153846153846156,40,19.36108422071636,0.38461538461538464
ep_191_whisperx_diarized.gender.host_guest,SPEAKER_01,GUEST,male,8461,51,25,2.9547334830398295,12,1.4182720718591182,1,0.11818933932159319,0.0196078431372549,0,0.0,0.0,2,0.23637867864318637,0.0392156862745098,4,0.47275735728637275,0.0784313725490196,1,0.11818933932159319,0.0196078431372549,1,0.11818933932159319,0.0196078431372549,0,0.0,0.0,56,6.618603002009219,0.49019607843137253,16,1.891029429145491,0.2549019607843137,6,0.7091360359295591,0.11764705882352941,0,0.0,0.0,6,0.7091360359295591,0.09803921568627451,4,0.47275735728637275,0.0784313725490196,234,27.65630540125281,0.7647058823529411,221,26.119843990072095,0.7254901960784313,63,7.445928377260372,0.47058823529411764,60,7.091360359295591,0.5098039215686274,311,36.75688452901548,0.803921568627451,49,5.791277626758067,0.45098039215686275,241,28.483630776503958,0.8235294117647058,157,18.55572627349013,0.6666666666666666
ep_192_whisperx_diarized.gender.host_guest,SPEAKER_01,HOST,male,2867,94,16,5.580746424834322,4,1.3951866062085805,0,0.0,0.0,0,0.0,0.0,1,0.3487966515521451,0.010638297872340425,0,0.0,0.0,0,0.0,0.0,0,0.0,0.0,0,0.0,0.0,53,18.486222532263692,0.26595744680851063,17,5.929543076386467,0.1276595744680851,0,0.0,0.0,1,0.3487966515521451,0.010638297872340425,1,0.3487966515521451,0.010638297872340425,16,5.580746424834322,0.1702127659574468,80,27.903732124171608,0.5425531914893617,29,10.115102895012207,0.14893617021276595,11,3.836763167073596,0.0851063829787234,9,3.139169863969306,0.0851063829787234,102,35.5772584583188,0.4574468085106383,17,5.929543076386467,0.14893617021276595,76,26.50854551796303,0.4148936170212766,41,14.30066271363795,0.2765957446808511
ep_192_whisperx_diarized.gender.host_guest,SPEAKER_00,GUEST,male,14871,94,42,2.824288884405891,19,1.2776544953264743,0,0.0,0.0,1,0.06724497343823549,0.010638297872340425,0,0.0,0.0,0,0.0,0.0,0,0.0,0.0,1,0.06724497343823549,0.010638297872340425,0,0.0,0.0,132,8.876336493847084,0.5957446808510638,34,2.286329096900007,0.22340425531914893,7,0.4707148140676484,0.07446808510638298,0,0.0,0.0,8,0.5379597875058839,0.06382978723404255,3,0.2017349203147065,0.031914893617021274,261,17.550938067379462,0.6914893617021277,104,6.993477237576491,0.4574468085106383,135,9.078071414161792,0.4787234042553192,36,2.4208190437764774,0.24468085106382978,451,30.32748302064421,0.6914893617021277,99,6.657252370385313,0.43617021276595747,324,21.787371393988302,0.7446808510638298,294,19.77002219084123,0.6595744680851063
ep_193_whisperx_diarized.gender.host_guest,SPEAKER_01,GUEST,male,3373,50,29,8.597687518529499,19,5.63296768455381,0,0.0,0.0,1,0.2964719833975689,0.02,1,0.2964719833975689,0.02,0,0.0,0.0,0,0.0,0.0,0,0.0,0.0,0,0.0,0.0,51,15.120071153276015,0.6,21,6.225911651348948,0.32,6,1.7788319003854136,0.12,0,0.0,0.0,0,0.0,0.0,2,0.5929439667951378,0.04,98,29.054254372961758,0.7,27,8.00474355173436,0.32,101,29.943670323154464,0.46,13,3.8541357841683963,0.22,85,25.20011858879336,0.58,8,2.3717758671805513,0.12,104,30.83308627334717,0.66,75,22.23539875481767,0.5
ep_193_whisperx_diarized.gender.host_guest,SPEAKER_00,HOST,male,2867,49,10,3.487966515521451,11,3.836763167073596,0,0.0,0.0,2,0.6975933031042902,0.04081632653061224,1,0.3487966515521451,0.02040816326530612,2,0.6975933031042902,0.02040816326530612,1,0.3487966515521451,0.02040816326530612,0,0.0,0.0,0,0.0,0.0,30,10.463899546564353,0.30612244897959184,13,4.534356470177886,0.16326530612244897,2,0.6975933031042902,0.04081632653061224,0,0.0,0.0,0,0.0,0.0,8,2.790373212417161,0.16326530612244897,93,32.438088594349495,0.5918367346938775,97,33.83327520055807,0.2857142857142857,52,18.137425880711543,0.32653061224489793,39,13.603069410533658,0.30612244897959184,88,30.69410533658877,0.4897959183673469,8,2.790373212417161,0.12244897959183673,85,29.647715381932336,0.5306122448979592,82,28.6013254272759,0.4489795918367347
ep_194_whisperx_diarized.gender.host_guest,SPEAKER_00,HOST,male,2988,118,4,1.3386880856760375,9,3.0120481927710845,1,0.33467202141900937,0.00847457627118644,1,0.33467202141900937,0.00847457627118644,1,0.33467202141900937,0.00847457627118644,0,0.0,0.0,0,0.0,0.0,0,0.0,0.0,0,0.0,0.0,37,12.382864792503346,0.19491525423728814,14,4.685408299866132,0.09322033898305085,3,1.004016064257028,0.025423728813559324,0,0.0,0.0,0,0.0,0.0,14,4.685408299866132,0.11864406779661017,76,25.435073627844712,0.4745762711864407,41,13.721552878179384,0.1694915254237288,16,5.35475234270415,0.09322033898305085,12,4.016064257028112,0.0847457627118644,82,27.44310575635877,0.3135593220338983,8,2.677376171352075,0.06779661016949153,118,39.49129852744311,0.4491525423728814,39,13.052208835341364,0.22033898305084745
ep_194_whisperx_diarized.gender.host_guest,SPEAKER_01,GUEST,male,9502,118,15,1.5786150284150704,11,1.1576510208377184,3,0.3157230056830141,0.00847457627118644,3,0.3157230056830141,0.025423728813559324,2,0.21048200378867607,0.01694915254237288,1,0.10524100189433803,0.00847457627118644,0,0.0,0.0,0,0.0,0.0,0,0.0,0.0,65,6.840665123131973,0.3813559322033898,17,1.7890970322037465,0.11864406779661017,3,0.3157230056830141,0.025423728813559324,0,0.0,0.0,3,0.3157230056830141,0.01694915254237288,1,0.10524100189433803,0.00847457627118644,214,22.52157440538834,0.635593220338983,127,13.36560724058093,0.4406779661016949,68,7.156388128814986,0.3389830508474576,43,4.525363081456535,0.211864406779661,282,29.677962534203328,0.6864406779661016,58,6.103978109871606,0.3135593220338983,293,30.835613555041046,0.6864406779661016,198,20.837718375078932,0.5423728813559322
ep_195_whisperx_diarized.gender.host_guest,SPEAKER_00,HOST,male,1703,78,3,1.7615971814445097,4,2.3487962419260127,2,1.1743981209630063,0.02564102564102564,0,0.0,0.0,0,0.0,0.0,1,0.5871990604815032,0.01282051282051282,1,0.5871990604815032,0.01282051282051282,0,0.0,0.0,0,0.0,0.0,26,15.267175572519083,0.2564102564102564,7,4.110393423370522,0.08974358974358974,0,0.0,0.0,0,0.0,0.0,0,0.0,0.0,12,7.046388725778039,0.15384615384615385,55,32.29594832648268,0.32051282051282054,32,18.7903699354081,0.15384615384615385,11,6.4591896652965355,0.0641025641025641,22,12.918379330593071,0.21794871794871795,58,34.05754550792719,0.28205128205128205,5,2.935995302407516,0.0641025641025641,54,31.708749266001174,0.34615384615384615,69,40.51673517322372,0.38461538461538464
ep_195_whisperx_diarized.gender.host_guest,SPEAKER_01,GUEST,male,8603,77,11,1.2786237359060793,7,0.8136696501220504,2,0.2324770428920144,0.025974025974025976,2,0.2324770428920144,0.025974025974025976,2,0.2324770428920144,0.025974025974025976,2,0.2324770428920144,0.012987012987012988,1,0.1162385214460072,0.012987012987012988,0,0.0,0.0,0,0.0,0.0,47,5.463210507962338,0.38961038961038963,18,2.09229338602813,0.16883116883116883,1,0.1162385214460072,0.012987012987012988,0,0.0,0.0,1,0.1162385214460072,0.012987012987012988,0,0.0,0.0,220,25.572474718121583,0.7272727272727273,167,19.411833081483202,0.5714285714285714,72,8.36917354411252,0.33766233766233766,53,6.160641636638382,0.36363636363636365,376,43.705684063698705,0.7402597402597403,31,3.603394164826223,0.3246753246753247,189,21.969080553295363,0.7012987012987013,326,37.89375799139835,0.7792207792207793
ep_196_whisperx_diarized.gender.host_guest,SPEAKER_00,GUEST,male,10405,162,22,2.114368092263335,4,0.38443056222969724,0,0.0,0.0,0,0.0,0.0,1,0.09610764055742431,0.006172839506172839,3,0.2883229216722729,0.018518518518518517,0,0.0,0.0,0,0.0,0.0,0,0.0,0.0,112,10.764055742431523,0.35185185185185186,22,2.114368092263335,0.11728395061728394,0,0.0,0.0,0,0.0,0.0,5,0.4805382027871216,0.018518518518518517,4,0.38443056222969724,0.024691358024691357,331,31.811629024507447,0.5617283950617284,151,14.512253724171071,0.36419753086419754,173,16.626621816434408,0.35185185185185186,84,8.073041806823642,0.3148148148148148,442,42.47957712638155,0.6296296296296297,83,7.976934166266218,0.29012345679012347,256,24.603555982700623,0.5432098765432098,147,14.127823161941375,0.35802469135802467
ep_196_whisperx_diarized.gender.host_guest,SPEAKER_01,HOST,male,3165,162,3,0.9478672985781991,5,1.5797788309636651,3,0.9478672985781991,0.006172839506172839,0,0.0,0.0,3,0.9478672985781991,0.018518518518518517,1,0.31595576619273297,0.006172839506172839,0,0.0,0.0,0,0.0,0.0,1,0.31595576619273297,0.006172839506172839,33,10.42654028436019,0.16666666666666666,11,3.4755134281200633,0.06172839506172839,2,0.6319115323854659,0.012345679012345678,0,0.0,0.0,1,0.31595576619273297,0.006172839506172839,24,7.5829383886255926,0.14814814814814814,103,32.543443917851505,0.4444444444444444,65,20.537124802527646,0.19753086419753085,60,18.95734597156398,0.14814814814814814,27,8.530805687203792,0.1111111111111111,74,23.380726698262244,0.25925925925925924,14,4.423380726698262,0.08641975308641975,110,34.75513428120063,0.37037037037037035,62,19.589257503949447,0.2345679012345679
ep_197_whisperx_diarized.gender.host_guest,SPEAKER_01,HOST,male,2622,97,8,3.051106025934401,6,2.288329519450801,0,0.0,0.0,0,0.0,0.0,2,0.7627765064836003,0.010309278350515464,3,1.1441647597254005,0.030927835051546393,1,0.38138825324180015,0.010309278350515464,0,0.0,0.0,0,0.0,0.0,44,16.781083142639208,0.28865979381443296,22,8.390541571319604,0.17525773195876287,3,1.1441647597254005,0.030927835051546393,0,0.0,0.0,1,0.38138825324180015,0.010309278350515464,11,4.195270785659802,0.1134020618556701,66,25.17162471395881,0.35051546391752575,71,27.07856598016781,0.21649484536082475,25,9.534706331045005,0.12371134020618557,23,8.771929824561402,0.18556701030927836,44,16.781083142639208,0.25773195876288657,7,2.6697177726926014,0.05154639175257732,100,38.13882532418002,0.4020618556701031,82,31.273836765827618,0.4020618556701031
ep_197_whisperx_diarized.gender.host_guest,SPEAKER_00,GUEST,female,7054,97,20,2.835270768358378,23,3.260561383612135,0,0.0,0.0,0,0.0,0.0,0,0.0,0.0,2,0.28352707683583783,0.020618556701030927,0,0.0,0.0,0,0.0,0.0,1,0.14176353841791892,0.010309278350515464,84,11.908137227105188,0.3917525773195876,14,1.9846895378508649,0.12371134020618557,9,1.2758718457612703,0.09278350515463918,0,0.0,0.0,3,0.4252906152537567,0.020618556701030927,1,0.14176353841791892,0.010309278350515464,196,27.785653529912107,0.5876288659793815,68,9.639920612418486,0.3402061855670103,96,13.609299688120215,0.3402061855670103,39,5.528777998298837,0.20618556701030927,345,48.908420754182025,0.5876288659793815,52,7.3717039977317835,0.27835051546391754,204,28.919761837255457,0.6494845360824743,204,28.919761837255457,0.5670103092783505
ep_198_whisperx_diarized.gender.host_guest,SPEAKER_01,GUEST,female,8865,115,26,2.9328821206993796,32,3.6097010716300058,0,0.0,0.0,1,0.11280315848843768,0.008695652173913044,1,0.11280315848843768,0.008695652173913044,1,0.11280315848843768,0.008695652173913044,0,0.0,0.0,0,0.0,0.0,0,0.0,0.0,48,5.414551607445008,0.28695652173913044,11,1.2408347433728144,0.0782608695652174,11,1.2408347433728144,0.08695652173913043,0,0.0,0.0,0,0.0,0.0,5,0.5640157924421885,0.043478260869565216,238,26.847151720248167,0.5739130434782609,136,15.341229554427525,0.3826086956521739,191,21.545403271291594,0.3739130434782609,30,3.3840947546531304,0.2,378,42.639593908629436,0.6347826086956522,42,4.737732656514383,0.23478260869565218,303,34.179357021996616,0.6695652173913044,225,25.380710659898476,0.48695652173913045
ep_198_whisperx_diarized.gender.host_guest,SPEAKER_00,HOST,male,1777,114,8,4.501969611705121,4,2.2509848058525606,2,1.1254924029262803,0.017543859649122806,0,0.0,0.0,4,2.2509848058525606,0.03508771929824561,0,0.0,0.0,0,0.0,0.0,0,0.0,0.0,0,0.0,0.0,32,18.007878446820484,0.17543859649122806,16,9.003939223410242,0.08771929824561403,0,0.0,0.0,0,0.0,0.0,0,0.0,0.0,16,9.003939223410242,0.14035087719298245,43,24.198086662915024,0.2631578947368421,74,41.64321890827237,0.19298245614035087,22,12.380416432189083,0.10526315789473684,18,10.129431626336522,0.14912280701754385,36,20.258863252673045,0.13157894736842105,6,3.376477208778841,0.043859649122807015,82,46.14518851997749,0.43859649122807015,60,33.76477208778841,0.2719298245614035
ep_199_whisperx_diarized.gender.host_guest,SPEAKER_00,HOST,male,5101,50,33,6.46931974122721,9,1.7643599294256027,4,0.7841599686336013,0.04,0,0.0,0.0,0,0.0,0.0,2,0.39207998431680063,0.04,0,0.0,0.0,1,0.19603999215840032,0.02,0,0.0,0.0,98,19.211919231523233,0.58,56,10.978239560870417,0.42,4,0.7841599686336013,0.08,0,0.0,0.0,0,0.0,0.0,3,0.588119976475201,0.06,166,32.542638698294446,0.72,154,30.19015879239365,0.46,55,10.782199568712018,0.28,51,9.998039600078416,0.34,209,40.97235836110567,0.56,23,4.508919819643207,0.18,174,34.11095863556166,0.64,186,36.46343854146246,0.6
ep_199_whisperx_diarized.gender.host_guest,SPEAKER_01,GUEST,female,8873,50,32,3.6064465231601486,22,2.4794319846726025,0,0.0,0.0,0,0.0,0.0,1,0.11270145384875464,0.02,0,0.0,0.0,0,0.0,0.0,0,0.0,0.0,0,0.0,0.0,107,12.059055561816747,0.72,56,6.31128141553026,0.54,8,0.9016116307900371,0.12,1,0.11270145384875464,0.02,4,0.45080581539501857,0.06,1,0.11270145384875464,0.02,271,30.542093993012507,0.74,270,30.429392539163754,0.58,137,15.440099177279386,0.54,76,8.565310492505354,0.54,323,36.402569593147746,0.72,46,5.184266877042713,0.34,358,40.34712047785417,0.86,274,30.88019835455877,0.7
ep_200_whisperx_diarized.gender.host_guest,SPEAKER_00,HOST,male,3986,142,22,5.5193176116407425,15,3.763171098845961,0,0.0,0.0,0,0.0,0.0,2,0.5017561465127948,0.014084507042253521,0,0.0,0.0,0,0.0,0.0,0,0.0,0.0,2,0.5017561465127948,0.014084507042253521,52,13.045659809332664,0.23943661971830985,18,4.515805318615153,0.11267605633802817,6,1.5052684395383844,0.04225352112676056,0,0.0,0.0,3,0.7526342197691922,0.014084507042253521,18,4.515805318615153,0.1267605633802817,124,31.108881083793275,0.4788732394366197,26,6.522829904666332,0.13380281690140844,38,9.533366783743102,0.1056338028169014,18,4.515805318615153,0.1056338028169014,139,34.87205218263924,0.4084507042253521,16,4.014049172102358,0.11267605633802817,145,36.37732062217762,0.4084507042253521,97,24.335173105870545,0.30985915492957744
ep_200_whisperx_diarized.gender.host_guest,SPEAKER_01,GUEST,male,9230,142,31,3.358613217768147,18,1.9501625135427951,2,0.21668472372697725,0.007042253521126761,1,0.10834236186348863,0.007042253521126761,0,0.0,0.0,0,0.0,0.0,0,0.0,0.0,0,0.0,0.0,0,0.0,0.0,73,7.90899241603467,0.29577464788732394,34,3.6836403033586134,0.14084507042253522,9,0.9750812567713976,0.056338028169014086,0,0.0,0.0,2,0.21668472372697725,0.014084507042253521,1,0.10834236186348863,0.007042253521126761,226,24.48537378114843,0.5845070422535211,47,5.092091007583965,0.20422535211267606,73,7.90899241603467,0.23943661971830985,19,2.058504875406284,0.13380281690140844,445,48.21235102925243,0.6056338028169014,77,8.342361863488623,0.28169014084507044,253,27.41061755146262,0.6126760563380281,205,22.21018418201517,0.47183098591549294
ep_201_whisperx_diarized.gender.host_guest,SPEAKER_00,GUEST,male,9605,49,31,3.2274856845393023,37,3.8521603331598127,0,0.0,0.0,0,0.0,0.0,0,0.0,0.0,0,0.0,0.0,0,0.0,0.0,0,0.0,0.0,1,0.10411244143675169,0.02040816326530612,71,7.39198334200937,0.5510204081632653,19,1.978136387298282,0.22448979591836735,29,3.019260801665799,0.3877551020408163,2,0.20822488287350338,0.02040816326530612,1,0.10411244143675169,0.02040816326530612,0,0.0,0.0,210,21.863612701717855,0.7142857142857143,70,7.287870900572618,0.40816326530612246,48,4.997397188964081,0.3877551020408163,31,3.2274856845393023,0.32653061224489793,367,38.20926600728787,0.7142857142857143,61,6.350858927641853,0.46938775510204084,316,32.89953149401354,0.7551020408163265,314,32.69130661114003,0.7142857142857143
ep_201_whisperx_diarized.gender.host_guest,SPEAKER_01,HOST,male,2415,49,11,4.554865424430641,8,3.3126293995859215,0,0.0,0.0,0,0.0,0.0,0,0.0,0.0,0,0.0,0.0,0,0.0,0.0,0,0.0,0.0,0,0.0,0.0,23,9.523809523809526,0.2857142857142857,10,4.140786749482402,0.16326530612244897,4,1.6563146997929608,0.061224489795918366,0,0.0,0.0,0,0.0,0.0,2,0.8281573498964804,0.04081632653061224,58,24.016563146997928,0.4489795918367347,61,25.25879917184265,0.3877551020408163,26,10.766045548654244,0.22448979591836735,15,6.211180124223602,0.22448979591836735,36,14.906832298136646,0.3877551020408163,13,5.383022774327122,0.20408163265306123,73,30.227743271221534,0.46938775510204084,50,20.70393374741201,0.4489795918367347
ep_202_whisperx_diarized.gender.host_guest,SPEAKER_00,GUEST,male,224,4,1,4.464285714285714,2,8.928571428571429,0,0.0,0.0,0,0.0,0.0,0,0.0,0.0,0,0.0,0.0,0,0.0,0.0,0,0.0,0.0,0,0.0,0.0,3,13.392857142857142,0.25,1,4.464285714285714,0.25,1,4.464285714285714,0.25,0,0.0,0.0,0,0.0,0.0,1,4.464285714285714,0.25,5,22.321428571428573,0.25,18,80.35714285714286,0.25,5,22.321428571428573,0.25,0,0.0,0.0,5,22.321428571428573,0.5,0,0.0,0.0,13,58.035714285714285,0.5,1,4.464285714285714,0.25
ep_202_whisperx_diarized.gender.host_guest,SPEAKER_01,HOST,male,4719,4,21,4.450095359186268,37,7.840644204280567,1,0.21190930281839374,0.25,0,0.0,0.0,0,0.0,0.0,7,1.483365119728756,0.5,0,0.0,0.0,1,0.21190930281839374,0.25,0,0.0,0.0,74,15.681288408561134,1.0,40,8.47637211273575,1.0,6,1.2714558169103625,0.75,0,0.0,0.0,0,0.0,0.0,0,0.0,0.0,89,18.859927950837044,0.75,163,34.54121635939818,0.75,18,3.814367450731087,0.5,25,5.297732570459843,0.75,346,73.32061877516423,1.0,29,6.145369781733418,0.75,161,34.11739775376139,1.0,106,22.462386098749736,0.75
ep_203_whisperx_diarized.gender.host_guest,SPEAKER_01,GUEST,female,12129,146,22,1.8138346112622639,23,1.8962816390469124,7,0.5771291944925385,0.0136986301369863,3,0.2473410833539451,0.02054794520547945,1,0.08244702778464837,0.00684931506849315,6,0.4946821667078902,0.0410958904109589,1,0.08244702778464837,0.00684931506849315,0,0.0,0.0,0,0.0,0.0,72,5.936186000494682,0.3356164383561644,21,1.7313875834776156,0.11643835616438356,5,0.4122351389232418,0.03424657534246575,0,0.0,0.0,7,0.5771291944925385,0.0410958904109589,7,0.5771291944925385,0.04794520547945205,272,22.425591557424355,0.541095890410959,335,27.6197543078572,0.4931506849315068,169,13.933547695605574,0.3424657534246575,127,10.470772528650341,0.3424657534246575,313,25.805919696594938,0.5205479452054794,50,4.122351389232418,0.15753424657534246,427,35.20488086404485,0.6164383561643836,237,19.53994558496166,0.541095890410959
ep_203_whisperx_diarized.gender.host_guest,SPEAKER_00,HOST,male,4712,146,15,3.1833616298811545,11,2.33446519524618,0,0.0,0.0,0,0.0,0.0,0,0.0,0.0,0,0.0,0.0,0,0.0,0.0,0,0.0,0.0,0,0.0,0.0,70,14.855687606112054,0.3013698630136986,28,5.942275042444821,0.15753424657534246,2,0.4244482173174873,0.0136986301369863,1,0.21222410865874364,0.00684931506849315,3,0.6366723259762309,0.02054794520547945,28,5.942275042444821,0.1917808219178082,116,24.617996604414262,0.4246575342465753,94,19.949066213921903,0.2328767123287671,38,8.064516129032258,0.136986301369863,42,8.913412563667233,0.2054794520547945,126,26.740237691001695,0.3767123287671233,17,3.6078098471986415,0.0821917808219178,209,44.35483870967742,0.4589041095890411,99,21.01018675721562,0.3287671232876712
ep_204_whisperx_diarized.gender.host_guest,SPEAKER_00,HOST,male,4088,103,23,5.626223091976517,3,0.7338551859099804,0,0.0,0.0,1,0.2446183953033268,0.009708737864077669,0,0.0,0.0,0,0.0,0.0,0,0.0,0.0,0,0.0,0.0,0,0.0,0.0,75,18.346379647749508,0.4077669902912621,38,9.295499021526417,0.27184466019417475,1,0.2446183953033268,0.009708737864077669,0,0.0,0.0,0,0.0,0.0,6,1.467710371819961,0.05825242718446602,101,24.706457925636006,0.5242718446601942,83,20.303326810176124,0.34951456310679613,30,7.338551859099804,0.1650485436893204,21,5.136986301369863,0.17475728155339806,80,19.569471624266143,0.34951456310679613,14,3.4246575342465753,0.13592233009708737,119,29.109589041095887,0.5048543689320388,140,34.24657534246575,0.49514563106796117
ep_204_whisperx_diarized.gender.host_guest,SPEAKER_01,GUEST,female,13986,102,29,2.0735020735020733,17,1.2155012155012155,1,0.07150007150007151,0.00980392156862745,0,0.0,0.0,0,0.0,0.0,2,0.14300014300014302,0.0196078431372549,2,0.14300014300014302,0.0196078431372549,0,0.0,0.0,0,0.0,0.0,119,8.508508508508509,0.43137254901960786,45,3.2175032175032174,0.2647058823529412,12,0.858000858000858,0.08823529411764706,0,0.0,0.0,3,0.2145002145002145,0.029411764705882353,3,0.2145002145002145,0.029411764705882353,284,20.306020306020308,0.5882352941176471,271,19.376519376519376,0.5196078431372549,124,8.866008866008865,0.39215686274509803,103,7.364507364507364,0.4215686274509804,425,30.38753038753039,0.47058823529411764,79,5.648505648505648,0.3627450980392157,372,26.598026598026596,0.696078431372549,600,42.9000429000429,0.6470588235294118
ep_205_whisperx_diarized.gender.host_guest,SPEAKER_01,HOST,male,4162,190,16,3.844305622296973,12,2.883229216722729,3,0.7208073041806823,0.010526315789473684,2,0.4805382027871216,0.010526315789473684,1,0.2402691013935608,0.005263157894736842,0,0.0,0.0,0,0.0,0.0,0,0.0,0.0,0,0.0,0.0,70,16.818837097549256,0.18421052631578946,35,8.409418548774628,0.09473684210526316,7,1.6818837097549255,0.03684210526315789,0,0.0,0.0,3,0.7208073041806823,0.015789473684210527,18,4.324843825084094,0.09473684210526316,130,31.234983181162903,0.4105263157894737,108,25.949062950504565,0.18421052631578946,29,6.967803940413263,0.07894736842105263,31,7.448342143200384,0.07894736842105263,82,19.702066314271985,0.26842105263157895,16,3.844305622296973,0.07894736842105263,153,36.761172513214795,0.3473684210526316,89,21.383950024026912,0.25263157894736843
ep_205_whisperx_diarized.gender.host_guest,SPEAKER_00,GUEST,female,9535,190,60,6.292606187729418,23,2.4121657052962773,1,0.1048767697954903,0.005263157894736842,0,0.0,0.0,0,0.0,0.0,0,0.0,0.0,0,0.0,0.0,0,0.0,0.0,0,0.0,0.0,119,12.480335605663345,0.30526315789473685,22,2.3072889355007864,0.1,5,0.5243838489774515,0.021052631578947368,0,0.0,0.0,3,0.3146303093864709,0.010526315789473684,2,0.2097535395909806,0.010526315789473684,302,31.67278447823807,0.5684210526315789,102,10.697430519140012,0.26842105263157895,68,7.1316203460933405,0.18947368421052632,52,5.453592029365495,0.21578947368421053,416,43.62873623492396,0.5210526315789473,95,9.963293130571577,0.23684210526315788,272,28.526481384373362,0.5210526315789473,232,24.331410592553752,0.42105263157894735
ep_206_whisperx_diarized.gender.host_guest,SPEAKER_01,GUEST,male,10564,27,28,2.6505111700113595,23,2.1772056039379026,1,0.0946611132146914,0.037037037037037035,0,0.0,0.0,0,0.0,0.0,0,0.0,0.0,0,0.0,0.0,0,0.0,0.0,0,0.0,0.0,86,8.140855736463461,0.5185185185185185,16,1.5145778114350623,0.2962962962962963,3,0.28398333964407424,0.1111111111111111,2,0.1893222264293828,0.07407407407407407,3,0.28398333964407424,0.1111111111111111,0,0.0,0.0,244,23.0973116243847,0.8148148148148148,126,11.927300265051116,0.5925925925925926,91,8.614161302536917,0.5555555555555556,32,3.0291556228701246,0.48148148148148145,306,28.96630064369557,0.6296296296296297,38,3.5971223021582737,0.4444444444444444,266,25.179856115107913,0.7407407407407407,223,21.10942824687618,0.7037037037037037
ep_206_whisperx_diarized.gender.host_guest,SPEAKER_00,HOST,male,1563,26,6,3.838771593090211,6,3.838771593090211,2,1.2795905310300704,0.038461538461538464,0,0.0,0.0,1,0.6397952655150352,0.038461538461538464,0,0.0,0.0,0,0.0,0.0,0,0.0,0.0,0,0.0,0.0,18,11.516314779270633,0.46153846153846156,8,5.1183621241202815,0.2692307692307692,4,2.5591810620601407,0.11538461538461539,0,0.0,0.0,1,0.6397952655150352,0.038461538461538464,3,1.9193857965451055,0.11538461538461539,35,22.392834293026233,0.6538461538461539,40,25.591810620601407,0.38461538461538464,22,14.075495841330774,0.2692307692307692,18,11.516314779270633,0.2692307692307692,49,31.349968010236726,0.6153846153846154,8,5.1183621241202815,0.19230769230769232,76,48.62444017914268,0.6153846153846154,21,13.435700575815739,0.34615384615384615
ep_207_whisperx_diarized.gender.host_guest,SPEAKER_01,HOST,male,4641,167,22,4.740357681534152,11,2.370178840767076,6,1.292824822236587,0.029940119760479042,0,0.0,0.0,4,0.8618832148243912,0.023952095808383235,0,0.0,0.0,0,0.0,0.0,0,0.0,0.0,0,0.0,0.0,45,9.696186166774403,0.15568862275449102,19,4.093945270415859,0.08383233532934131,3,0.6464124111182935,0.017964071856287425,0,0.0,0.0,3,0.6464124111182935,0.011976047904191617,18,3.878474466709761,0.10778443113772455,125,26.933850463262228,0.3712574850299401,219,47.18810601163542,0.3652694610778443,21,4.524886877828055,0.08982035928143713,93,20.0387847446671,0.32934131736526945,105,22.62443438914027,0.3413173652694611,18,3.878474466709761,0.08982035928143713,171,36.84550743374273,0.49101796407185627,84,18.09954751131222,0.23952095808383234
ep_207_whisperx_diarized.gender.host_guest,SPEAKER_00,GUEST,female,11690,166,28,2.395209580838323,25,2.1385799828913603,7,0.5988023952095808,0.03614457831325301,3,0.2566295979469632,0.012048192771084338,2,0.1710863986313088,0.012048192771084338,0,0.0,0.0,0,0.0,0.0,0,0.0,0.0,0,0.0,0.0,90,7.698887938408896,0.3132530120481928,32,2.737382378100941,0.1566265060240964,9,0.7698887938408897,0.05421686746987952,0,0.0,0.0,3,0.2566295979469632,0.018072289156626505,9,0.7698887938408897,0.05421686746987952,263,22.49786142001711,0.5481927710843374,264,22.583404619332764,0.42168674698795183,126,10.778443113772456,0.29518072289156627,77,6.586826347305389,0.24096385542168675,363,31.05218135158255,0.5662650602409639,60,5.132591958939265,0.23493975903614459,388,33.190761334473905,0.6325301204819277,277,23.695466210436273,0.41566265060240964
ep_208_whisperx_diarized.gender.host_guest,SPEAKER_00,GUEST,male,14390,94,82,5.698401667824879,39,2.710215427380125,0,0.0,0.0,0,0.0,0.0,0,0.0,0.0,0,0.0,0.0,0,0.0,0.0,0,0.0,0.0,2,0.13898540653231412,0.02127659574468085,178,12.369701181375957,0.5531914893617021,52,3.613620569840167,0.32978723404255317,9,0.6254343293954135,0.0851063829787234,0,0.0,0.0,6,0.4169562195969423,0.05319148936170213,0,0.0,0.0,474,32.93954134815844,0.7553191489361702,125,8.686587908269631,0.4148936170212766,133,9.242529534398887,0.5,35,2.432244614315497,0.19148936170212766,425,29.534398888116748,0.6595744680851063,52,3.613620569840167,0.22340425531914893,446,30.993745656706047,0.7553191489361702,327,22.724113968033354,0.7021276595744681
ep_208_whisperx_diarized.gender.host_guest,SPEAKER_01,HOST,male,3565,93,26,7.293127629733521,18,5.049088359046284,1,0.2805049088359046,0.010752688172043012,0,0.0,0.0,0,0.0,0.0,0,0.0,0.0,0,0.0,0.0,1,0.2805049088359046,0.010752688172043012,0,0.0,0.0,93,26.08695652173913,0.3870967741935484,42,11.781206171107995,0.25806451612903225,4,1.1220196353436185,0.043010752688172046,0,0.0,0.0,2,0.5610098176718092,0.021505376344086023,10,2.805049088359046,0.10752688172043011,82,23.00140252454418,0.43010752688172044,66,18.513323983169705,0.24731182795698925,11,3.0855539971949506,0.08602150537634409,14,3.927068723702665,0.12903225806451613,92,25.806451612903224,0.45161290322580644,6,1.683029453015428,0.043010752688172046,99,27.769985974754558,0.40860215053763443,70,19.635343618513325,0.3225806451612903
ep_209_whisperx_diarized.gender.host_guest,SPEAKER_00,HOST,male,2566,71,11,4.286827747466875,8,3.117692907248636,4,1.558846453624318,0.028169014084507043,1,0.3897116134060795,0.014084507042253521,0,0.0,0.0,3,1.1691348402182387,0.014084507042253521,0,0.0,0.0,0,0.0,0.0,0,0.0,0.0,31,12.081060015588465,0.22535211267605634,12,4.676539360872955,0.1267605633802817,4,1.558846453624318,0.056338028169014086,0,0.0,0.0,2,0.779423226812159,0.028169014084507043,11,4.286827747466875,0.15492957746478872,74,28.838659392049884,0.30985915492957744,96,37.41231488698364,0.22535211267605634,45,17.537022603273577,0.14084507042253522,41,15.978176149649258,0.22535211267605634,58,22.60327357755261,0.2535211267605634,5,1.9485580670303975,0.07042253521126761,80,31.17692907248636,0.323943661971831,58,22.60327357755261,0.28169014084507044
ep_209_whisperx_diarized.gender.host_guest,SPEAKER_01,GUEST,male,8799,70,16,1.8183884532333219,10,1.1364927832708263,1,0.11364927832708262,0.014285714285714285,2,0.22729855665416523,0.014285714285714285,0,0.0,0.0,1,0.11364927832708262,0.014285714285714285,0,0.0,0.0,0,0.0,0.0,0,0.0,0.0,45,5.114217524718718,0.3,17,1.9320377315604047,0.12857142857142856,2,0.22729855665416523,0.02857142857142857,0,0.0,0.0,5,0.5682463916354131,0.05714285714285714,1,0.11364927832708262,0.014285714285714285,147,16.706443914081145,0.5,144,16.3654960790999,0.4714285714285714,95,10.796681441072849,0.38571428571428573,81,9.205591544493693,0.4,339,38.52710535288101,0.6,47,5.341516081372883,0.2857142857142857,194,22.047959995454026,0.6285714285714286,263,29.889760200022728,0.5714285714285714
ep_210_whisperx_diarized.gender.host_guest,SPEAKER_00,HOST,male,3960,202,8,2.0202020202020203,15,3.787878787878788,2,0.5050505050505051,0.009900990099009901,0,0.0,0.0,5,1.2626262626262628,0.024752475247524754,0,0.0,0.0,0,0.0,0.0,0,0.0,0.0,0,0.0,0.0,53,13.383838383838384,0.21287128712871287,18,4.545454545454545,0.07920792079207921,10,2.5252525252525255,0.04950495049504951,0,0.0,0.0,2,0.5050505050505051,0.0049504950495049506,22,5.555555555555555,0.10891089108910891,105,26.515151515151516,0.400990099009901,71,17.92929292929293,0.14356435643564355,32,8.080808080808081,0.09405940594059406,29,7.3232323232323235,0.11386138613861387,77,19.444444444444446,0.22277227722772278,19,4.797979797979798,0.07425742574257425,208,52.525252525252526,0.4900990099009901,96,24.242424242424242,0.297029702970297
ep_210_whisperx_diarized.gender.host_guest,SPEAKER_01,GUEST,female,7903,202,21,2.657218777679362,22,2.7837530051879034,1,0.12653422750854107,0.0049504950495049506,0,0.0,0.0,0,0.0,0.0,1,0.12653422750854107,0.0049504950495049506,0,0.0,0.0,0,0.0,0.0,0,0.0,0.0,90,11.388080475768696,0.28217821782178215,32,4.049095280273314,0.12376237623762376,3,0.3796026825256232,0.01485148514851485,0,0.0,0.0,1,0.12653422750854107,0.0049504950495049506,3,0.3796026825256232,0.01485148514851485,166,21.004681766417814,0.42574257425742573,70,8.857395925597874,0.23267326732673269,80,10.122738200683285,0.18811881188118812,38,4.80830064532456,0.16336633663366337,314,39.731747437681896,0.4900990099009901,47,5.9471086929014305,0.16336633663366337,288,36.44185752245983,0.5891089108910891,173,21.890421358977605,0.4306930693069307
ep_211_whisperx_diarized.gender.host_guest,SPEAKER_01,HOST,male,2077,100,6,2.888781896966779,7,3.370245546461242,2,0.9629272989889263,0.01,0,0.0,0.0,3,1.4443909484833894,0.03,0,0.0,0.0,0,0.0,0.0,0,0.0,0.0,0,0.0,0.0,31,14.925373134328359,0.2,10,4.814636494944632,0.07,0,0.0,0.0,0,0.0,0.0,2,0.9629272989889263,0.02,11,5.296100144439095,0.11,60,28.88781896966779,0.42,75,36.10977371208474,0.24,20,9.629272989889264,0.13,30,14.443909484833895,0.19,63,30.33220991815118,0.3,7,3.370245546461242,0.07,78,37.55416466056813,0.42,47,22.62879152623977,0.28
ep_211_whisperx_diarized.gender.host_guest,SPEAKER_00,GUEST,female,8590,99,11,1.280558789289872,9,1.0477299185098952,1,0.11641443538998836,0.010101010101010102,3,0.3492433061699651,0.030303030303030304,1,0.11641443538998836,0.010101010101010102,0,0.0,0.0,0,0.0,0.0,0,0.0,0.0,0,0.0,0.0,44,5.122235157159488,0.21212121212121213,13,1.5133876600698488,0.10101010101010101,5,0.5820721769499417,0.04040404040404041,0,0.0,0.0,2,0.23282887077997672,0.020202020202020204,2,0.23282887077997672,0.020202020202020204,161,18.742724097788127,0.36363636363636365,97,11.292200232828872,0.26262626262626265,88,10.244470314318976,0.30303030303030304,46,5.355064027939465,0.26262626262626265,396,46.10011641443539,0.5757575757575758,91,10.593713620488941,0.43434343434343436,244,28.405122235157158,0.5555555555555556,271,31.548311990686848,0.45454545454545453
ep_212_whisperx_diarized.gender.host_guest,SPEAKER_00,HOST,male,1885,60,6,3.183023872679045,1,0.5305039787798408,1,0.5305039787798408,0.016666666666666666,0,0.0,0.0,1,0.5305039787798408,0.016666666666666666,0,0.0,0.0,0,0.0,0.0,0,0.0,0.0,0,0.0,0.0,26,13.793103448275861,0.3,14,7.427055702917772,0.18333333333333332,0,0.0,0.0,0,0.0,0.0,0,0.0,0.0,9,4.774535809018567,0.15,54,28.647214854111407,0.5333333333333333,60,31.83023872679045,0.31666666666666665,32,16.976127320954905,0.11666666666666667,10,5.305039787798409,0.15,52,27.586206896551722,0.48333333333333334,8,4.244031830238726,0.1,56,29.70822281167109,0.45,31,16.445623342175065,0.2833333333333333
ep_212_whisperx_diarized.gender.host_guest,SPEAKER_01,GUEST,male,8223,60,65,7.904657667517937,17,2.0673720053508453,0,0.0,0.0,0,0.0,0.0,0,0.0,0.0,0,0.0,0.0,0,0.0,0.0,0,0.0,0.0,0,0.0,0.0,116,14.106773683570472,0.65,21,2.553812477198103,0.23333333333333334,7,0.851270825732701,0.1,0,0.0,0.0,0,0.0,0.0,1,0.12161011796181442,0.016666666666666666,273,33.19956220357534,0.7833333333333333,46,5.594065426243464,0.36666666666666664,133,16.174145688921318,0.5166666666666667,14,1.702541651465402,0.21666666666666667,348,42.32032105071142,0.8333333333333334,17,2.0673720053508453,0.23333333333333334,221,26.87583606956099,0.7333333333333333,198,24.078803356439256,0.5833333333333334
ep_213_whisperx_diarized.gender.host_guest,SPEAKER_01,GUEST,male,9523,107,50,5.250446287934475,22,2.310196366691169,2,0.21001785151737898,0.018691588785046728,0,0.0,0.0,1,0.10500892575868949,0.009345794392523364,0,0.0,0.0,0,0.0,0.0,0,0.0,0.0,0,0.0,0.0,95,9.9758479470755,0.45794392523364486,27,2.8352409954846163,0.17757009345794392,9,0.9450803318282054,0.06542056074766354,0,0.0,0.0,2,0.21001785151737898,0.018691588785046728,5,0.5250446287934475,0.04672897196261682,285,29.927543841226502,0.7009345794392523,73,7.665651580384332,0.32710280373831774,163,17.116454898666387,0.514018691588785,45,4.725401659141027,0.2803738317757009,255,26.77727606846582,0.6542056074766355,44,4.620392733382338,0.24299065420560748,302,31.712695579124226,0.7383177570093458,241,25.307151107844167,0.616822429906542
ep_213_whisperx_diarized.gender.host_guest,SPEAKER_00,HOST,male,4335,106,21,4.844290657439446,8,1.845444059976932,6,1.3840830449826989,0.02830188679245283,0,0.0,0.0,1,0.2306805074971165,0.009433962264150943,1,0.2306805074971165,0.009433962264150943,0,0.0,0.0,0,0.0,0.0,0,0.0,0.0,53,12.226066897347176,0.32075471698113206,23,5.3056516724336795,0.16037735849056603,6,1.3840830449826989,0.04716981132075472,0,0.0,0.0,2,0.461361014994233,0.018867924528301886,4,0.922722029988466,0.03773584905660377,132,30.44982698961938,0.5660377358490566,91,20.991926182237602,0.2641509433962264,30,6.920415224913495,0.18867924528301888,67,15.455594002306805,0.27358490566037735,120,27.68166089965398,0.42452830188679247,19,4.382929642445213,0.1320754716981132,126,29.06574394463668,0.46226415094339623,73,16.839677047289502,0.36792452830188677
ep_214_whisperx_diarized.gender.host_guest,SPEAKER_01,GUEST,male,6580,45,13,1.9756838905775078,11,1.6717325227963526,1,0.15197568389057753,0.022222222222222223,0,0.0,0.0,0,0.0,0.0,0,0.0,0.0,0,0.0,0.0,0,0.0,0.0,1,0.15197568389057753,0.022222222222222223,50,7.598784194528876,0.5333333333333333,22,3.3434650455927053,0.26666666666666666,2,0.30395136778115506,0.044444444444444446,0,0.0,0.0,3,0.4559270516717325,0.06666666666666667,2,0.30395136778115506,0.044444444444444446,237,36.01823708206687,0.7777777777777778,81,12.31003039513678,0.5777777777777777,131,19.908814589665653,0.6888888888888889,39,5.927051671732523,0.5111111111111111,281,42.705167173252285,0.8,34,5.167173252279635,0.4888888888888889,169,25.683890577507597,0.7333333333333333,157,23.86018237082067,0.6888888888888889
ep_214_whisperx_diarized.gender.host_guest,SPEAKER_00,HOST,male,1505,45,3,1.9933554817275745,1,0.6644518272425249,0,0.0,0.0,0,0.0,0.0,0,0.0,0.0,1,0.6644518272425249,0.022222222222222223,0,0.0,0.0,0,0.0,0.0,0,0.0,0.0,12,7.973421926910298,0.2,5,3.3222591362126246,0.1111111111111111,1,0.6644518272425249,0.022222222222222223,0,0.0,0.0,0,0.0,0.0,6,3.986710963455149,0.13333333333333333,30,19.933554817275745,0.3111111111111111,15,9.966777408637872,0.2,16,10.631229235880399,0.15555555555555556,9,5.980066445182724,0.15555555555555556,39,25.913621262458474,0.28888888888888886,3,1.9933554817275745,0.06666666666666667,46,30.564784053156146,0.4222222222222222,53,35.21594684385382,0.4
ep_215_whisperx_diarized.gender.host_guest,SPEAKER_00,HOST,male,4190,74,25,5.966587112171838,19,4.534606205250597,0,0.0,0.0,2,0.47732696897374705,0.02702702702702703,3,0.7159904534606205,0.04054054054054054,1,0.23866348448687352,0.013513513513513514,1,0.23866348448687352,0.013513513513513514,0,0.0,0.0,0,0.0,0.0,44,10.501193317422434,0.2702702702702703,10,2.3866348448687353,0.13513513513513514,6,1.431980906921241,0.08108108108108109,0,0.0,0.0,0,0.0,0.0,7,1.6706443914081144,0.0945945945945946,115,27.446300715990454,0.5540540540540541,107,25.53699284009547,0.4594594594594595,54,12.88782816229117,0.3108108108108108,28,6.6825775656324575,0.2972972972972973,130,31.026252983293556,0.5945945945945946,14,3.3412887828162288,0.0945945945945946,182,43.436754176610975,0.6756756756756757,145,34.60620525059666,0.5
ep_215_whisperx_diarized.gender.host_guest,SPEAKER_01,GUEST,male,9282,74,57,6.1409179056237875,22,2.370178840767076,0,0.0,0.0,3,0.32320620555914675,0.04054054054054054,1,0.1077354018530489,0.013513513513513514,2,0.2154708037060978,0.02702702702702703,0,0.0,0.0,0,0.0,0.0,0,0.0,0.0,93,10.01939237233355,0.47297297297297297,15,1.6160310277957335,0.12162162162162163,5,0.5386770092652446,0.06756756756756757,0,0.0,0.0,1,0.1077354018530489,0.013513513513513514,1,0.1077354018530489,0.013513513513513514,273,29.41176470588235,0.7567567567567568,149,16.052574876104288,0.581081081081081,139,14.975220857573799,0.43243243243243246,40,4.309416074121957,0.3108108108108108,360,38.78474466709761,0.7837837837837838,29,3.1243266537384184,0.2972972972972973,311,33.50570997629821,0.7837837837837838,218,23.48631760396466,0.6216216216216216
ep_216_whisperx_diarized.gender.host_guest,SPEAKER_00,GUEST,male,12826,57,45,3.508498362700764,13,1.0135661936691096,1,0.07796663028223921,0.017543859649122806,1,0.07796663028223921,0.017543859649122806,1,0.07796663028223921,0.017543859649122806,1,0.07796663028223921,0.017543859649122806,1,0.07796663028223921,0.017543859649122806,0,0.0,0.0,0,0.0,0.0,102,7.952596288788398,0.543859649122807,22,1.7152658662092624,0.22807017543859648,0,0.0,0.0,1,0.07796663028223921,0.017543859649122806,1,0.07796663028223921,0.017543859649122806,1,0.07796663028223921,0.017543859649122806,262,20.42725713394667,0.7719298245614035,259,20.193357243099953,0.6666666666666666,266,20.739123655075627,0.6491228070175439,78,6.081397162014658,0.6491228070175439,615,47.94947762357711,0.8070175438596491,70,5.457664119756744,0.5263157894736842,293,22.844222672696088,0.7894736842105263,326,25.41712147200998,0.6842105263157895
ep_216_whisperx_diarized.gender.host_guest,SPEAKER_01,HOST,male,2786,56,7,2.512562814070352,3,1.0768126346015794,6,2.1536252692031588,0.03571428571428571,0,0.0,0.0,1,0.35893754486719315,0.017857142857142856,0,0.0,0.0,0,0.0,0.0,0,0.0,0.0,0,0.0,0.0,26,9.332376166547022,0.25,9,3.230437903804738,0.08928571428571429,1,0.35893754486719315,0.017857142857142856,0,0.0,0.0,3,1.0768126346015794,0.017857142857142856,11,3.948312993539124,0.19642857142857142,60,21.53625269203159,0.5892857142857143,83,29.791816223977026,0.2857142857142857,27,9.691313711414214,0.25,34,12.203876525484565,0.23214285714285715,78,27.99712849964106,0.5,15,5.384063173007897,0.21428571428571427,112,40.20100502512563,0.5357142857142857,52,18.664752333094043,0.3392857142857143
ep_217_whisperx_diarized.gender.host_guest,SPEAKER_01,HOST,male,2075,53,7,3.373493975903614,6,2.891566265060241,0,0.0,0.0,0,0.0,0.0,1,0.4819277108433735,0.018867924528301886,0,0.0,0.0,0,0.0,0.0,0,0.0,0.0,0,0.0,0.0,21,10.120481927710843,0.22641509433962265,14,6.746987951807228,0.16981132075471697,0,0.0,0.0,0,0.0,0.0,0,0.0,0.0,7,3.373493975903614,0.1320754716981132,41,19.75903614457831,0.33962264150943394,50,24.096385542168676,0.3018867924528302,23,11.08433734939759,0.20754716981132076,23,11.08433734939759,0.24528301886792453,74,35.66265060240964,0.39622641509433965,7,3.373493975903614,0.11320754716981132,76,36.626506024096386,0.4716981132075472,24,11.566265060240964,0.3018867924528302
ep_217_whisperx_diarized.gender.host_guest,SPEAKER_00,GUEST,male,7073,53,19,2.6862717375936658,24,3.393185352749894,1,0.14138272303124558,0.018867924528301886,1,0.14138272303124558,0.018867924528301886,1,0.14138272303124558,0.018867924528301886,3,0.42414816909373676,0.03773584905660377,1,0.14138272303124558,0.018867924528301886,0,0.0,0.0,0,0.0,0.0,69,9.755407889155945,0.4716981132075472,20,2.827654460624912,0.22641509433962265,0,0.0,0.0,1,0.14138272303124558,0.018867924528301886,2,0.28276544606249115,0.018867924528301886,1,0.14138272303124558,0.018867924528301886,203,28.70069277534285,0.7735849056603774,71,10.038173335218435,0.37735849056603776,218,30.821433620811536,0.5660377358490566,36,5.089778029124841,0.37735849056603776,189,26.721334652905416,0.6792452830188679,27,3.8173335218436306,0.3018867924528302,358,50.61501484518592,0.7924528301886793,92,13.007210518874594,0.5471698113207547
ep_218_whisperx_diarized.gender.host_guest,SPEAKER_01,HOST,male,2267,126,9,3.9700044111160118,4,1.7644464049404498,2,0.8822232024702249,0.007936507936507936,0,0.0,0.0,0,0.0,0.0,0,0.0,0.0,0,0.0,0.0,0,0.0,0.0,0,0.0,0.0,43,18.967798853109837,0.2777777777777778,13,5.734450816056462,0.0873015873015873,3,1.3233348037053376,0.023809523809523808,0,0.0,0.0,1,0.44111160123511245,0.007936507936507936,25,11.027790030877812,0.1984126984126984,67,29.554477282752536,0.47619047619047616,38,16.762240846934272,0.1349206349206349,15,6.6166740185266875,0.07936507936507936,22,9.704455227172474,0.11904761904761904,27,11.910013233348037,0.19047619047619047,6,2.6466696074106753,0.047619047619047616,88,38.817820908689896,0.4126984126984127,53,23.37891486546096,0.2777777777777778
ep_218_whisperx_diarized.gender.host_guest,SPEAKER_00,GUEST,male,7289,125,26,3.5670187954451915,19,2.6066675812868705,2,0.27438606118809167,0.016,0,0.0,0.0,0,0.0,0.0,0,0.0,0.0,0,0.0,0.0,0,0.0,0.0,0,0.0,0.0,92,12.621758814652216,0.368,10,1.3719303059404582,0.072,5,0.6859651529702291,0.04,0,0.0,0.0,1,0.13719303059404583,0.008,2,0.27438606118809167,0.016,168,23.048429139799698,0.552,28,3.8414048566332832,0.152,52,7.134037590890383,0.2,6,0.823158183564275,0.048,180,24.694745506928246,0.504,27,3.7042118260392374,0.168,220,30.18246673069008,0.72,211,28.947729455343666,0.568
ep_219_whisperx_diarized.gender.host_guest,SPEAKER_01,HOST,male,1670,67,14,8.383233532934131,11,6.586826347305389,0,0.0,0.0,0,0.0,0.0,2,1.1976047904191616,0.029850746268656716,0,0.0,0.0,0,0.0,0.0,0,0.0,0.0,0,0.0,0.0,25,14.970059880239521,0.23880597014925373,5,2.9940119760479043,0.07462686567164178,4,2.395209580838323,0.05970149253731343,0,0.0,0.0,0,0.0,0.0,6,3.592814371257485,0.08955223880597014,59,35.32934131736527,0.5074626865671642,30,17.964071856287426,0.23880597014925373,10,5.9880239520958085,0.07462686567164178,19,11.377245508982037,0.19402985074626866,33,19.76047904191617,0.3283582089552239,5,2.9940119760479043,0.07462686567164178,62,37.125748502994014,0.44776119402985076,35,20.958083832335326,0.3283582089552239
ep_219_whisperx_diarized.gender.host_guest,SPEAKER_00,GUEST,male,6316,67,28,4.433185560481317,30,4.749841671944269,3,0.4749841671944268,0.029850746268656716,0,0.0,0.0,1,0.15832805573147563,0.014925373134328358,0,0.0,0.0,0,0.0,0.0,1,0.15832805573147563,0.014925373134328358,0,0.0,0.0,73,11.55794806839772,0.4925373134328358,19,3.0082330588980364,0.208955223880597,13,2.0582647245091827,0.1791044776119403,0,0.0,0.0,0,0.0,0.0,0,0.0,0.0,182,28.815706143128562,0.746268656716418,38,6.016466117796073,0.29850746268656714,85,13.457884737175428,0.4626865671641791,15,2.3749208359721345,0.1791044776119403,172,27.232425585813804,0.7014925373134329,24,3.7998733375554146,0.2537313432835821,171,27.07409753008233,0.7313432835820896,202,31.982267257758075,0.6417910447761194
ep_220_whisperx_diarized.gender.host_guest,SPEAKER_01,HOST,male,2355,140,3,1.2738853503184713,6,2.5477707006369426,1,0.42462845010615713,0.007142857142857143,0,0.0,0.0,0,0.0,0.0,0,0.0,0.0,0,0.0,0.0,0,0.0,0.0,0,0.0,0.0,36,15.286624203821656,0.19285714285714287,8,3.397027600849257,0.05,2,0.8492569002123143,0.014285714285714285,0,0.0,0.0,2,0.8492569002123143,0.007142857142857143,21,8.9171974522293,0.15,99,42.038216560509554,0.5642857142857143,31,13.163481953290871,0.12142857142857143,20,8.492569002123142,0.08571428571428572,16,6.794055201698514,0.09285714285714286,47,19.95753715498938,0.2,15,6.369426751592357,0.07142857142857142,86,36.51804670912951,0.30714285714285716,38,16.13588110403397,0.16428571428571428
ep_220_whisperx_diarized.gender.host_guest,SPEAKER_00,GUEST,female,7260,139,29,3.9944903581267215,12,1.6528925619834711,0,0.0,0.0,0,0.0,0.0,0,0.0,0.0,0,0.0,0.0,2,0.2754820936639118,0.014388489208633094,0,0.0,0.0,0,0.0,0.0,76,10.46831955922865,0.302158273381295,19,2.6170798898071626,0.12949640287769784,7,0.9641873278236915,0.04316546762589928,0,0.0,0.0,1,0.1377410468319559,0.007194244604316547,1,0.1377410468319559,0.007194244604316547,266,36.63911845730027,0.6115107913669064,111,15.289256198347108,0.4028776978417266,168,23.140495867768593,0.38848920863309355,43,5.922865013774104,0.20863309352517986,215,29.614325068870524,0.4892086330935252,31,4.269972451790634,0.17985611510791366,276,38.01652892561983,0.7194244604316546,122,16.804407713498623,0.460431654676259
ep_221_whisperx_diarized.gender.host_guest,SPEAKER_00,GUEST,male,10108,78,31,3.0668777206173328,10,0.9893153937475268,3,0.296794618124258,0.02564102564102564,1,0.09893153937475267,0.01282051282051282,0,0.0,0.0,0,0.0,0.0,0,0.0,0.0,0,0.0,0.0,0,0.0,0.0,100,9.893153937475267,0.5256410256410257,27,2.671151563118322,0.23076923076923078,2,0.19786307874950534,0.02564102564102564,0,0.0,0.0,4,0.3957261574990107,0.038461538461538464,0,0.0,0.0,313,30.965571824297587,0.7948717948717948,95,9.398496240601503,0.47435897435897434,117,11.574990106846062,0.47435897435897434,24,2.374356944994064,0.2564102564102564,335,33.14206569054214,0.7692307692307693,53,5.243371586861891,0.4358974358974359,248,24.535021764938662,0.7692307692307693,347,34.32924416303918,0.7435897435897436
ep_221_whisperx_diarized.gender.host_guest,SPEAKER_01,HOST,male,3362,78,18,5.353955978584176,6,1.784651992861392,2,0.5948839976204641,0.02564102564102564,0,0.0,0.0,1,0.29744199881023203,0.01282051282051282,0,0.0,0.0,0,0.0,0.0,0,0.0,0.0,0,0.0,0.0,79,23.49791790600833,0.44871794871794873,23,6.841165972635336,0.23076923076923078,3,0.892325996430696,0.038461538461538464,1,0.29744199881023203,0.01282051282051282,2,0.5948839976204641,0.02564102564102564,14,4.164187983343248,0.1794871794871795,113,33.61094586555621,0.6794871794871795,95,28.25698988697204,0.32051282051282054,35,10.41046995835812,0.1794871794871795,33,9.815585960737655,0.24358974358974358,104,30.933967876264127,0.4358974358974359,11,3.271861986912552,0.11538461538461539,100,29.744199881023203,0.46153846153846156,104,30.933967876264127,0.48717948717948717
ep_222_whisperx_diarized.gender.host_guest,SPEAKER_00,GUEST,male,9456,96,25,2.643824027072758,18,1.9035532994923858,0,0.0,0.0,2,0.21150592216582065,0.020833333333333332,0,0.0,0.0,0,0.0,0.0,0,0.0,0.0,1,0.10575296108291032,0.010416666666666666,0,0.0,0.0,161,17.026226734348562,0.4270833333333333,75,7.931472081218273,0.3125,7,0.7402707275803723,0.052083333333333336,0,0.0,0.0,4,0.4230118443316413,0.041666666666666664,1,0.10575296108291032,0.010416666666666666,180,19.03553299492386,0.65625,307,32.46615905245346,0.5833333333333334,43,4.547377326565144,0.25,113,11.950084602368866,0.4791666666666667,209,22.102368866328256,0.5208333333333334,49,5.1818950930626055,0.28125,288,30.456852791878173,0.59375,420,44.41624365482234,0.6979166666666666
ep_222_whisperx_diarized.gender.host_guest,SPEAKER_01,HOST,male,7766,95,30,3.8629925315477722,14,1.802729848055627,0,0.0,0.0,0,0.0,0.0,1,0.12876641771825909,0.010526315789473684,1,0.12876641771825909,0.010526315789473684,0,0.0,0.0,0,0.0,0.0,0,0.0,0.0,153,19.70126191089364,0.5368421052631579,90,11.588977594643318,0.4,6,0.7725985063095545,0.06315789473684211,0,0.0,0.0,6,0.7725985063095545,0.042105263157894736,8,1.0301313417460727,0.08421052631578947,183,23.56425444244141,0.5789473684210527,334,43.00798351789853,0.5789473684210527,80,10.301313417460728,0.25263157894736843,71,9.142415657996395,0.30526315789473685,191,24.594385784187487,0.5578947368421052,24,3.090394025238218,0.18947368421052632,201,25.882049961370075,0.6,339,43.651815606489826,0.631578947368421
ep_223_whisperx_diarized.gender.host_guest,SPEAKER_01,GUEST,female,6020,159,26,4.318936877076412,40,6.644518272425249,0,0.0,0.0,0,0.0,0.0,0,0.0,0.0,0,0.0,0.0,0,0.0,0.0,0,0.0,0.0,0,0.0,0.0,57,9.46843853820598,0.22641509433962265,18,2.990033222591362,0.0880503144654088,14,2.3255813953488373,0.08176100628930817,0,0.0,0.0,1,0.16611295681063123,0.006289308176100629,1,0.16611295681063123,0.006289308176100629,169,28.073089700996675,0.5283018867924528,107,17.774086378737543,0.22641509433962265,157,26.079734219269103,0.3333333333333333,28,4.651162790697675,0.1509433962264151,248,41.19601328903655,0.4968553459119497,45,7.475083056478406,0.20754716981132076,242,40.19933554817276,0.5786163522012578,120,19.933554817275745,0.39622641509433965
ep_223_whisperx_diarized.gender.host_guest,SPEAKER_00,HOST,male,3057,158,15,4.906771344455349,10,3.2711808963035653,2,0.6542361792607131,0.006329113924050633,0,0.0,0.0,1,0.32711808963035655,0.006329113924050633,1,0.32711808963035655,0.006329113924050633,0,0.0,0.0,0,0.0,0.0,0,0.0,0.0,52,17.01014066077854,0.22151898734177214,18,5.888125613346418,0.08860759493670886,3,0.9813542688910696,0.0189873417721519,0,0.0,0.0,1,0.32711808963035655,0.006329113924050633,19,6.215243702976775,0.12025316455696203,98,32.05757278377494,0.4240506329113924,82,26.823683349689237,0.15822784810126583,32,10.46777886817141,0.10126582278481013,20,6.542361792607131,0.08227848101265822,57,18.645731108930324,0.21518987341772153,9,2.944062806673209,0.04430379746835443,133,43.50670592083742,0.43037974683544306,58,18.97284919856068,0.22151898734177214
ep_224_whisperx_diarized.gender.host_guest,SPEAKER_00,GUEST,male,8951,114,25,2.792984024131382,10,1.117193609652553,0,0.0,0.0,0,0.0,0.0,0,0.0,0.0,1,0.11171936096525528,0.008771929824561403,0,0.0,0.0,0,0.0,0.0,2,0.22343872193051056,0.017543859649122806,140,15.64071053513574,0.4298245614035088,57,6.368003575019551,0.20175438596491227,1,0.11171936096525528,0.008771929824561403,0,0.0,0.0,0,0.0,0.0,2,0.22343872193051056,0.017543859649122806,173,19.327449446989164,0.5964912280701754,48,5.362529326332253,0.21929824561403508,119,13.294603954865378,0.32456140350877194,24,2.6812646631661265,0.12280701754385964,372,41.559602279074966,0.6228070175438597,102,11.39537481845604,0.39473684210526316,270,30.16422746061893,0.6491228070175439,222,24.801698134286674,0.5964912280701754
ep_224_whisperx_diarized.gender.host_guest,SPEAKER_01,HOST,male,3411,114,9,2.638522427440633,5,1.465845793022574,3,0.8795074758135445,0.008771929824561403,0,0.0,0.0,2,0.5863383172090296,0.017543859649122806,0,0.0,0.0,1,0.2931691586045148,0.008771929824561403,0,0.0,0.0,0,0.0,0.0,54,15.8311345646438,0.35964912280701755,9,2.638522427440633,0.07894736842105263,1,0.2931691586045148,0.008771929824561403,1,0.2931691586045148,0.008771929824561403,1,0.2931691586045148,0.008771929824561403,19,5.570214013485781,0.16666666666666666,100,29.31691586045148,0.47368421052631576,58,17.003811199061857,0.20175438596491227,32,9.381413075344474,0.16666666666666666,16,4.690706537672237,0.12280701754385964,79,23.16036352975667,0.35964912280701755,11,3.2248607446496624,0.08771929824561403,109,31.955438287892115,0.4298245614035088,98,28.73057754324245,0.37719298245614036
ep_225_whisperx_diarized.gender.host_guest,SPEAKER_01,GUEST,male,8464,87,10,1.1814744801512287,14,1.6540642722117203,0,0.0,0.0,0,0.0,0.0,1,0.11814744801512288,0.011494252873563218,0,0.0,0.0,0,0.0,0.0,0,0.0,0.0,0,0.0,0.0,113,13.350661625708886,0.4942528735632184,25,2.9536862003780717,0.1839080459770115,1,0.11814744801512288,0.011494252873563218,0,0.0,0.0,3,0.3544423440453686,0.034482758620689655,8,0.945179584120983,0.09195402298850575,187,22.093572778827976,0.6206896551724138,58,6.8525519848771275,0.2988505747126437,94,11.105860113421551,0.3793103448275862,38,4.489603024574669,0.27586206896551724,440,51.98487712665406,0.7011494252873564,84,9.92438563327032,0.3218390804597701,258,30.4820415879017,0.7126436781609196,231,27.292060491493384,0.5977011494252874
ep_225_whisperx_diarized.gender.host_guest,SPEAKER_00,HOST,male,2350,86,10,4.25531914893617,4,1.702127659574468,0,0.0,0.0,0,0.0,0.0,0,0.0,0.0,1,0.425531914893617,0.011627906976744186,0,0.0,0.0,0,0.0,0.0,0,0.0,0.0,36,15.319148936170212,0.23255813953488372,18,7.659574468085106,0.1511627906976744,0,0.0,0.0,0,0.0,0.0,0,0.0,0.0,13,5.531914893617022,0.1511627906976744,47,20.0,0.3023255813953488,36,15.319148936170212,0.16279069767441862,21,8.936170212765958,0.09302325581395349,19,8.085106382978724,0.09302325581395349,77,32.765957446808514,0.37209302325581395,12,5.106382978723404,0.12790697674418605,83,35.319148936170215,0.5232558139534884,70,29.787234042553195,0.37209302325581395
ep_226_whisperx_diarized.gender.host_guest,SPEAKER_00,GUEST,male,8293,41,16,1.9293379959001569,14,1.6881707464126372,0,0.0,0.0,1,0.1205836247437598,0.024390243902439025,0,0.0,0.0,0,0.0,0.0,1,0.1205836247437598,0.024390243902439025,0,0.0,0.0,1,0.1205836247437598,0.024390243902439025,87,10.490775352707102,0.6097560975609756,22,2.6528397443627156,0.2682926829268293,5,0.602918123718799,0.0975609756097561,0,0.0,0.0,5,0.602918123718799,0.07317073170731707,1,0.1205836247437598,0.024390243902439025,217,26.166646569395876,0.8536585365853658,255,30.748824309658747,0.8292682926829268,111,13.384782346557339,0.4634146341463415,111,13.384782346557339,0.7560975609756098,184,22.187386952851803,0.7560975609756098,36,4.341010490775353,0.3902439024390244,201,24.237308573495717,0.926829268292683,170,20.499216206439165,0.6585365853658537
ep_226_whisperx_diarized.gender.host_guest,SPEAKER_01,HOST,male,1718,40,2,1.1641443538998835,1,0.5820721769499417,2,1.1641443538998835,0.05,0,0.0,0.0,0,0.0,0.0,0,0.0,0.0,0,0.0,0.0,0,0.0,0.0,1,0.5820721769499417,0.025,18,10.477299185098952,0.3,8,4.656577415599534,0.15,1,0.5820721769499417,0.025,1,0.5820721769499417,0.025,1,0.5820721769499417,0.025,3,1.7462165308498254,0.075,50,29.10360884749709,0.55,35,20.37252619324796,0.425,32,18.626309662398135,0.15,19,11.059371362048894,0.35,102,59.37136204889406,0.825,14,8.149010477299184,0.2,55,32.0139697322468,0.525,23,13.38766006984866,0.375
ep_227_whisperx_diarized.gender.host_guest,SPEAKER_01,HOST,male,2371,107,12,5.061155630535639,4,1.687051876845213,4,1.687051876845213,0.018691588785046728,4,1.687051876845213,0.028037383177570093,0,0.0,0.0,1,0.42176296921130324,0.009345794392523364,0,0.0,0.0,0,0.0,0.0,0,0.0,0.0,27,11.387600168705188,0.16822429906542055,6,2.5305778152678196,0.04672897196261682,3,1.2652889076339098,0.028037383177570093,0,0.0,0.0,0,0.0,0.0,12,5.061155630535639,0.11214953271028037,67,28.25811893715732,0.38317757009345793,17,7.169970476592155,0.102803738317757,23,9.700548291859976,0.06542056074766354,18,7.591733445803458,0.07476635514018691,54,22.775200337410375,0.22429906542056074,7,2.9523407844791225,0.06542056074766354,66,27.836355967946016,0.2523364485981308,123,51.8768452129903,0.5327102803738317
ep_227_whisperx_diarized.gender.host_guest,SPEAKER_00,GUEST,male,12887,107,99,7.6821603165981225,28,2.1727322107550244,1,0.07759757895553658,0.009345794392523364,2,0.15519515791107316,0.018691588785046728,0,0.0,0.0,1,0.07759757895553658,0.009345794392523364,1,0.07759757895553658,0.009345794392523364,0,0.0,0.0,0,0.0,0.0,169,13.113990843485682,0.616822429906542,26,2.0175370528439514,0.17757009345794392,6,0.4655854737332195,0.056074766355140186,0,0.0,0.0,2,0.15519515791107316,0.018691588785046728,1,0.07759757895553658,0.009345794392523364,439,34.06533716148056,0.794392523364486,135,10.47567315899744,0.3364485981308411,134,10.398075580041903,0.3364485981308411,37,2.871110421354854,0.22429906542056074,312,24.210444634127416,0.616822429906542,33,2.5607201055327073,0.27102803738317754,249,19.32179715992861,0.6822429906542056,419,32.51338558236983,0.6728971962616822
ep_228_whisperx_diarized.gender.host_guest,SPEAKER_00,HOST,female,1177,48,5,4.248088360237893,11,9.345794392523365,0,0.0,0.0,0,0.0,0.0,0,0.0,0.0,0,0.0,0.0,0,0.0,0.0,0,0.0,0.0,0,0.0,0.0,18,15.293118096856414,0.20833333333333334,5,4.248088360237893,0.08333333333333333,1,0.8496176720475787,0.020833333333333332,1,0.8496176720475787,0.020833333333333332,0,0.0,0.0,10,8.496176720475786,0.20833333333333334,27,22.939677145284623,0.4375,3,2.548853016142736,0.0625,9,7.646559048428207,0.0625,3,2.548853016142736,0.0625,100,84.96176720475786,0.6875,3,2.548853016142736,0.0625,60,50.97706032285471,0.5625,14,11.894647408666101,0.22916666666666666
ep_228_whisperx_diarized.gender.host_guest,SPEAKER_01,GUEST,female,5237,48,64,12.220737063204124,54,10.311246897078481,1,0.19094901661256444,0.020833333333333332,1,0.19094901661256444,0.020833333333333332,1,0.19094901661256444,0.020833333333333332,0,0.0,0.0,0,0.0,0.0,0,0.0,0.0,0,0.0,0.0,91,17.376360511743364,0.6875,60,11.456940996753868,0.5833333333333334,19,3.6280313156387245,0.2708333333333333,2,0.3818980332251289,0.041666666666666664,1,0.19094901661256444,0.020833333333333332,0,0.0,0.0,175,33.416077907198776,0.75,400,76.37960664502577,0.875,28,5.346572465151804,0.2916666666666667,66,12.602635096429253,0.6666666666666666,189,36.08936413977467,0.6041666666666666,13,2.4823372159633377,0.16666666666666666,252,48.11915218636624,0.8125,62,11.838839029978995,0.5625
ep_229_whisperx_diarized.gender.host_guest,SPEAKER_00,HOST,male,2276,111,9,3.9543057996485063,4,1.757469244288225,2,0.8787346221441125,0.018018018018018018,0,0.0,0.0,2,0.8787346221441125,0.018018018018018018,1,0.43936731107205623,0.009009009009009009,0,0.0,0.0,0,0.0,0.0,0,0.0,0.0,32,14.0597539543058,0.21621621621621623,8,3.51493848857645,0.06306306306306306,1,0.43936731107205623,0.009009009009009009,1,0.43936731107205623,0.009009009009009009,2,0.8787346221441125,0.018018018018018018,20,8.787346221441126,0.18018018018018017,79,34.71001757469244,0.4864864864864865,53,23.286467486818978,0.1981981981981982,24,10.54481546572935,0.14414414414414414,19,8.347978910369068,0.14414414414414414,54,23.725834797891036,0.27927927927927926,4,1.757469244288225,0.036036036036036036,86,37.78558875219684,0.43243243243243246,52,22.847100175746927,0.2972972972972973
ep_229_whisperx_diarized.gender.host_guest,SPEAKER_01,GUEST,female,8033,110,39,4.854973235403959,21,2.6142163575252084,3,0.37345947964645837,0.01818181818181818,0,0.0,0.0,0,0.0,0.0,1,0.12448649321548613,0.00909090909090909,0,0.0,0.0,0,0.0,0.0,0,0.0,0.0,73,9.087514004730487,0.41818181818181815,19,2.3652433710942367,0.15454545454545454,3,0.37345947964645837,0.02727272727272727,0,0.0,0.0,2,0.24897298643097227,0.01818181818181818,5,0.6224324660774305,0.045454545454545456,145,18.050541516245488,0.5909090909090909,90,11.203784389393752,0.34545454545454546,47,5.850865181127848,0.24545454545454545,48,5.975351674343334,0.24545454545454545,384,47.80281339474667,0.7545454545454545,49,6.09983816755882,0.3,238,29.627785385285694,0.6636363636363637,158,19.668865928046806,0.5636363636363636
ep_230_whisperx_diarized.gender.host_guest,SPEAKER_00,GUEST,male,8581,93,83,9.672532338888242,68,7.924484325836151,0,0.0,0.0,0,0.0,0.0,1,0.11653653420347279,0.010752688172043012,1,0.11653653420347279,0.010752688172043012,0,0.0,0.0,0,0.0,0.0,1,0.11653653420347279,0.010752688172043012,147,17.1308705279105,0.5161290322580645,80,9.322922736277823,0.40860215053763443,43,5.01107097074933,0.2903225806451613,0,0.0,0.0,6,0.6992192052208367,0.053763440860215055,6,0.6992192052208367,0.06451612903225806,357,41.603542710639786,0.8064516129032258,147,17.1308705279105,0.5161290322580645,130,15.149749446451462,0.3655913978494624,51,5.943363244377112,0.3548387096774194,359,41.83661577904673,0.6989247311827957,38,4.428388299731966,0.22580645161290322,359,41.83661577904673,0.6559139784946236,145,16.897797459503558,0.4946236559139785
ep_230_whisperx_diarized.gender.host_guest,SPEAKER_01,HOST,male,2509,93,14,5.579912315663611,3,1.1956954962136308,1,0.3985651654045437,0.010752688172043012,0,0.0,0.0,1,0.3985651654045437,0.010752688172043012,0,0.0,0.0,0,0.0,0.0,0,0.0,0.0,0,0.0,0.0,35,13.949780789159028,0.20430107526881722,22,8.76843363889996,0.13978494623655913,2,0.7971303308090874,0.021505376344086023,1,0.3985651654045437,0.010752688172043012,2,0.7971303308090874,0.021505376344086023,21,8.369868473495417,0.22580645161290322,80,31.88521323236349,0.45161290322580644,99,39.457951375049824,0.3225806451612903,19,7.57273814268633,0.13978494623655913,23,9.166998804304503,0.13978494623655913,76,30.29095257074532,0.46236559139784944,18,7.174172977281786,0.17204301075268819,92,36.667995217218014,0.46236559139784944,46,18.333997608609007,0.25806451612903225
ep_231_whisperx_diarized.gender.host_guest,SPEAKER_01,HOST,male,2746,144,12,4.369992716678805,2,0.7283321194464676,1,0.3641660597232338,0.006944444444444444,0,0.0,0.0,1,0.3641660597232338,0.006944444444444444,0,0.0,0.0,0,0.0,0.0,0,0.0,0.0,0,0.0,0.0,48,17.47997086671522,0.22916666666666666,14,5.098324836125273,0.09722222222222222,0,0.0,0.0,0,0.0,0.0,4,1.4566642388929352,0.027777777777777776,21,7.64748725418791,0.14583333333333334,84,30.58994901675164,0.3472222222222222,53,19.30080116533139,0.1736111111111111,32,11.653313911143481,0.11805555555555555,18,6.5549890750182085,0.11805555555555555,72,26.219956300072834,0.2361111111111111,19,6.919155134741442,0.09027777777777778,85,30.95411507647487,0.3333333333333333,64,23.306627822286963,0.25
ep_231_whisperx_diarized.gender.host_guest,SPEAKER_00,GUEST,female,9468,143,78,8.238276299112801,23,2.4292353189691593,0,0.0,0.0,1,0.10561892691170258,0.006993006993006993,1,0.10561892691170258,0.006993006993006993,0,0.0,0.0,0,0.0,0.0,0,0.0,0.0,0,0.0,0.0,166,17.53274186734263,0.46853146853146854,64,6.759611322348965,0.27972027972027974,10,1.0561892691170256,0.06293706293706294,0,0.0,0.0,2,0.21123785382340515,0.006993006993006993,7,0.739332488381918,0.04895104895104895,407,42.98690325306295,0.6993006993006993,169,17.849598648077734,0.4405594405594406,177,18.69455006337136,0.40559440559440557,49,5.175327418673426,0.2097902097902098,196,20.701309674693704,0.4755244755244755,36,3.802281368821293,0.11888111888111888,227,23.975496408956484,0.5944055944055944,197,20.806928601605406,0.5034965034965035
ep_232_whisperx_diarized.gender.host_guest,SPEAKER_00,GUEST,male,8427,68,45,5.33997864008544,9,1.067995728017088,0,0.0,0.0,4,0.47466476800759466,0.058823529411764705,0,0.0,0.0,2,0.23733238400379733,0.029411764705882353,1,0.11866619200189867,0.014705882352941176,0,0.0,0.0,0,0.0,0.0,91,10.798623472172778,0.5147058823529411,37,4.390649104070251,0.3088235294117647,6,0.711997152011392,0.058823529411764705,0,0.0,0.0,6,0.711997152011392,0.058823529411764705,1,0.11866619200189867,0.014705882352941176,165,19.579921680313277,0.6764705882352942,144,17.087931648273408,0.6323529411764706,74,8.781298208140502,0.36764705882352944,79,9.374629168149994,0.5441176470588235,465,55.179779280882876,0.7647058823529411,51,6.051975792096832,0.4411764705882353,247,29.31054942446897,0.7058823529411765,235,27.886555120446186,0.7352941176470589
ep_232_whisperx_diarized.gender.host_guest,SPEAKER_01,HOST,male,1244,68,4,3.215434083601286,3,2.411575562700965,2,1.607717041800643,0.014705882352941176,0,0.0,0.0,1,0.8038585209003215,0.014705882352941176,0,0.0,0.0,0,0.0,0.0,0,0.0,0.0,0,0.0,0.0,15,12.057877813504822,0.19117647058823528,7,5.627009646302251,0.08823529411764706,2,1.607717041800643,0.029411764705882353,1,0.8038585209003215,0.014705882352941176,0,0.0,0.0,15,12.057877813504822,0.22058823529411764,27,21.704180064308684,0.3382352941176471,7,5.627009646302251,0.08823529411764706,12,9.64630225080386,0.11764705882352941,7,5.627009646302251,0.08823529411764706,36,28.938906752411576,0.3235294117647059,9,7.234726688102894,0.1323529411764706,54,43.40836012861737,0.3382352941176471,37,29.7427652733119,0.2647058823529412
ep_233_whisperx_diarized.gender.host_guest,SPEAKER_01,GUEST,male,11157,74,48,4.302231782737295,12,1.0755579456843238,2,0.17925965761405396,0.013513513513513514,1,0.08962982880702698,0.013513513513513514,0,0.0,0.0,0,0.0,0.0,0,0.0,0.0,0,0.0,0.0,0,0.0,0.0,112,10.038540826387022,0.6486486486486487,21,1.8822264049475665,0.24324324324324326,1,0.08962982880702698,0.013513513513513514,1,0.08962982880702698,0.013513513513513514,2,0.17925965761405396,0.013513513513513514,2,0.17925965761405396,0.02702702702702703,248,22.22819754414269,0.7702702702702703,123,11.024468943264319,0.527027027027027,187,16.760777986914043,0.5675675675675675,72,6.453347674105943,0.40540540540540543,222,19.89782199515999,0.7027027027027027,77,6.901496818141077,0.4594594594594595,264,23.662274805055123,0.7162162162162162,201,18.015595590212424,0.7162162162162162
ep_233_whisperx_diarized.gender.host_guest,SPEAKER_00,HOST,male,1637,73,9,5.497861942577886,7,4.276114844227244,4,2.443494196701283,0.0136986301369863,1,0.6108735491753208,0.0136986301369863,1,0.6108735491753208,0.0136986301369863,0,0.0,0.0,0,0.0,0.0,0,0.0,0.0,0,0.0,0.0,24,14.660965180207697,0.2602739726027397,8,4.886988393402566,0.0958904109589041,0,0.0,0.0,0,0.0,0.0,5,3.0543677458766036,0.0410958904109589,10,6.108735491753207,0.136986301369863,51,31.154551007941354,0.547945205479452,12,7.330482590103848,0.1232876712328767,13,7.94135613927917,0.0684931506849315,11,6.719609040928527,0.0821917808219178,40,24.43494196701283,0.2465753424657534,5,3.0543677458766036,0.0547945205479452,41,25.04581551618815,0.3424657534246575,30,18.32620647525962,0.2602739726027397
ep_234_whisperx_diarized.gender.host_guest,SPEAKER_00,GUEST,male,12719,46,61,4.795974526299237,47,3.6952590612469534,1,0.07862253321802028,0.021739130434782608,2,0.15724506643604055,0.043478260869565216,0,0.0,0.0,3,0.23586759965406084,0.043478260869565216,0,0.0,0.0,0,0.0,0.0,0,0.0,0.0,98,7.705008255365988,0.5217391304347826,27,2.1228083968865477,0.32608695652173914,29,2.2800534633225884,0.41304347826086957,0,0.0,0.0,6,0.4717351993081217,0.10869565217391304,0,0.0,0.0,323,25.395078229420555,0.6521739130434783,89,6.997405456403805,0.5869565217391305,219,17.21833477474644,0.43478260869565216,52,4.088371727337055,0.5,515,40.490604607280446,0.8043478260869565,79,6.211180124223602,0.41304347826086957,243,19.10527557197893,0.717391304347826,380,29.87656262284771,0.6956521739130435
ep_234_whisperx_diarized.gender.host_guest,SPEAKER_01,HOST,male,1627,46,5,3.073140749846343,5,3.073140749846343,2,1.229256299938537,0.021739130434782608,0,0.0,0.0,0,0.0,0.0,0,0.0,0.0,0,0.0,0.0,1,0.6146281499692685,0.021739130434782608,0,0.0,0.0,16,9.834050399508296,0.21739130434782608,3,1.8438844499078058,0.06521739130434782,3,1.8438844499078058,0.06521739130434782,0,0.0,0.0,0,0.0,0.0,11,6.760909649661954,0.2391304347826087,45,27.658266748617084,0.5217391304347826,35,21.5119852489244,0.3695652173913043,14,8.60479409956976,0.17391304347826086,5,3.073140749846343,0.06521739130434782,43,26.42901044867855,0.45652173913043476,11,6.760909649661954,0.15217391304347827,75,46.097111247695146,0.5,59,36.263060848186846,0.45652173913043476
ep_235_whisperx_diarized.gender.host_guest,SPEAKER_01,GUEST,male,11462,77,20,1.7448961786773687,21,1.8321409876112371,0,0.0,0.0,1,0.08724480893386843,0.012987012987012988,1,0.08724480893386843,0.012987012987012988,2,0.17448961786773687,0.025974025974025976,2,0.17448961786773687,0.025974025974025976,0,0.0,0.0,0,0.0,0.0,130,11.341825161402896,0.5324675324675324,63,5.496422962833711,0.3246753246753247,8,0.6979584714709475,0.09090909090909091,1,0.08724480893386843,0.012987012987012988,2,0.17448961786773687,0.025974025974025976,1,0.08724480893386843,0.012987012987012988,293,25.56272901762345,0.7532467532467533,104,9.073460129122317,0.4155844155844156,47,4.100506019891816,0.2077922077922078,33,2.8790786948176583,0.19480519480519481,704,61.42034548944338,0.7922077922077922,77,6.717850287907869,0.38961038961038963,318,27.74384924097016,0.7142857142857143,572,49.90403071017274,0.7532467532467533
ep_235_whisperx_diarized.gender.host_guest,SPEAKER_00,HOST,male,3027,77,21,6.937561942517344,6,1.9821605550049552,3,0.9910802775024776,0.012987012987012988,0,0.0,0.0,2,0.6607201850016517,0.012987012987012988,0,0.0,0.0,0,0.0,0.0,0,0.0,0.0,0,0.0,0.0,51,16.848364717542122,0.36363636363636365,27,8.919722497522299,0.22077922077922077,3,0.9910802775024776,0.03896103896103896,3,0.9910802775024776,0.03896103896103896,2,0.6607201850016517,0.025974025974025976,18,5.946481665014866,0.23376623376623376,58,19.1608853650479,0.4025974025974026,80,26.428807400066074,0.2727272727272727,21,6.937561942517344,0.11688311688311688,11,3.633961017509085,0.12987012987012986,88,29.07168814007268,0.4025974025974026,23,7.598282127518996,0.19480519480519481,83,27.41988767756855,0.36363636363636365,169,55.830855632639576,0.6623376623376623
ep_236_whisperx_diarized.gender.host_guest,SPEAKER_01,HOST,male,2183,77,6,2.748511223087494,7,3.20659642693541,6,2.748511223087494,0.025974025974025976,1,0.45808520384791573,0.012987012987012988,1,0.45808520384791573,0.012987012987012988,1,0.45808520384791573,0.012987012987012988,0,0.0,0.0,0,0.0,0.0,0,0.0,0.0,22,10.077874484654146,0.2077922077922078,8,3.664681630783326,0.06493506493506493,5,2.2904260192395784,0.03896103896103896,1,0.45808520384791573,0.012987012987012988,1,0.45808520384791573,0.012987012987012988,17,7.787448465414567,0.22077922077922077,56,25.65277141548328,0.4675324675324675,39,17.865322950068713,0.12987012987012986,30,13.742556115437472,0.11688311688311688,21,9.61978928080623,0.12987012987012986,41,18.781493357764543,0.2597402597402597,4,1.832340815391663,0.03896103896103896,94,43.06000916170408,0.4935064935064935,106,48.55703160787907,0.5844155844155844
ep_236_whisperx_diarized.gender.host_guest,SPEAKER_00,GUEST,male,10881,77,22,2.0218729896149252,15,1.3785497656465397,5,0.45951658854884664,0.012987012987012988,1,0.09190331770976932,0.012987012987012988,1,0.09190331770976932,0.012987012987012988,1,0.09190331770976932,0.012987012987012988,0,0.0,0.0,0,0.0,0.0,0,0.0,0.0,92,8.455105229298777,0.4935064935064935,25,2.297582942744233,0.19480519480519481,5,0.45951658854884664,0.06493506493506493,0,0.0,0.0,2,0.18380663541953865,0.025974025974025976,1,0.09190331770976932,0.012987012987012988,273,25.089605734767026,0.7532467532467533,81,7.444168734491315,0.38961038961038963,94,8.638911864718317,0.3116883116883117,37,3.400422755261465,0.2857142857142857,401,36.853230401617495,0.6493506493506493,53,4.870875838617774,0.3116883116883117,362,33.26900101093649,0.7532467532467533,445,40.89697638084735,0.7532467532467533
ep_237_whisperx_diarized.gender.host_guest,SPEAKER_00,GUEST,male,14914,113,36,2.413839345581333,19,1.2739707657234813,2,0.1341021858656296,0.008849557522123894,3,0.2011532787984444,0.02654867256637168,0,0.0,0.0,1,0.0670510929328148,0.008849557522123894,0,0.0,0.0,0,0.0,0.0,1,0.0670510929328148,0.008849557522123894,147,9.856510661123776,0.5221238938053098,66,4.4253721335657765,0.23008849557522124,11,0.7375620222609628,0.07964601769911504,0,0.0,0.0,1,0.0670510929328148,0.008849557522123894,2,0.1341021858656296,0.017699115044247787,308,20.65173662330696,0.7345132743362832,110,7.375620222609629,0.415929203539823,78,5.229985248759555,0.20353982300884957,81,5.431138527558,0.3274336283185841,816,54.71369183317688,0.7345132743362832,123,8.247284430736222,0.4336283185840708,485,32.51978007241518,0.7610619469026548,561,37.615663135309106,0.6637168141592921
ep_237_whisperx_diarized.gender.host_guest,SPEAKER_01,HOST,male,3796,112,23,6.059009483667018,11,2.897787144362487,9,2.3709167544783982,0.026785714285714284,0,0.0,0.0,2,0.5268703898840885,0.017857142857142856,0,0.0,0.0,0,0.0,0.0,0,0.0,0.0,0,0.0,0.0,55,14.488935721812433,0.25,21,5.53213909378293,0.11607142857142858,5,1.3171759747102212,0.044642857142857144,0,0.0,0.0,0,0.0,0.0,17,4.478398314014752,0.15178571428571427,102,26.870389884088517,0.48214285714285715,101,26.60695468914647,0.3125,26,6.8493150684931505,0.15178571428571427,34,8.956796628029505,0.19642857142857142,90,23.70916754478398,0.36607142857142855,13,3.4246575342465753,0.11607142857142858,126,33.19283456269758,0.44642857142857145,130,34.24657534246575,0.4642857142857143
ep_238_whisperx_diarized.gender.host_guest,SPEAKER_01,HOST,male,3380,85,14,4.1420118343195265,11,3.254437869822485,7,2.0710059171597632,0.058823529411764705,1,0.2958579881656805,0.011764705882352941,0,0.0,0.0,0,0.0,0.0,1,0.2958579881656805,0.011764705882352941,0,0.0,0.0,0,0.0,0.0,49,14.497041420118343,0.4117647058823529,17,5.029585798816568,0.16470588235294117,7,2.0710059171597632,0.07058823529411765,0,0.0,0.0,1,0.2958579881656805,0.011764705882352941,7,2.0710059171597632,0.08235294117647059,87,25.739644970414204,0.5529411764705883,32,9.467455621301776,0.2,24,7.100591715976331,0.16470588235294117,14,4.1420118343195265,0.11764705882352941,93,27.514792899408285,0.5176470588235295,13,3.8461538461538463,0.1411764705882353,93,27.514792899408285,0.4588235294117647,105,31.06508875739645,0.5411764705882353
ep_238_whisperx_diarized.gender.host_guest,SPEAKER_00,GUEST,male,10945,85,36,3.2891731384193696,20,1.8273184102329831,1,0.09136592051164916,0.011764705882352941,0,0.0,0.0,0,0.0,0.0,0,0.0,0.0,0,0.0,0.0,0,0.0,0.0,0,0.0,0.0,99,9.045226130653266,0.49411764705882355,20,1.8273184102329831,0.21176470588235294,2,0.1827318410232983,0.023529411764705882,1,0.09136592051164916,0.011764705882352941,1,0.09136592051164916,0.011764705882352941,0,0.0,0.0,176,16.080402010050253,0.6470588235294118,83,7.58337140246688,0.49411764705882355,81,7.400639561443581,0.32941176470588235,56,5.116491548652353,0.4235294117647059,304,27.775239835541345,0.6941176470588235,46,4.202832343535861,0.35294117647058826,282,25.76518958428506,0.788235294117647,409,37.368661489264504,0.7176470588235294
ep_239_whisperx_diarized.gender.host_guest,SPEAKER_00,HOST,male,1411,31,4,2.834868887313962,2,1.417434443656981,5,3.543586109142452,0.06451612903225806,0,0.0,0.0,0,0.0,0.0,0,0.0,0.0,0,0.0,0.0,0,0.0,0.0,0,0.0,0.0,23,16.300496102055277,0.4838709677419355,5,3.543586109142452,0.16129032258064516,0,0.0,0.0,0,0.0,0.0,1,0.7087172218284905,0.03225806451612903,8,5.669737774627924,0.25806451612903225,44,31.183557760453578,0.5161290322580645,34,24.096385542168676,0.3225806451612903,13,9.213323883770375,0.2903225806451613,12,8.504606661941885,0.16129032258064516,41,29.05740609496811,0.5483870967741935,7,4.961020552799433,0.22580645161290322,37,26.222537207654145,0.6129032258064516,34,24.096385542168676,0.5161290322580645
ep_239_whisperx_diarized.gender.host_guest,SPEAKER_01,GUEST,male,8571,31,9,1.0500525026251313,5,0.5833625014584063,3,0.35001750087504374,0.06451612903225806,0,0.0,0.0,0,0.0,0.0,1,0.11667250029168125,0.03225806451612903,0,0.0,0.0,0,0.0,0.0,0,0.0,0.0,63,7.3503675183759185,0.7096774193548387,12,1.400070003500175,0.25806451612903225,0,0.0,0.0,0,0.0,0.0,1,0.11667250029168125,0.03225806451612903,0,0.0,0.0,216,25.20126006300315,0.7741935483870968,57,6.650332516625832,0.6451612903225806,105,12.250612530626531,0.6451612903225806,15,1.7500875043752186,0.3225806451612903,341,39.785322599463306,0.9032258064516129,36,4.200210010500525,0.41935483870967744,316,36.86851009217128,0.8387096774193549,186,21.70108505425271,0.8387096774193549
ep_240_whisperx_diarized.gender.host_guest,SPEAKER_01,GUEST,male,2906,34,5,1.7205781142463867,9,3.0970406056434965,2,0.6882312456985547,0.029411764705882353,0,0.0,0.0,0,0.0,0.0,4,1.3764624913971093,0.058823529411764705,0,0.0,0.0,0,0.0,0.0,1,0.3441156228492773,0.029411764705882353,23,7.914659325533379,0.3235294117647059,5,1.7205781142463867,0.14705882352941177,1,0.3441156228492773,0.029411764705882353,0,0.0,0.0,4,1.3764624913971093,0.029411764705882353,3,1.032346868547832,0.08823529411764706,70,24.088093599449415,0.9117647058823529,95,32.690984170681354,0.6470588235294118,54,18.582243633860976,0.4411764705882353,13,4.473503097040606,0.2647058823529412,116,39.91741225051618,0.7941176470588235,6,2.064693737095664,0.14705882352941177,90,30.970406056434964,0.7647058823529411,39,13.420509291121817,0.38235294117647056
ep_240_whisperx_diarized.gender.host_guest,SPEAKER_00,HOST,male,3271,34,9,2.7514521553041886,9,2.7514521553041886,1,0.3057169061449098,0.029411764705882353,0,0.0,0.0,0,0.0,0.0,2,0.6114338122898196,0.029411764705882353,4,1.2228676245796393,0.029411764705882353,0,0.0,0.0,0,0.0,0.0,67,20.483032711708958,0.5882352941176471,26,7.9486395597676545,0.4117647058823529,2,0.6114338122898196,0.058823529411764705,1,0.3057169061449098,0.029411764705882353,2,0.6114338122898196,0.029411764705882353,0,0.0,0.0,43,13.145826964231121,0.5882352941176471,85,25.985937022317334,0.6176470588235294,84,25.680220116172425,0.47058823529411764,14,4.280036686028738,0.29411764705882354,149,45.55181901559156,0.6764705882352942,12,3.6686028737389176,0.23529411764705882,94,28.737389177621523,0.8235294117647058,67,20.483032711708958,0.6764705882352942
ep_241_whisperx_diarized.gender.host_guest,SPEAKER_00,GUEST,male,5912,36,23,3.8903924221921513,10,1.6914749661705006,0,0.0,0.0,0,0.0,0.0,0,0.0,0.0,0,0.0,0.0,0,0.0,0.0,0,0.0,0.0,0,0.0,0.0,55,9.303112313937753,0.6111111111111112,22,3.7212449255751014,0.3611111111111111,0,0.0,0.0,1,0.16914749661705009,0.027777777777777776,0,0.0,0.0,0,0.0,0.0,194,32.81461434370772,0.8888888888888888,32,5.412719891745603,0.4166666666666667,109,18.43707713125846,0.6111111111111112,25,4.2286874154262515,0.5,183,30.953991880920164,0.8611111111111112,22,3.7212449255751014,0.3888888888888889,183,30.953991880920164,0.9166666666666666,102,17.25304465493911,0.7777777777777778
ep_241_whisperx_diarized.gender.host_guest,SPEAKER_01,HOST,male,1739,35,10,5.7504312823461765,5,2.8752156411730883,0,0.0,0.0,0,0.0,0.0,0,0.0,0.0,0,0.0,0.0,0,0.0,0.0,0,0.0,0.0,0,0.0,0.0,23,13.225991949396205,0.42857142857142855,8,4.6003450258769405,0.2,4,2.3001725129384702,0.11428571428571428,0,0.0,0.0,1,0.5750431282346176,0.02857142857142857,11,6.325474410580793,0.3142857142857143,40,23.001725129384706,0.45714285714285713,16,9.200690051753881,0.11428571428571428,23,13.225991949396205,0.2571428571428571,7,4.025301897642324,0.14285714285714285,38,21.85163887291547,0.4,3,1.7251293847038527,0.08571428571428572,57,32.7774583093732,0.5428571428571428,26,14.951121334100058,0.3142857142857143
ep_242_whisperx_diarized.gender.host_guest,SPEAKER_00,GUEST,male,10555,70,57,5.400284225485552,43,4.073898626243486,3,0.28422548555187116,0.014285714285714285,0,0.0,0.0,1,0.09474182851729039,0.014285714285714285,1,0.09474182851729039,0.014285714285714285,0,0.0,0.0,1,0.09474182851729039,0.014285714285714285,0,0.0,0.0,84,7.958313595452392,0.44285714285714284,18,1.7053529133112268,0.17142857142857143,14,1.3263855992420652,0.11428571428571428,1,0.09474182851729039,0.014285714285714285,1,0.09474182851729039,0.014285714285714285,3,0.28422548555187116,0.04285714285714286,375,35.52818569398389,0.6714285714285714,151,14.30601610611085,0.6285714285714286,255,24.159166271909047,0.5285714285714286,52,4.9265750828991,0.4142857142857143,607,57.50828990999526,0.7142857142857143,73,6.916153481762199,0.42857142857142855,483,45.760303173851256,0.8,250,23.685457129322593,0.5571428571428572
ep_242_whisperx_diarized.gender.host_guest,SPEAKER_01,HOST,male,2618,69,13,4.965622612681436,8,3.0557677616501144,1,0.3819709702062643,0.014492753623188406,1,0.3819709702062643,0.014492753623188406,0,0.0,0.0,1,0.3819709702062643,0.014492753623188406,0,0.0,0.0,0,0.0,0.0,0,0.0,0.0,34,12.987012987012989,0.30434782608695654,8,3.0557677616501144,0.10144927536231885,0,0.0,0.0,1,0.3819709702062643,0.014492753623188406,0,0.0,0.0,14,5.347593582887701,0.2028985507246377,59,22.536287242169596,0.42028985507246375,75,28.647822765469822,0.3333333333333333,35,13.368983957219251,0.17391304347826086,18,6.875477463712758,0.18840579710144928,85,32.467532467532465,0.463768115942029,5,1.9098548510313218,0.057971014492753624,94,35.90527119938885,0.5652173913043478,52,19.862490450725744,0.30434782608695654
ep_243_whisperx_diarized.gender.host_guest,SPEAKER_00,GUEST,male,12719,79,47,3.6952590612469534,47,3.6952590612469534,1,0.07862253321802028,0.012658227848101266,1,0.07862253321802028,0.012658227848101266,5,0.3931126660901014,0.06329113924050633,13,1.0220929318342638,0.11392405063291139,7,0.550357732526142,0.06329113924050633,3,0.23586759965406084,0.0379746835443038,0,0.0,0.0,144,11.321644783394921,0.6075949367088608,53,4.166994260555075,0.3924050632911392,7,0.550357732526142,0.0759493670886076,2,0.15724506643604055,0.02531645569620253,4,0.3144901328720811,0.05063291139240506,3,0.23586759965406084,0.0379746835443038,344,27.04615142699898,0.7088607594936709,240,18.86940797232487,0.5189873417721519,342,26.888906360562938,0.620253164556962,98,7.705008255365988,0.5063291139240507,297,23.350892365752024,0.620253164556962,44,3.4593914615928925,0.3291139240506329,360,28.304111958487304,0.6962025316455697,230,18.083182640144667,0.4936708860759494
ep_243_whisperx_diarized.gender.host_guest,SPEAKER_01,HOST,male,2862,78,15,5.241090146750524,9,3.1446540880503147,6,2.0964360587002098,0.038461538461538464,0,0.0,0.0,6,2.0964360587002098,0.07692307692307693,1,0.3494060097833683,0.01282051282051282,0,0.0,0.0,0,0.0,0.0,0,0.0,0.0,42,14.675052410901468,0.2692307692307692,16,5.590496156533892,0.1282051282051282,7,2.4458420684835778,0.0641025641025641,0,0.0,0.0,1,0.3494060097833683,0.01282051282051282,11,3.843466107617051,0.14102564102564102,58,20.26554856743536,0.3974358974358974,55,19.217330538085253,0.19230769230769232,50,17.470300489168416,0.20512820512820512,20,6.988120195667365,0.16666666666666666,104,36.3382250174703,0.46153846153846156,5,1.7470300489168413,0.05128205128205128,132,46.12159329140461,0.5256410256410257,79,27.603074772886092,0.32051282051282054
ep_244_whisperx_diarized.gender.host_guest,SPEAKER_00,HOST,male,2822,125,6,2.1261516654854713,3,1.0630758327427356,1,0.35435861091424525,0.008,1,0.35435861091424525,0.008,3,1.0630758327427356,0.024,0,0.0,0.0,0,0.0,0.0,1,0.35435861091424525,0.008,0,0.0,0.0,21,7.4415308291991495,0.12,13,4.6066619418851875,0.088,1,0.35435861091424525,0.008,0,0.0,0.0,2,0.7087172218284905,0.016,7,2.4805102763997167,0.056,81,28.70304748405386,0.504,28,9.922041105598867,0.136,26,9.213323883770375,0.152,24,8.504606661941885,0.152,88,31.183557760453578,0.392,14,4.961020552799433,0.104,65,23.03330970942594,0.304,63,22.32459248759745,0.312
ep_244_whisperx_diarized.gender.host_guest,SPEAKER_01,GUEST,male,12644,125,71,5.615311610249921,44,3.4799114204365704,1,0.07908889591901297,0.008,0,0.0,0.0,3,0.2372666877570389,0.024,0,0.0,0.0,0,0.0,0.0,0,0.0,0.0,0,0.0,0.0,137,10.835178740904778,0.52,80,6.3271116735210375,0.384,23,1.8190446061372982,0.16,0,0.0,0.0,5,0.39544447959506485,0.04,0,0.0,0.0,452,35.74818095539386,0.744,207,16.371401455235684,0.512,322,25.46662448592218,0.536,99,7.829800695982284,0.44,291,23.014868712432772,0.544,51,4.033533691869661,0.256,305,24.122113255298956,0.672,209,16.529579247073713,0.592
ep_245_whisperx_diarized.gender.host_guest,SPEAKER_01,HOST,male,1272,82,1,0.7861635220125787,1,0.7861635220125787,1,0.7861635220125787,0.012195121951219513,0,0.0,0.0,1,0.7861635220125787,0.012195121951219513,0,0.0,0.0,0,0.0,0.0,0,0.0,0.0,0,0.0,0.0,16,12.578616352201259,0.15853658536585366,3,2.3584905660377355,0.036585365853658534,0,0.0,0.0,0,0.0,0.0,2,1.5723270440251573,0.024390243902439025,12,9.433962264150942,0.14634146341463414,42,33.0188679245283,0.43902439024390244,8,6.289308176100629,0.07317073170731707,11,8.647798742138365,0.07317073170731707,7,5.50314465408805,0.07317073170731707,34,26.729559748427675,0.3048780487804878,5,3.930817610062893,0.06097560975609756,36,28.30188679245283,0.2926829268292683,35,27.51572327044025,0.2682926829268293
ep_245_whisperx_diarized.gender.host_guest,SPEAKER_00,GUEST,male,6125,81,23,3.7551020408163267,10,1.6326530612244898,0,0.0,0.0,0,0.0,0.0,1,0.16326530612244897,0.012345679012345678,3,0.4897959183673469,0.024691358024691357,1,0.16326530612244897,0.012345679012345678,0,0.0,0.0,0,0.0,0.0,48,7.836734693877551,0.3950617283950617,12,1.9591836734693877,0.13580246913580246,4,0.6530612244897959,0.04938271604938271,0,0.0,0.0,1,0.16326530612244897,0.012345679012345678,2,0.32653061224489793,0.024691358024691357,174,28.408163265306122,0.7530864197530864,40,6.530612244897959,0.2345679012345679,63,10.285714285714285,0.3950617283950617,15,2.4489795918367347,0.13580246913580246,135,22.040816326530614,0.5185185185185185,32,5.224489795918367,0.25925925925925924,148,24.16326530612245,0.6296296296296297,217,35.42857142857143,0.6419753086419753
ep_246_whisperx_diarized.gender.host_guest,SPEAKER_00,HOST,male,5232,186,27,5.160550458715597,11,2.102446483180428,1,0.191131498470948,0.005376344086021506,2,0.382262996941896,0.005376344086021506,1,0.191131498470948,0.005376344086021506,1,0.191131498470948,0.005376344086021506,1,0.191131498470948,0.005376344086021506,0,0.0,0.0,0,0.0,0.0,90,17.201834862385322,0.3225806451612903,40,7.6452599388379205,0.1989247311827957,2,0.382262996941896,0.010752688172043012,1,0.191131498470948,0.005376344086021506,3,0.573394495412844,0.016129032258064516,11,2.102446483180428,0.05913978494623656,151,28.86085626911315,0.3870967741935484,119,22.744648318042813,0.27956989247311825,19,3.6314984709480123,0.03763440860215054,52,9.938837920489297,0.17204301075268819,150,28.669724770642205,0.3279569892473118,36,6.8807339449541285,0.12365591397849462,275,52.56116207951071,0.5161290322580645,139,26.56727828746177,0.3279569892473118
ep_246_whisperx_diarized.gender.host_guest,SPEAKER_01,GUEST,female,8342,185,37,4.4353871973147925,34,4.075761208343323,2,0.2397506593143131,0.005405405405405406,2,0.2397506593143131,0.010810810810810811,2,0.2397506593143131,0.010810810810810811,1,0.11987532965715655,0.005405405405405406,1,0.11987532965715655,0.005405405405405406,0,0.0,0.0,0,0.0,0.0,77,9.230400383601054,0.2756756756756757,27,3.236633900743227,0.11891891891891893,8,0.9590026372572524,0.03783783783783784,3,0.3596259889714697,0.010810810810810811,0,0.0,0.0,3,0.3596259889714697,0.016216216216216217,165,19.77942939343083,0.4540540540540541,149,17.861424118916325,0.35135135135135137,48,5.754015823543515,0.17297297297297298,71,8.511148405658115,0.2756756756756757,340,40.75761208343323,0.43243243243243246,98,11.747782306401342,0.2810810810810811,405,48.5495085111484,0.6216216216216216,256,30.688084392232078,0.4972972972972973
ep_247_whisperx_diarized.gender.host_guest,SPEAKER_01,HOST,male,3340,146,17,5.089820359281437,7,2.095808383233533,0,0.0,0.0,0,0.0,0.0,1,0.2994011976047904,0.00684931506849315,1,0.2994011976047904,0.00684931506849315,0,0.0,0.0,0,0.0,0.0,0,0.0,0.0,55,16.467065868263475,0.2328767123287671,24,7.18562874251497,0.13013698630136986,2,0.5988023952095808,0.0136986301369863,0,0.0,0.0,4,1.1976047904191616,0.0273972602739726,27,8.083832335329342,0.18493150684931506,105,31.437125748502993,0.4931506849315068,57,17.065868263473053,0.136986301369863,17,5.089820359281437,0.06164383561643835,12,3.592814371257485,0.0684931506849315,82,24.550898203592816,0.3150684931506849,8,2.395209580838323,0.0547945205479452,106,31.736526946107784,0.3287671232876712,70,20.958083832335326,0.2945205479452055
ep_247_whisperx_diarized.gender.host_guest,SPEAKER_00,GUEST,male,8747,146,48,5.487595747113296,20,2.286498227963873,0,0.0,0.0,0,0.0,0.0,1,0.11432491139819366,0.00684931506849315,0,0.0,0.0,0,0.0,0.0,0,0.0,0.0,0,0.0,0.0,75,8.574368354864525,0.3493150684931507,10,1.1432491139819365,0.06164383561643835,2,0.22864982279638732,0.0136986301369863,0,0.0,0.0,0,0.0,0.0,2,0.22864982279638732,0.0136986301369863,193,22.064707899851378,0.5205479452054794,30,3.42974734194581,0.1232876712328767,66,7.545444152280782,0.22602739726027396,15,1.714873670972905,0.07534246575342465,110,12.575740253801303,0.3082191780821918,23,2.6294729621584545,0.0958904109589041,282,32.23962501429061,0.6164383561643836,208,23.77958157082428,0.4794520547945205
ep_248_whisperx_diarized.gender.host_guest,SPEAKER_00,GUEST,male,7753,114,119,15.348897201083453,44,5.675222494518251,0,0.0,0.0,1,0.12898232942086935,0.008771929824561403,1,0.12898232942086935,0.008771929824561403,0,0.0,0.0,0,0.0,0.0,0,0.0,0.0,0,0.0,0.0,173,22.313942989810396,0.6228070175438597,57,7.351992776989553,0.2807017543859649,12,1.5477879530504322,0.09649122807017543,0,0.0,0.0,3,0.38694698826260804,0.02631578947368421,3,0.38694698826260804,0.02631578947368421,250,32.24558235521734,0.7456140350877193,169,21.798013672126917,0.5087719298245614,69,8.899780730039984,0.2894736842105263,47,6.062169482780859,0.2894736842105263,221,28.505094802012124,0.6403508771929824,30,3.8694698826260803,0.18421052631578946,245,31.60067070811299,0.6403508771929824,161,20.766155036759965,0.543859649122807
ep_248_whisperx_diarized.gender.host_guest,SPEAKER_01,HOST,male,2539,114,25,9.846396218983852,6,2.3631350925561243,1,0.3938558487593541,0.008771929824561403,0,0.0,0.0,0,0.0,0.0,0,0.0,0.0,0,0.0,0.0,0,0.0,0.0,0,0.0,0.0,46,18.11736904293029,0.2719298245614035,17,6.69554942890902,0.11403508771929824,2,0.7877116975187082,0.017543859649122806,2,0.7877116975187082,0.017543859649122806,2,0.7877116975187082,0.017543859649122806,18,7.089405277668374,0.15789473684210525,83,32.69003544702639,0.45614035087719296,66,25.99448601811737,0.22807017543859648,17,6.69554942890902,0.08771929824561403,35,13.784954706577393,0.17543859649122806,63,24.812918471839307,0.2719298245614035,9,3.544702638834187,0.06140350877192982,128,50.41354864119732,0.41228070175438597,48,18.905080740448994,0.2807017543859649
ep_249_whisperx_diarized.gender.host_guest,SPEAKER_01,HOST,male,2164,79,5,2.3105360443622924,9,4.1589648798521255,1,0.46210720887245843,0.012658227848101266,0,0.0,0.0,1,0.46210720887245843,0.012658227848101266,0,0.0,0.0,0,0.0,0.0,0,0.0,0.0,0,0.0,0.0,37,17.097966728280962,0.2911392405063291,9,4.1589648798521255,0.05063291139240506,3,1.3863216266173752,0.02531645569620253,1,0.46210720887245843,0.012658227848101266,1,0.46210720887245843,0.012658227848101266,15,6.931608133086876,0.189873417721519,67,30.961182994454713,0.620253164556962,61,28.188539741219962,0.17721518987341772,26,12.014787430683919,0.17721518987341772,13,6.007393715341959,0.10126582278481013,50,23.10536044362292,0.34177215189873417,7,3.234750462107209,0.08860759493670886,64,29.57486136783734,0.3670886075949367,92,42.513863216266174,0.4050632911392405
ep_249_whisperx_diarized.gender.host_guest,SPEAKER_00,GUEST,male,11780,79,33,2.801358234295416,45,3.8200339558573853,1,0.08488964346349746,0.012658227848101266,1,0.08488964346349746,0.012658227848101266,0,0.0,0.0,0,0.0,0.0,0,0.0,0.0,0,0.0,0.0,0,0.0,0.0,172,14.601018675721562,0.6455696202531646,61,5.1782682512733444,0.35443037974683544,11,0.9337860780984719,0.11392405063291139,0,0.0,0.0,3,0.2546689303904923,0.0379746835443038,2,0.16977928692699493,0.02531645569620253,290,24.617996604414262,0.7848101265822784,163,13.837011884550085,0.5316455696202531,90,7.6400679117147705,0.4177215189873418,78,6.621392190152802,0.4430379746835443,364,30.899830220713074,0.759493670886076,64,5.432937181663838,0.379746835443038,281,23.853989813242784,0.810126582278481,472,40.067911714770794,0.759493670886076
ep_250_whisperx_diarized.gender.host_guest,SPEAKER_00,GUEST,male,4865,98,19,3.905447070914697,7,1.4388489208633093,0,0.0,0.0,0,0.0,0.0,1,0.20554984583761562,0.01020408163265306,1,0.20554984583761562,0.01020408163265306,0,0.0,0.0,0,0.0,0.0,0,0.0,0.0,48,9.86639260020555,0.2857142857142857,16,3.28879753340185,0.14285714285714285,5,1.027749229188078,0.05102040816326531,0,0.0,0.0,1,0.20554984583761562,0.01020408163265306,3,0.6166495375128469,0.030612244897959183,129,26.515930113052416,0.5408163265306123,17,3.4943473792394655,0.09183673469387756,29,5.960945529290853,0.17346938775510204,11,2.2610483042137717,0.08163265306122448,112,23.02158273381295,0.3979591836734694,24,4.933196300102775,0.12244897959183673,132,27.132579650565262,0.46938775510204084,142,29.18807810894142,0.5816326530612245
ep_250_whisperx_diarized.gender.host_guest,SPEAKER_01,HOST,male,3331,98,20,6.004202942059442,4,1.2008405884118882,2,0.6004202942059441,0.01020408163265306,0,0.0,0.0,0,0.0,0.0,0,0.0,0.0,0,0.0,0.0,0,0.0,0.0,0,0.0,0.0,59,17.712398679075353,0.2755102040816326,31,9.306514560192134,0.20408163265306123,2,0.6004202942059441,0.02040816326530612,0,0.0,0.0,4,1.2008405884118882,0.030612244897959183,16,4.803362353647553,0.16326530612244897,102,30.621435004503155,0.5204081632653061,74,22.215550885619937,0.1836734693877551,39,11.708195737015911,0.08163265306122448,26,7.805463824677274,0.15306122448979592,81,24.31702191534074,0.32653061224489793,16,4.803362353647553,0.09183673469387756,102,30.621435004503155,0.336734693877551,122,36.62563794656259,0.42857142857142855
ep_251_whisperx_diarized.gender.host_guest,SPEAKER_00,HOST,male,3548,66,15,4.227733934611048,21,5.918827508455467,2,0.5636978579481398,0.015151515151515152,0,0.0,0.0,3,0.8455467869222096,0.045454545454545456,0,0.0,0.0,0,0.0,0.0,0,0.0,0.0,0,0.0,0.0,42,11.837655016910935,0.36363636363636365,13,3.6640360766629083,0.15151515151515152,8,2.254791431792559,0.12121212121212122,0,0.0,0.0,0,0.0,0.0,11,3.100338218714769,0.16666666666666666,108,30.439684329199547,0.5909090909090909,178,50.16910935738444,0.5606060606060606,22,6.200676437429538,0.18181818181818182,67,18.883878241262682,0.42424242424242425,83,23.393461104847802,0.5,14,3.9458850056369785,0.19696969696969696,152,42.84103720405862,0.6060606060606061,71,20.011273957158963,0.48484848484848486
ep_251_whisperx_diarized.gender.host_guest,SPEAKER_01,GUEST,male,10460,66,53,5.066921606118547,52,4.97131931166348,2,0.19120458891013384,0.015151515151515152,0,0.0,0.0,1,0.09560229445506692,0.015151515151515152,2,0.19120458891013384,0.015151515151515152,0,0.0,0.0,0,0.0,0.0,0,0.0,0.0,126,12.045889101338432,0.5303030303030303,53,5.066921606118547,0.42424242424242425,26,2.48565965583174,0.2878787878787879,0,0.0,0.0,1,0.09560229445506692,0.015151515151515152,2,0.19120458891013384,0.030303030303030304,322,30.78393881453155,0.7121212121212122,191,18.260038240917783,0.5606060606060606,229,21.892925430210326,0.5909090909090909,69,6.596558317399618,0.48484848484848486,487,46.55831739961759,0.7121212121212122,90,8.604206500956023,0.5303030303030303,287,27.437858508604208,0.696969696969697,182,17.399617590822178,0.5757575757575758
ep_252_whisperx_diarized.gender.host_guest,SPEAKER_00,HOST,male,777,24,0,0.0,1,1.287001287001287,0,0.0,0.0,1,1.287001287001287,0.041666666666666664,0,0.0,0.0,0,0.0,0.0,1,1.287001287001287,0.041666666666666664,0,0.0,0.0,0,0.0,0.0,7,9.00900900900901,0.16666666666666666,5,6.435006435006435,0.125,2,2.574002574002574,0.08333333333333333,0,0.0,0.0,0,0.0,0.0,5,6.435006435006435,0.20833333333333334,17,21.879021879021877,0.375,8,10.296010296010296,0.20833333333333334,17,21.879021879021877,0.20833333333333334,3,3.8610038610038613,0.125,29,37.323037323037326,0.2916666666666667,2,2.574002574002574,0.041666666666666664,16,20.592020592020592,0.16666666666666666,9,11.583011583011583,0.2916666666666667
ep_252_whisperx_diarized.gender.host_guest,SPEAKER_01,GUEST,male,9555,24,40,4.186289900575615,15,1.5698587127158556,2,0.20931449502878074,0.08333333333333333,0,0.0,0.0,0,0.0,0.0,0,0.0,0.0,0,0.0,0.0,0,0.0,0.0,1,0.10465724751439037,0.041666666666666664,79,8.26792255363684,0.7083333333333334,49,5.128205128205129,0.5416666666666666,11,1.151229722658294,0.3333333333333333,0,0.0,0.0,0,0.0,0.0,3,0.3139717425431711,0.125,345,36.106750392464676,0.7916666666666666,283,29.618001046572477,0.8333333333333334,209,21.87336473050759,0.625,147,15.384615384615385,0.5833333333333334,157,16.431187859759287,0.7916666666666666,34,3.5583464154892726,0.5,272,28.46677132391418,0.75,97,10.151753008895867,0.6666666666666666
ep_253_whisperx_diarized.gender.host_guest,SPEAKER_00,HOST,male,3572,67,11,3.0795072788353863,16,4.479283314669653,9,2.5195968645016795,0.07462686567164178,0,0.0,0.0,13,3.639417693169093,0.1791044776119403,0,0.0,0.0,0,0.0,0.0,1,0.2799552071668533,0.014925373134328358,1,0.2799552071668533,0.014925373134328358,48,13.437849944008958,0.3880597014925373,29,8.118701007838746,0.29850746268656714,11,3.0795072788353863,0.14925373134328357,0,0.0,0.0,1,0.2799552071668533,0.014925373134328358,8,2.2396416573348263,0.11940298507462686,90,25.195968645016794,0.6417910447761194,98,27.435610302351623,0.4626865671641791,53,14.837625979843226,0.3582089552238806,49,13.717805151175812,0.3880597014925373,117,32.754759238521835,0.6865671641791045,27,7.55879059350504,0.22388059701492538,170,47.59238521836507,0.7313432835820896,45,12.597984322508397,0.40298507462686567
ep_253_whisperx_diarized.gender.host_guest,SPEAKER_01,GUEST,male,14610,66,166,11.36208076659822,70,4.7912388774811765,0,0.0,0.0,1,0.06844626967830253,0.015151515151515152,1,0.06844626967830253,0.015151515151515152,0,0.0,0.0,0,0.0,0.0,0,0.0,0.0,0,0.0,0.0,244,16.700889801505816,0.7878787878787878,134,9.17180013689254,0.6515151515151515,10,0.6844626967830253,0.15151515151515152,0,0.0,0.0,2,0.13689253935660506,0.030303030303030304,2,0.13689253935660506,0.030303030303030304,415,28.40520191649555,0.8484848484848485,289,19.78097193702943,0.7575757575757576,210,14.373716632443532,0.5,119,8.145106091718002,0.7727272727272727,657,44.969199178644764,0.8939393939393939,65,4.449007529089665,0.42424242424242425,615,42.09445585215606,0.9242424242424242,184,12.594113620807667,0.7121212121212122
ep_254_whisperx_diarized.gender.host_guest,SPEAKER_00,GUEST,male,6581,67,6,0.9117155447500379,6,0.9117155447500379,0,0.0,0.0,0,0.0,0.0,0,0.0,0.0,0,0.0,0.0,0,0.0,0.0,0,0.0,0.0,0,0.0,0.0,32,4.862482905333536,0.2835820895522388,9,1.367573317125057,0.08955223880597014,0,0.0,0.0,0,0.0,0.0,1,0.151952590791673,0.014925373134328358,3,0.45585777237501895,0.04477611940298507,154,23.400698981917643,0.6716417910447762,45,6.837866585625285,0.3582089552238806,47,7.14177176720863,0.3582089552238806,21,3.1910044066251326,0.26865671641791045,241,36.620574380793194,0.8805970149253731,34,5.166388086916882,0.3283582089552239,143,21.729220483209236,0.6417910447761194,214,32.51785442941802,0.7611940298507462
ep_254_whisperx_diarized.gender.host_guest,SPEAKER_01,HOST,male,1794,66,4,2.229654403567447,2,1.1148272017837235,0,0.0,0.0,0,0.0,0.0,1,0.5574136008918618,0.015151515151515152,1,0.5574136008918618,0.015151515151515152,0,0.0,0.0,0,0.0,0.0,1,0.5574136008918618,0.015151515151515152,17,9.47603121516165,0.19696969696969696,3,1.6722408026755853,0.045454545454545456,2,1.1148272017837235,0.030303030303030304,0,0.0,0.0,1,0.5574136008918618,0.015151515151515152,15,8.361204013377925,0.22727272727272727,49,27.313266443701227,0.5151515151515151,28,15.60758082497213,0.24242424242424243,28,15.60758082497213,0.18181818181818182,15,8.361204013377925,0.13636363636363635,39,21.73913043478261,0.30303030303030304,6,3.3444816053511706,0.09090909090909091,39,21.73913043478261,0.3333333333333333,61,34.00222965440357,0.4393939393939394
ep_255_whisperx_diarized.gender.host_guest,SPEAKER_01,GUEST,female,7064,155,81,11.466591166477917,42,5.94563986409966,1,0.14156285390713477,0.0064516129032258064,2,0.28312570781426954,0.012903225806451613,1,0.14156285390713477,0.0064516129032258064,1,0.14156285390713477,0.0064516129032258064,0,0.0,0.0,0,0.0,0.0,0,0.0,0.0,131,18.544733861834654,0.49032258064516127,62,8.776896942242356,0.2709677419354839,8,1.1325028312570782,0.03870967741935484,0,0.0,0.0,1,0.14156285390713477,0.0064516129032258064,0,0.0,0.0,251,35.53227633069082,0.632258064516129,195,27.60475651189128,0.41935483870967744,66,9.343148357870895,0.23225806451612904,57,8.069082672706681,0.24516129032258063,281,39.779161947904875,0.535483870967742,40,5.662514156285391,0.17419354838709677,263,37.23103057757644,0.5741935483870968,140,19.818799546998868,0.3870967741935484
ep_255_whisperx_diarized.gender.host_guest,SPEAKER_00,HOST,male,2755,155,22,7.985480943738656,11,3.992740471869328,1,0.36297640653357527,0.0064516129032258064,0,0.0,0.0,0,0.0,0.0,1,0.36297640653357527,0.0064516129032258064,0,0.0,0.0,0,0.0,0.0,0,0.0,0.0,45,16.33393829401089,0.1870967741935484,18,6.533575317604356,0.0967741935483871,3,1.088929219600726,0.01935483870967742,1,0.36297640653357527,0.0064516129032258064,4,1.451905626134301,0.01935483870967742,28,10.163339382940109,0.18064516129032257,82,29.764065335753173,0.38064516129032255,90,32.66787658802178,0.21935483870967742,11,3.992740471869328,0.03870967741935484,29,10.526315789473683,0.12258064516129032,74,26.860254083484573,0.23870967741935484,11,3.992740471869328,0.06451612903225806,140,50.81669691470054,0.38064516129032255,35,12.704174228675136,0.1870967741935484
ep_256_whisperx_diarized.gender.host_guest,SPEAKER_01,HOST,male,2514,103,9,3.579952267303103,15,5.966587112171838,8,3.182179793158314,0.04854368932038835,0,0.0,0.0,0,0.0,0.0,0,0.0,0.0,0,0.0,0.0,0,0.0,0.0,0,0.0,0.0,25,9.94431185361973,0.1553398058252427,7,2.7844073190135243,0.06796116504854369,3,1.1933174224343677,0.02912621359223301,0,0.0,0.0,0,0.0,0.0,18,7.159904534606206,0.17475728155339806,82,32.61734287987271,0.5145631067961165,50,19.88862370723946,0.23300970873786409,23,9.148766905330152,0.10679611650485436,21,8.353221957040573,0.11650485436893204,84,33.41288782816229,0.42718446601941745,5,1.988862370723946,0.038834951456310676,103,40.97056483691328,0.4854368932038835,65,25.855210819411298,0.33980582524271846
ep_256_whisperx_diarized.gender.host_guest,SPEAKER_00,GUEST,female,9112,103,71,7.791922739244951,66,7.243195785776997,1,0.10974539069359086,0.009708737864077669,0,0.0,0.0,0,0.0,0.0,1,0.10974539069359086,0.009708737864077669,0,0.0,0.0,0,0.0,0.0,0,0.0,0.0,102,11.194029850746269,0.42718446601941745,23,2.52414398595259,0.14563106796116504,30,3.292361720807726,0.1650485436893204,1,0.10974539069359086,0.009708737864077669,4,0.43898156277436345,0.02912621359223301,0,0.0,0.0,249,27.326602282704126,0.6990291262135923,177,19.424934152765584,0.42718446601941745,162,17.77875329236172,0.4077669902912621,52,5.706760316066725,0.2912621359223301,472,51.79982440737489,0.6601941747572816,57,6.2554872695346795,0.3106796116504854,369,40.49604916593503,0.7281553398058253,227,24.912203687445125,0.6116504854368932
ep_257_whisperx_diarized.gender.host_guest,SPEAKER_00,HOST,male,2571,68,7,2.722676001555815,2,0.7779074290159471,2,0.7779074290159471,0.029411764705882353,0,0.0,0.0,1,0.38895371450797356,0.014705882352941176,0,0.0,0.0,0,0.0,0.0,0,0.0,0.0,0,0.0,0.0,20,7.77907429015947,0.14705882352941177,8,3.1116297160637885,0.07352941176470588,1,0.38895371450797356,0.014705882352941176,0,0.0,0.0,8,3.1116297160637885,0.029411764705882353,6,2.333722287047841,0.08823529411764706,64,24.893037728510308,0.6323529411764706,13,5.056398288603656,0.14705882352941177,33,12.835472578763126,0.2647058823529412,9,3.500583430571762,0.10294117647058823,69,26.837806301050176,0.39705882352941174,9,3.500583430571762,0.08823529411764706,86,33.450019447685726,0.4852941176470588,71,27.615713730066123,0.38235294117647056
ep_257_whisperx_diarized.gender.host_guest,SPEAKER_01,GUEST,male,11516,68,29,2.5182354984369573,11,0.9551927752691907,2,0.1736714136853074,0.029411764705882353,1,0.0868357068426537,0.014705882352941176,2,0.1736714136853074,0.014705882352941176,0,0.0,0.0,1,0.0868357068426537,0.014705882352941176,0,0.0,0.0,0,0.0,0.0,79,6.860020840569642,0.45588235294117646,35,3.0392497394928797,0.25,9,0.7815213615838833,0.10294117647058823,0,0.0,0.0,2,0.1736714136853074,0.029411764705882353,2,0.1736714136853074,0.029411764705882353,279,24.22716220910038,0.8088235294117647,246,21.36158388329281,0.45588235294117646,177,15.369920111149705,0.47058823529411764,130,11.288641889544982,0.47058823529411764,164,14.241055922195207,0.6029411764705882,40,3.4734282737061477,0.29411764705882354,236,20.493226814866272,0.6470588235294118,290,25.18235498436957,0.7794117647058824
ep_258_whisperx_diarized.gender.host_guest,SPEAKER_01,HOST,male,3391,155,10,2.948982601002654,5,1.474491300501327,3,0.8846947803007962,0.012903225806451613,0,0.0,0.0,3,0.8846947803007962,0.01935483870967742,0,0.0,0.0,1,0.29489826010026543,0.0064516129032258064,0,0.0,0.0,0,0.0,0.0,35,10.32143910350929,0.2064516129032258,13,3.8336773813034504,0.08387096774193549,1,0.29489826010026543,0.0064516129032258064,1,0.29489826010026543,0.0064516129032258064,3,0.8846947803007962,0.01935483870967742,20,5.897965202005308,0.12903225806451613,108,31.849012090828666,0.4,108,31.849012090828666,0.3096774193548387,47,13.860218224712474,0.16129032258064516,47,13.860218224712474,0.24516129032258063,80,23.59186080802123,0.25161290322580643,9,2.6540843409023887,0.05806451612903226,157,46.29902683574167,0.41935483870967744,73,21.527572987319374,0.27741935483870966
ep_258_whisperx_diarized.gender.host_guest,SPEAKER_00,GUEST,female,10069,154,91,9.037640282053827,75,7.4486046280663425,1,0.0993147283742179,0.006493506493506494,0,0.0,0.0,0,0.0,0.0,5,0.49657364187108954,0.032467532467532464,0,0.0,0.0,0,0.0,0.0,0,0.0,0.0,149,14.797894527758466,0.36363636363636365,61,6.058198430827291,0.24675324675324675,14,1.3904061972390505,0.07792207792207792,0,0.0,0.0,5,0.49657364187108954,0.032467532467532464,4,0.3972589134968716,0.025974025974025976,221,21.948554970702155,0.45454545454545453,204,20.26020458834045,0.3051948051948052,193,19.167742576224054,0.3181818181818182,69,6.852716257821035,0.2727272727272727,336,33.36974873373721,0.43506493506493504,75,7.4486046280663425,0.2922077922077922,477,47.37312543450194,0.5714285714285714,232,23.041016982818554,0.36363636363636365
ep_259_whisperx_diarized.gender.host_guest,SPEAKER_00,HOST,male,3205,82,13,4.056162246489859,7,2.18408736349454,0,0.0,0.0,0,0.0,0.0,2,0.62402496099844,0.024390243902439025,0,0.0,0.0,0,0.0,0.0,0,0.0,0.0,1,0.31201248049922,0.012195121951219513,25,7.800312012480499,0.21951219512195122,7,2.18408736349454,0.08536585365853659,2,0.62402496099844,0.024390243902439025,0,0.0,0.0,4,1.24804992199688,0.04878048780487805,7,2.18408736349454,0.08536585365853659,88,27.457098283931355,0.3902439024390244,66,20.59282371294852,0.24390243902439024,25,7.800312012480499,0.12195121951219512,38,11.85647425897036,0.3048780487804878,87,27.145085803432135,0.4024390243902439,13,4.056162246489859,0.0975609756097561,118,36.817472698907956,0.45121951219512196,25,7.800312012480499,0.14634146341463414
ep_259_whisperx_diarized.gender.host_guest,SPEAKER_01,GUEST,male,6487,82,37,5.703715122552798,11,1.6956990904886697,3,0.4624633883150917,0.024390243902439025,8,1.233235702173578,0.07317073170731707,3,0.4624633883150917,0.036585365853658534,0,0.0,0.0,0,0.0,0.0,0,0.0,0.0,0,0.0,0.0,71,10.944966856790504,0.3780487804878049,43,6.628641899182981,0.3048780487804878,1,0.15415446277169725,0.012195121951219513,0,0.0,0.0,1,0.15415446277169725,0.012195121951219513,1,0.15415446277169725,0.012195121951219513,177,27.285339910590412,0.6097560975609756,201,30.985047017111143,0.5609756097560976,148,22.814860490211192,0.34146341463414637,105,16.18621859102821,0.4634146341463415,123,18.96099892091876,0.43902439024390244,31,4.778788345922615,0.2926829268292683,170,26.206258671188532,0.6341463414634146,76,11.715739170648991,0.43902439024390244
ep_260_whisperx_diarized.gender.host_guest,SPEAKER_01,HOST,male,1909,41,9,4.714510214772132,8,4.190675746464118,4,2.095337873232059,0.04878048780487805,0,0.0,0.0,0,0.0,0.0,0,0.0,0.0,1,0.5238344683080147,0.024390243902439025,0,0.0,0.0,0,0.0,0.0,28,14.667365112624411,0.3170731707317073,5,2.6191723415400734,0.0975609756097561,4,2.095337873232059,0.0975609756097561,0,0.0,0.0,0,0.0,0.0,4,2.095337873232059,0.0975609756097561,47,24.62022001047669,0.5853658536585366,18,9.429020429544265,0.24390243902439024,37,19.381875327396543,0.34146341463414637,7,3.666841278156103,0.0975609756097561,46,24.096385542168676,0.3170731707317073,1,0.5238344683080147,0.024390243902439025,55,28.81089575694081,0.5121951219512195,44,23.048716605552645,0.4634146341463415
ep_260_whisperx_diarized.gender.host_guest,SPEAKER_00,GUEST,male,6837,40,21,3.07152259763054,12,1.7551557700745941,1,0.1462629808395495,0.025,0,0.0,0.0,0,0.0,0.0,4,0.585051923358198,0.075,2,0.292525961679099,0.025,0,0.0,0.0,0,0.0,0.0,53,7.751937984496124,0.625,6,0.8775778850372971,0.15,4,0.585051923358198,0.1,0,0.0,0.0,0,0.0,0.0,1,0.1462629808395495,0.025,163,23.84086587684657,0.875,56,8.190726927014772,0.55,77,11.262249524645311,0.55,20,2.9252596167909903,0.375,188,27.49744039783531,0.75,24,3.5103115401491882,0.375,114,16.673979815708645,0.75,223,32.616644727219544,0.725
ep_261_whisperx_diarized.gender.host_guest,SPEAKER_01,HOST,male,2031,120,10,4.923682914820286,0,0.0,0,0.0,0.0,0,0.0,0.0,0,0.0,0.0,1,0.4923682914820286,0.008333333333333333,1,0.4923682914820286,0.008333333333333333,0,0.0,0.0,0,0.0,0.0,42,20.6794682422452,0.2833333333333333,14,6.893156080748399,0.10833333333333334,0,0.0,0.0,0,0.0,0.0,0,0.0,0.0,26,12.801575578532743,0.21666666666666667,74,36.43525356967011,0.5166666666666667,56,27.572624322993597,0.15,12,5.908419497784343,0.09166666666666666,17,8.370260955194485,0.09166666666666666,46,22.648941408173314,0.275,3,1.4771048744460857,0.025,64,31.51157065484983,0.3333333333333333,90,44.31314623338257,0.39166666666666666
ep_261_whisperx_diarized.gender.host_guest,SPEAKER_00,GUEST,unknown,4464,119,12,2.688172043010753,16,3.5842293906810037,0,0.0,0.0,0,0.0,0.0,0,0.0,0.0,1,0.22401433691756273,0.008403361344537815,1,0.22401433691756273,0.008403361344537815,0,0.0,0.0,0,0.0,0.0,28,6.272401433691757,0.15126050420168066,4,0.8960573476702509,0.03361344537815126,6,1.3440860215053765,0.04201680672268908,0,0.0,0.0,0,0.0,0.0,4,0.8960573476702509,0.03361344537815126,97,21.729390681003583,0.40336134453781514,53,11.872759856630823,0.2184873949579832,42,9.408602150537634,0.21008403361344538,29,6.496415770609318,0.16806722689075632,101,22.625448028673834,0.31932773109243695,11,2.46415770609319,0.058823529411764705,96,21.505376344086024,0.3865546218487395,151,33.82616487455197,0.4789915966386555
ep_262_whisperx_diarized.gender.host_guest,SPEAKER_00,HOST,male,4211,74,13,3.0871526953217763,13,3.0871526953217763,2,0.4749465685110425,0.013513513513513514,3,0.7124198527665638,0.04054054054054054,1,0.23747328425552125,0.013513513513513514,2,0.4749465685110425,0.02702702702702703,0,0.0,0.0,0,0.0,0.0,0,0.0,0.0,54,12.823557349798149,0.35135135135135137,31,7.361671811921159,0.25675675675675674,2,0.4749465685110425,0.02702702702702703,1,0.23747328425552125,0.013513513513513514,3,0.7124198527665638,0.04054054054054054,6,1.4248397055331277,0.08108108108108109,97,23.03490857278556,0.44594594594594594,159,37.75825219662788,0.4594594594594595,43,10.211351222987414,0.1891891891891892,83,19.710282593208262,0.3918918918918919,145,34.43362621705058,0.5540540540540541,52,12.348610781287105,0.21621621621621623,146,34.6710995013061,0.581081081081081,62,14.723343623842318,0.33783783783783783
ep_262_whisperx_diarized.gender.host_guest,SPEAKER_01,GUEST,male,9467,73,19,2.0069715855075523,14,1.478821168268723,2,0.21126016689553184,0.0136986301369863,2,0.21126016689553184,0.0136986301369863,0,0.0,0.0,0,0.0,0.0,0,0.0,0.0,0,0.0,0.0,0,0.0,0.0,92,9.717967677194464,0.4246575342465753,54,5.70402450617936,0.3013698630136986,2,0.21126016689553184,0.0273972602739726,0,0.0,0.0,3,0.31689025034329776,0.0273972602739726,6,0.6337805006865955,0.0821917808219178,185,19.541565437836695,0.6301369863013698,303,32.00591528467307,0.5205479452054794,192,20.280976021971057,0.4383561643835616,116,12.253089679940846,0.6027397260273972,317,33.484736452941796,0.6438356164383562,76,8.02788634203021,0.410958904109589,297,31.372134783986482,0.7123287671232876,159,16.79518326819478,0.4794520547945205
ep_263_whisperx_diarized.gender.host_guest,SPEAKER_01,HOST,male,1345,73,4,2.973977695167286,0,0.0,4,2.973977695167286,0.0410958904109589,0,0.0,0.0,1,0.7434944237918215,0.0136986301369863,0,0.0,0.0,0,0.0,0.0,0,0.0,0.0,0,0.0,0.0,17,12.639405204460967,0.1917808219178082,11,8.178438661710038,0.136986301369863,0,0.0,0.0,0,0.0,0.0,2,1.486988847583643,0.0273972602739726,10,7.434944237918216,0.136986301369863,27,20.074349442379184,0.2328767123287671,24,17.843866171003718,0.1917808219178082,10,7.434944237918216,0.0684931506849315,14,10.408921933085502,0.1506849315068493,65,48.32713754646841,0.5616438356164384,5,3.717472118959108,0.0684931506849315,57,42.37918215613383,0.4520547945205479,18,13.382899628252789,0.2054794520547945
ep_263_whisperx_diarized.gender.host_guest,SPEAKER_00,GUEST,female,13856,73,36,2.598152424942263,42,3.0311778290993074,9,0.6495381062355657,0.0821917808219178,0,0.0,0.0,1,0.07217090069284064,0.0136986301369863,3,0.21651270207852194,0.0410958904109589,1,0.07217090069284064,0.0136986301369863,2,0.14434180138568128,0.0273972602739726,0,0.0,0.0,175,12.629907621247114,0.6164383561643836,120,8.660508083140877,0.5205479452054794,3,0.21651270207852194,0.0410958904109589,0,0.0,0.0,9,0.6495381062355657,0.0958904109589041,1,0.07217090069284064,0.0136986301369863,292,21.07390300230947,0.7123287671232876,771,55.64376443418014,0.8767123287671232,140,10.103926096997691,0.410958904109589,436,31.46651270207852,0.7671232876712328,288,20.785219399538104,0.7123287671232876,39,2.8146651270207856,0.3013698630136986,439,31.683025404157046,0.7397260273972602,233,16.81581986143187,0.7397260273972602
ep_264_whisperx_diarized.gender.host_guest,SPEAKER_00,GUEST,male,13504,67,64,4.739336492890995,38,2.8139810426540284,3,0.22215639810426538,0.04477611940298507,6,0.44431279620853076,0.04477611940298507,0,0.0,0.0,0,0.0,0.0,0,0.0,0.0,0,0.0,0.0,0,0.0,0.0,136,10.071090047393366,0.5373134328358209,77,5.702014218009478,0.417910447761194,11,0.8145734597156398,0.13432835820895522,0,0.0,0.0,8,0.5924170616113744,0.1044776119402985,8,0.5924170616113744,0.11940298507462686,531,39.32168246445498,0.7313432835820896,343,25.399881516587676,0.7014925373134329,99,7.331161137440758,0.3880597014925373,144,10.66350710900474,0.5970149253731343,312,23.104265402843602,0.7313432835820896,60,4.443127962085308,0.3582089552238806,444,32.87914691943128,0.7761194029850746,193,14.292061611374407,0.6119402985074627
ep_264_whisperx_diarized.gender.host_guest,SPEAKER_01,HOST,female,1199,66,6,5.004170141784821,8,6.672226855713094,1,0.8340283569641368,0.015151515151515152,1,0.8340283569641368,0.015151515151515152,0,0.0,0.0,0,0.0,0.0,0,0.0,0.0,0,0.0,0.0,0,0.0,0.0,15,12.510425354462052,0.13636363636363635,10,8.340283569641368,0.10606060606060606,2,1.6680567139282736,0.030303030303030304,1,0.8340283569641368,0.015151515151515152,1,0.8340283569641368,0.015151515151515152,6,5.004170141784821,0.09090909090909091,22,18.34862385321101,0.2727272727272727,9,7.506255212677231,0.10606060606060606,8,6.672226855713094,0.07575757575757576,5,4.170141784820684,0.045454545454545456,57,47.539616346955796,0.3939393939393939,10,8.340283569641368,0.12121212121212122,60,50.04170141784821,0.4393939393939394,15,12.510425354462052,0.21212121212121213
ep_265_whisperx_diarized.gender.host_guest,SPEAKER_01,GUEST,male,9418,76,31,3.2915693353153532,14,1.4865151836908048,5,0.5308982798895732,0.039473684210526314,1,0.10617965597791464,0.013157894736842105,3,0.31853896793374387,0.02631578947368421,0,0.0,0.0,0,0.0,0.0,2,0.21235931195582927,0.02631578947368421,0,0.0,0.0,131,13.909534933106817,0.5657894736842105,68,7.220216606498195,0.42105263157894735,9,0.9556169038012318,0.10526315789473684,1,0.10617965597791464,0.013157894736842105,2,0.21235931195582927,0.02631578947368421,5,0.5308982798895732,0.06578947368421052,208,22.085368443406242,0.631578947368421,547,58.080271819919304,0.6447368421052632,63,6.689318326608622,0.3157894736842105,280,29.730303673816096,0.6710526315789473,168,17.83818220428966,0.6973684210526315,57,6.052240390741134,0.3815789473684211,339,35.99490337651306,0.75,121,12.84773837332767,0.5
ep_265_whisperx_diarized.gender.host_guest,SPEAKER_00,HOST,male,2206,75,7,3.173164097914778,4,1.813236627379873,6,2.7198549410698094,0.06666666666666667,0,0.0,0.0,2,0.9066183136899365,0.02666666666666667,0,0.0,0.0,0,0.0,0.0,0,0.0,0.0,0,0.0,0.0,36,16.319129646418858,0.29333333333333333,23,10.42611060743427,0.22666666666666666,2,0.9066183136899365,0.013333333333333334,2,0.9066183136899365,0.02666666666666667,1,0.45330915684496825,0.013333333333333334,10,4.533091568449683,0.13333333333333333,54,24.478694469628287,0.4266666666666667,66,29.918404351767904,0.28,8,3.626473254759746,0.05333333333333334,34,15.41251133272892,0.2,137,62.10335448776065,0.6666666666666666,23,10.42611060743427,0.18666666666666668,108,48.957388939256575,0.5333333333333333,41,18.5856754306437,0.3333333333333333
ep_266_whisperx_diarized.gender.host_guest,SPEAKER_00,HOST,male,2319,52,17,7.33074601121173,2,0.8624407072013799,0,0.0,0.0,0,0.0,0.0,2,0.8624407072013799,0.038461538461538464,0,0.0,0.0,0,0.0,0.0,0,0.0,0.0,0,0.0,0.0,54,23.28589909443726,0.40384615384615385,42,18.111254851228978,0.3076923076923077,1,0.43122035360068994,0.019230769230769232,0,0.0,0.0,0,0.0,0.0,6,2.58732212160414,0.11538461538461539,57,24.579560155239328,0.36538461538461536,61,26.304441569642087,0.36538461538461536,8,3.4497628288055195,0.1346153846153846,59,25.442000862440707,0.4423076923076923,82,35.360068995256576,0.5576923076923077,16,6.899525657611039,0.21153846153846154,73,31.479085812850368,0.40384615384615385,36,15.523932729624839,0.28846153846153844
ep_266_whisperx_diarized.gender.host_guest,SPEAKER_01,GUEST,male,4969,52,12,2.4149728315556453,8,1.6099818877037633,0,0.0,0.0,0,0.0,0.0,3,0.6037432078889113,0.057692307692307696,1,0.2012477359629704,0.019230769230769232,0,0.0,0.0,0,0.0,0.0,0,0.0,0.0,48,9.659891326222581,0.40384615384615385,17,3.421211511370497,0.23076923076923078,0,0.0,0.0,0,0.0,0.0,3,0.6037432078889113,0.057692307692307696,2,0.4024954719259408,0.038461538461538464,143,28.778426242704768,0.6538461538461539,182,36.62708794526061,0.6153846153846154,45,9.056148118333669,0.3076923076923077,140,28.174683034815857,0.75,60,12.074864157778226,0.5961538461538461,15,3.0187160394445565,0.23076923076923078,140,28.174683034815857,0.6923076923076923,80,16.09981887703763,0.5576923076923077
ep_267_whisperx_diarized.gender.host_guest,SPEAKER_01,HOST,male,5492,82,41,7.465404224326293,11,2.0029133284777862,0,0.0,0.0,0,0.0,0.0,0,0.0,0.0,3,0.5462490895848506,0.024390243902439025,0,0.0,0.0,0,0.0,0.0,0,0.0,0.0,90,16.38747268754552,0.4146341463414634,55,10.01456664238893,0.35365853658536583,5,0.9104151493080845,0.06097560975609756,1,0.1820830298616169,0.012195121951219513,0,0.0,0.0,6,1.0924981791697013,0.07317073170731707,143,26.037873270211218,0.5121951219512195,214,38.96576839038601,0.4634146341463415,60,10.924981791697014,0.25609756097560976,73,13.292061179898033,0.3170731707317073,187,34.04952658412236,0.5121951219512195,34,6.190823015294974,0.2804878048780488,276,50.254916241806264,0.6219512195121951,60,10.924981791697014,0.3170731707317073
ep_267_whisperx_diarized.gender.host_guest,SPEAKER_00,GUEST,male,9080,81,42,4.6255506607929515,34,3.7444933920704844,3,0.3303964757709251,0.012345679012345678,1,0.11013215859030838,0.012345679012345678,3,0.3303964757709251,0.037037037037037035,1,0.11013215859030838,0.012345679012345678,3,0.3303964757709251,0.037037037037037035,1,0.11013215859030838,0.012345679012345678,0,0.0,0.0,95,10.462555066079295,0.4074074074074074,35,3.854625550660793,0.25925925925925924,5,0.5506607929515419,0.04938271604938271,1,0.11013215859030838,0.012345679012345678,3,0.3303964757709251,0.037037037037037035,2,0.22026431718061676,0.024691358024691357,260,28.634361233480178,0.6049382716049383,159,17.51101321585903,0.49382716049382713,130,14.317180616740089,0.4567901234567901,63,6.938325991189427,0.37037037037037035,326,35.903083700440526,0.5308641975308642,55,6.057268722466961,0.2345679012345679,347,38.215859030837,0.6790123456790124,183,20.154185022026432,0.4691358024691358
ep_268_whisperx_diarized.gender.host_guest,SPEAKER_01,GUEST,female,4650,27,25,5.376344086021506,60,12.903225806451612,1,0.21505376344086022,0.037037037037037035,0,0.0,0.0,0,0.0,0.0,2,0.43010752688172044,0.07407407407407407,0,0.0,0.0,0,0.0,0.0,0,0.0,0.0,68,14.623655913978494,0.6296296296296297,36,7.741935483870968,0.5555555555555556,17,3.6559139784946235,0.37037037037037035,0,0.0,0.0,0,0.0,0.0,0,0.0,0.0,185,39.78494623655914,0.7037037037037037,248,53.333333333333336,0.8518518518518519,47,10.10752688172043,0.2962962962962963,68,14.623655913978494,0.7407407407407407,99,21.29032258064516,0.7037037037037037,8,1.7204301075268817,0.2962962962962963,314,67.5268817204301,0.9629629629629629,55,11.827956989247312,0.6666666666666666
ep_268_whisperx_diarized.gender.host_guest,SPEAKER_00,HOST,female,749,26,2,2.67022696929239,2,2.67022696929239,0,0.0,0.0,0,0.0,0.0,0,0.0,0.0,0,0.0,0.0,0,0.0,0.0,0,0.0,0.0,0,0.0,0.0,4,5.34045393858478,0.15384615384615385,2,2.67022696929239,0.07692307692307693,0,0.0,0.0,2,2.67022696929239,0.07692307692307693,0,0.0,0.0,8,10.68090787716956,0.3076923076923077,13,17.356475300400533,0.4230769230769231,5,6.675567423230975,0.19230769230769232,6,8.01068090787717,0.15384615384615385,1,1.335113484646195,0.038461538461538464,54,72.09612817089453,0.7692307692307693,4,5.34045393858478,0.11538461538461539,68,90.78771695594126,0.8076923076923077,0,0.0,0.0
ep_269_whisperx_diarized.gender.host_guest,SPEAKER_01,GUEST,male,11216,80,92,8.202567760342369,83,7.400142653352354,4,0.3566333808844508,0.0375,0,0.0,0.0,1,0.0891583452211127,0.0125,0,0.0,0.0,0,0.0,0.0,0,0.0,0.0,0,0.0,0.0,131,11.679743223965763,0.4875,58,5.171184022824536,0.3625,15,1.3373751783166905,0.1125,2,0.1783166904422254,0.025,0,0.0,0.0,2,0.1783166904422254,0.025,291,25.945078459343797,0.4875,415,37.00071326676177,0.6125,234,20.86305278174037,0.325,109,9.718259629101283,0.525,251,22.378744650499286,0.55,31,2.7639087018544934,0.2625,779,69.4543509272468,0.6875,158,14.087018544935807,0.45
ep_269_whisperx_diarized.gender.host_guest,SPEAKER_00,HOST,male,2613,80,12,4.5924225028702645,20,7.654037504783774,4,1.5308075009567548,0.0375,0,0.0,0.0,0,0.0,0.0,0,0.0,0.0,0,0.0,0.0,0,0.0,0.0,0,0.0,0.0,40,15.308075009567547,0.35,23,8.802143130501339,0.25,3,1.1481056257175661,0.0375,6,2.2962112514351323,0.0375,1,0.3827018752391887,0.0125,6,2.2962112514351323,0.075,47,17.986988136241866,0.375,59,22.579410639112133,0.3375,21,8.036739380022961,0.1125,27,10.332950631458095,0.25,98,37.504783773440494,0.575,9,3.4443168771526977,0.0875,163,62.38040566398775,0.625,37,14.159969383849981,0.2875
ep_270_whisperx_diarized.gender.host_guest,SPEAKER_00,GUEST,female,9256,120,20,2.16076058772688,9,0.9723422644770959,0,0.0,0.0,0,0.0,0.0,0,0.0,0.0,0,0.0,0.0,0,0.0,0.0,0,0.0,0.0,0,0.0,0.0,83,8.967156439066551,0.35,30,3.24114088159032,0.18333333333333332,3,0.324114088159032,0.025,0,0.0,0.0,3,0.324114088159032,0.025,6,0.648228176318064,0.05,327,35.328435609334484,0.6916666666666667,111,11.992221261884184,0.375,67,7.238547968885047,0.325,27,2.9170267934312877,0.16666666666666666,254,27.441659464131376,0.48333333333333334,44,4.753673292999135,0.25,236,25.49697493517718,0.5583333333333333,144,15.557476231633535,0.44166666666666665
ep_270_whisperx_diarized.gender.host_guest,SPEAKER_01,HOST,male,3301,119,14,4.241139048773099,10,3.029385034837928,1,0.3029385034837928,0.008403361344537815,0,0.0,0.0,4,1.2117540139351712,0.03361344537815126,2,0.6058770069675856,0.008403361344537815,0,0.0,0.0,0,0.0,0.0,0,0.0,0.0,26,7.876401090578613,0.15126050420168066,11,3.3323235383217207,0.06722689075630252,1,0.3029385034837928,0.008403361344537815,0,0.0,0.0,5,1.514692517418964,0.01680672268907563,8,2.4235080278703425,0.06722689075630252,96,29.08209633444411,0.4789915966386555,57,17.267494698576186,0.23529411764705882,22,6.664647076643441,0.058823529411764705,29,8.785216601029992,0.12605042016806722,84,25.446834292638595,0.3025210084033613,10,3.029385034837928,0.08403361344537816,101,30.596788851863074,0.3445378151260504,35,10.602847621932748,0.2184873949579832
ep_271_whisperx_diarized.gender.host_guest,SPEAKER_00,GUEST,male,17934,86,26,1.4497602319616372,14,0.78064012490242,2,0.11152001784320285,0.023255813953488372,1,0.05576000892160143,0.011627906976744186,0,0.0,0.0,0,0.0,0.0,0,0.0,0.0,1,0.05576000892160143,0.011627906976744186,0,0.0,0.0,179,9.981041596966657,0.5348837209302325,113,6.300881008140961,0.47674418604651164,0,0.0,0.0,2,0.11152001784320285,0.023255813953488372,12,0.6691201070592171,0.09302325581395349,4,0.2230400356864057,0.046511627906976744,416,23.196163711386195,0.7325581395348837,797,44.44072711051634,0.8023255813953488,144,8.029441284710606,0.45348837209302323,680,37.91680606668897,0.813953488372093,261,14.553362328537974,0.6627906976744186,60,3.3456005352960854,0.4069767441860465,592,33.009925281588046,0.872093023255814,314,17.508642801382848,0.6627906976744186
ep_271_whisperx_diarized.gender.host_guest,SPEAKER_01,HOST,male,2449,85,3,1.2249897917517354,2,0.8166598611678236,6,2.449979583503471,0.03529411764705882,0,0.0,0.0,0,0.0,0.0,0,0.0,0.0,0,0.0,0.0,0,0.0,0.0,0,0.0,0.0,20,8.166598611678236,0.2,17,6.941608819926501,0.16470588235294117,0,0.0,0.0,0,0.0,0.0,2,0.8166598611678236,0.023529411764705882,10,4.083299305839118,0.11764705882352941,46,18.78317680685994,0.3764705882352941,40,16.33319722335647,0.21176470588235294,8,3.2666394446712945,0.07058823529411765,33,13.474887709269089,0.24705882352941178,142,57.982850142915474,0.6941176470588235,23,9.39158840342997,0.23529411764705882,80,32.66639444671294,0.47058823529411764,52,21.233156390363416,0.32941176470588235
ep_272_whisperx_diarized.gender.host_guest,SPEAKER_00,HOST,male,2861,92,13,4.543865781195386,7,2.446696959105208,0,0.0,0.0,0,0.0,0.0,0,0.0,0.0,0,0.0,0.0,1,0.34952813701502966,0.010869565217391304,0,0.0,0.0,0,0.0,0.0,30,10.485844110450891,0.14130434782608695,12,4.194337644180357,0.10869565217391304,2,0.6990562740300593,0.021739130434782608,0,0.0,0.0,0,0.0,0.0,8,2.7962250961202373,0.08695652173913043,88,30.758476057322614,0.3695652173913043,56,19.573575672841663,0.2608695652173913,25,8.738203425375744,0.14130434782608695,45,15.728766165676335,0.2826086956521739,80,27.962250961202376,0.391304347826087,18,6.291506466270535,0.14130434782608695,59,20.62216008388675,0.2717391304347826,41,14.330653617616218,0.25
ep_272_whisperx_diarized.gender.host_guest,SPEAKER_01,GUEST,male,9558,92,38,3.9757271395689475,4,0.4184975936388366,1,0.10462439840970915,0.010869565217391304,1,0.10462439840970915,0.010869565217391304,1,0.10462439840970915,0.010869565217391304,0,0.0,0.0,0,0.0,0.0,0,0.0,0.0,0,0.0,0.0,100,10.462439840970914,0.42391304347826086,52,5.440468717304876,0.30434782608695654,0,0.0,0.0,0,0.0,0.0,1,0.10462439840970915,0.010869565217391304,5,0.5231219920485457,0.05434782608695652,307,32.11969031178071,0.6195652173913043,208,21.761874869219504,0.4782608695652174,90,9.416195856873822,0.25,120,12.554927809165097,0.44565217391304346,306,32.015065913371,0.7065217391304348,53,5.545093115714585,0.30434782608695654,199,20.82025528353212,0.5434782608695652,163,17.05377694078259,0.5108695652173914
ep_273_whisperx_diarized.gender.host_guest,SPEAKER_00,HOST,male,3814,65,10,2.6219192448872577,12,3.146303093864709,0,0.0,0.0,0,0.0,0.0,0,0.0,0.0,0,0.0,0.0,0,0.0,0.0,0,0.0,0.0,1,0.26219192448872575,0.015384615384615385,62,16.255899318300997,0.3230769230769231,34,8.914525432616674,0.2,8,2.097535395909806,0.07692307692307693,0,0.0,0.0,5,1.3109596224436288,0.046153846153846156,12,3.146303093864709,0.18461538461538463,102,26.743576297850026,0.6461538461538462,92,24.121657052962767,0.3384615384615385,17,4.457262716308337,0.12307692307692308,40,10.48767697954903,0.24615384615384617,123,32.24960671211326,0.47692307692307695,22,5.768222338751967,0.13846153846153847,153,40.11536444677504,0.5384615384615384,45,11.798636601992659,0.27692307692307694
ep_273_whisperx_diarized.gender.host_guest,SPEAKER_01,GUEST,male,6880,65,31,4.5058139534883725,16,2.3255813953488373,1,0.14534883720930233,0.015384615384615385,0,0.0,0.0,0,0.0,0.0,0,0.0,0.0,0,0.0,0.0,0,0.0,0.0,0,0.0,0.0,65,9.44767441860465,0.4307692307692308,32,4.651162790697675,0.3230769230769231,11,1.5988372093023255,0.12307692307692308,0,0.0,0.0,3,0.436046511627907,0.015384615384615385,2,0.29069767441860467,0.03076923076923077,229,33.28488372093023,0.6615384615384615,143,20.78488372093023,0.6153846153846154,70,10.174418604651164,0.3384615384615385,84,12.209302325581396,0.47692307692307695,182,26.453488372093023,0.5846153846153846,50,7.267441860465116,0.38461538461538464,228,33.13953488372093,0.7230769230769231,82,11.918604651162791,0.4
ep_274_whisperx_diarized.gender.host_guest,SPEAKER_01,HOST,male,3168,73,12,3.787878787878788,12,3.787878787878788,2,0.6313131313131314,0.0273972602739726,0,0.0,0.0,5,1.5782828282828283,0.0684931506849315,0,0.0,0.0,0,0.0,0.0,1,0.3156565656565657,0.0136986301369863,1,0.3156565656565657,0.0136986301369863,50,15.782828282828284,0.3561643835616438,31,9.785353535353536,0.2876712328767123,6,1.893939393939394,0.0821917808219178,0,0.0,0.0,0,0.0,0.0,8,2.5252525252525255,0.1095890410958904,98,30.934343434343436,0.589041095890411,66,20.833333333333332,0.2876712328767123,31,9.785353535353536,0.2602739726027397,20,6.313131313131313,0.1917808219178082,146,46.08585858585858,0.5616438356164384,12,3.787878787878788,0.1095890410958904,142,44.82323232323232,0.6027397260273972,34,10.732323232323232,0.273972602739726
ep_274_whisperx_diarized.gender.host_guest,SPEAKER_00,GUEST,female,4205,73,33,7.847800237812128,18,4.280618311533888,0,0.0,0.0,2,0.4756242568370987,0.0273972602739726,0,0.0,0.0,0,0.0,0.0,0,0.0,0.0,0,0.0,0.0,1,0.23781212841854935,0.0136986301369863,66,15.695600475624255,0.410958904109589,28,6.658739595719381,0.2328767123287671,6,1.426872770511296,0.0684931506849315,0,0.0,0.0,1,0.23781212841854935,0.0136986301369863,1,0.23781212841854935,0.0136986301369863,102,24.256837098692035,0.410958904109589,101,24.019024970273485,0.3150684931506849,88,20.927467300832344,0.410958904109589,35,8.323424494649228,0.273972602739726,47,11.17717003567182,0.3561643835616438,2,0.4756242568370987,0.0273972602739726,128,30.439952437574316,0.5205479452054794,52,12.366230677764566,0.3698630136986301
ep_275_whisperx_diarized.gender.host_guest,SPEAKER_01,GUEST,male,21582,129,112,5.18950977666574,117,5.42118432026689,0,0.0,0.0,6,0.2780094523213789,0.046511627906976744,0,0.0,0.0,2,0.09266981744045964,0.007751937984496124,0,0.0,0.0,2,0.09266981744045964,0.007751937984496124,0,0.0,0.0,209,9.683995922528032,0.5193798449612403,77,3.567787971457696,0.32558139534883723,41,1.8997312575294227,0.20155038759689922,2,0.09266981744045964,0.015503875968992248,1,0.04633490872022982,0.007751937984496124,1,0.04633490872022982,0.007751937984496124,640,29.654341580947086,0.6356589147286822,755,34.98285608377351,0.5736434108527132,114,5.2821795941062,0.27906976744186046,196,9.081642109165044,0.4728682170542636,394,18.25595403577055,0.5581395348837209,62,2.872764340654249,0.26356589147286824,717,33.22212955240479,0.689922480620155,464,21.499397646186637,0.6589147286821705
ep_275_whisperx_diarized.gender.host_guest,SPEAKER_00,HOST,male,2775,128,6,2.1621621621621623,9,3.243243243243243,3,1.0810810810810811,0.0078125,1,0.36036036036036034,0.0078125,3,1.0810810810810811,0.015625,0,0.0,0.0,0,0.0,0.0,3,1.0810810810810811,0.015625,0,0.0,0.0,47,16.936936936936938,0.265625,39,14.054054054054054,0.234375,3,1.0810810810810811,0.0234375,6,2.1621621621621623,0.03125,0,0.0,0.0,27,9.72972972972973,0.2109375,93,33.51351351351351,0.5390625,27,9.72972972972973,0.1171875,6,2.1621621621621623,0.0390625,12,4.324324324324325,0.0859375,146,52.61261261261261,0.6015625,17,6.126126126126126,0.1171875,105,37.83783783783784,0.4453125,63,22.7027027027027,0.3359375
ep_276_whisperx_diarized.gender.host_guest,SPEAKER_01,GUEST,male,15183,181,65,4.281103866166108,47,3.0955674109201077,1,0.06586313640255549,0.0055248618784530384,1,0.06586313640255549,0.0055248618784530384,2,0.13172627280511098,0.011049723756906077,4,0.26345254561022197,0.016574585635359115,1,0.06586313640255549,0.0055248618784530384,1,0.06586313640255549,0.0055248618784530384,0,0.0,0.0,177,11.657775143252321,0.4143646408839779,96,6.322861094645327,0.32044198895027626,6,0.3951788184153329,0.022099447513812154,3,0.19758940920766646,0.016574585635359115,5,0.32931568201277744,0.027624309392265192,11,0.7244945004281104,0.06077348066298342,456,30.033590199565303,0.6022099447513812,741,48.804584074293615,0.6629834254143646,107,7.047355595073437,0.24861878453038674,393,25.884212606204308,0.574585635359116,415,27.333201607060527,0.5359116022099447,73,4.808008957386551,0.2541436464088398,630,41.49377593360996,0.7292817679558011,248,16.334057827833764,0.44751381215469616
ep_276_whisperx_diarized.gender.host_guest,SPEAKER_00,HOST,male,6237,180,28,4.489337822671156,13,2.084335417668751,4,0.641333974667308,0.011111111111111112,2,0.320666987333654,0.011111111111111112,1,0.160333493666827,0.005555555555555556,0,0.0,0.0,0,0.0,0.0,0,0.0,0.0,0,0.0,0.0,87,13.949013949013949,0.2833333333333333,53,8.497675164341832,0.21666666666666667,7,1.122334455667789,0.03888888888888889,1,0.160333493666827,0.005555555555555556,3,0.48100048100048104,0.016666666666666666,20,3.2066698733365397,0.1111111111111111,190,30.463363796697127,0.4777777777777778,163,26.1343594676928,0.2611111111111111,48,7.696007696007697,0.1111111111111111,76,12.185345518678853,0.2222222222222222,275,44.091710758377424,0.5833333333333334,44,7.054673721340388,0.17222222222222222,231,37.03703703703704,0.4722222222222222,132,21.164021164021165,0.36666666666666664
ep_277_whisperx_diarized.gender.host_guest,SPEAKER_01,HOST,male,3452,99,14,4.055619930475086,7,2.027809965237543,1,0.28968713789107764,0.010101010101010102,1,0.28968713789107764,0.010101010101010102,2,0.5793742757821553,0.020202020202020204,0,0.0,0.0,0,0.0,0.0,1,0.28968713789107764,0.010101010101010102,0,0.0,0.0,52,15.063731170336037,0.3333333333333333,28,8.111239860950173,0.1919191919191919,1,0.28968713789107764,0.010101010101010102,4,1.1587485515643106,0.04040404040404041,7,2.027809965237543,0.04040404040404041,13,3.7659327925840094,0.13131313131313133,82,23.754345307068366,0.5252525252525253,85,24.6234067207416,0.3838383838383838,34,9.849362688296639,0.1414141414141414,21,6.08342989571263,0.1717171717171717,194,56.19930475086906,0.696969696969697,19,5.504055619930475,0.1717171717171717,142,41.13557358053303,0.494949494949495,62,17.960602549246815,0.26262626262626265
ep_277_whisperx_diarized.gender.host_guest,SPEAKER_00,GUEST,male,6341,98,100,15.770383220312253,49,7.727487777953004,4,0.6308153288124901,0.01020408163265306,1,0.15770383220312253,0.01020408163265306,0,0.0,0.0,0,0.0,0.0,0,0.0,0.0,0,0.0,0.0,0,0.0,0.0,164,25.863428481312095,0.5918367346938775,105,16.558902381327865,0.4897959183673469,14,2.2078536508437154,0.10204081632653061,0,0.0,0.0,0,0.0,0.0,1,0.15770383220312253,0.01020408163265306,181,28.54439362876518,0.5918367346938775,357,56.30026809651475,0.673469387755102,71,11.1969720864217,0.25510204081632654,94,14.824160227093518,0.5204081632653061,193,30.43683961520265,0.6632653061224489,19,2.9963728118593282,0.16326530612244897,270,42.58003469484308,0.7142857142857143,51,8.04289544235925,0.3163265306122449
ep_278_whisperx_diarized.gender.host_guest,SPEAKER_00,GUEST,male,17909,106,52,2.9035680384164384,20,1.1167569378524764,13,0.7258920096041096,0.07547169811320754,7,0.3908649282483667,0.04716981132075472,8,0.44670277514099055,0.05660377358490566,3,0.16751354067787147,0.018867924528301886,4,0.22335138757049527,0.02830188679245283,4,0.22335138757049527,0.03773584905660377,0,0.0,0.0,184,10.274163828242783,0.5377358490566038,110,6.1421631581886205,0.4528301886792453,8,0.44670277514099055,0.07547169811320754,1,0.05583784689262382,0.009433962264150943,6,0.33502708135574294,0.04716981132075472,5,0.2791892344631191,0.04716981132075472,665,37.13216818359484,0.7075471698113207,780,43.55352057624658,0.6698113207547169,215,12.005137081914123,0.4528301886792453,403,22.5026522977274,0.660377358490566,410,22.893517225975767,0.6886792452830188,72,4.020324976268915,0.330188679245283,577,32.21843765704394,0.6981132075471698,301,16.80719191467977,0.6415094339622641
ep_278_whisperx_diarized.gender.host_guest,SPEAKER_01,HOST,male,4176,105,24,5.747126436781609,9,2.155172413793103,8,1.9157088122605364,0.0380952380952381,0,0.0,0.0,2,0.4789272030651341,0.01904761904761905,1,0.23946360153256704,0.009523809523809525,0,0.0,0.0,1,0.23946360153256704,0.009523809523809525,0,0.0,0.0,85,20.3544061302682,0.2857142857142857,52,12.452107279693486,0.22857142857142856,4,0.9578544061302682,0.0380952380952381,0,0.0,0.0,2,0.4789272030651341,0.01904761904761905,11,2.634099616858238,0.10476190476190476,135,32.327586206896555,0.47619047619047616,121,28.975095785440615,0.3619047619047619,44,10.536398467432951,0.10476190476190476,79,18.917624521072796,0.3238095238095238,166,39.75095785440613,0.5714285714285714,23,5.507662835249042,0.1523809523809524,204,48.850574712643684,0.5428571428571428,109,26.10153256704981,0.4
ep_279_whisperx_diarized.gender.host_guest,SPEAKER_01,HOST,male,2082,15,8,3.8424591738712777,5,2.4015369836695486,1,0.4803073967339097,0.06666666666666667,0,0.0,0.0,3,1.440922190201729,0.2,0,0.0,0.0,0,0.0,0.0,0,0.0,0.0,1,0.4803073967339097,0.06666666666666667,37,17.77137367915466,0.6666666666666666,14,6.724303554274735,0.4666666666666667,1,0.4803073967339097,0.06666666666666667,0,0.0,0.0,4,1.9212295869356388,0.06666666666666667,0,0.0,0.0,55,26.416906820365032,0.9333333333333333,45,21.613832853025936,0.6,19,9.125840537944285,0.3333333333333333,8,3.8424591738712777,0.4,142,68.20365033621518,0.9333333333333333,10,4.803073967339097,0.3333333333333333,95,45.62920268972142,0.8666666666666667,6,2.881844380403458,0.26666666666666666
ep_279_whisperx_diarized.gender.host_guest,SPEAKER_00,GUEST,male,1290,14,7,5.426356589147287,4,3.10077519379845,0,0.0,0.0,0,0.0,0.0,0,0.0,0.0,0,0.0,0.0,0,0.0,0.0,0,0.0,0.0,0,0.0,0.0,25,19.37984496124031,0.5,14,10.852713178294573,0.2857142857142857,0,0.0,0.0,2,1.550387596899225,0.07142857142857142,0,0.0,0.0,0,0.0,0.0,30,23.25581395348837,0.7857142857142857,29,22.48062015503876,0.42857142857142855,8,6.2015503875969,0.21428571428571427,7,5.426356589147287,0.21428571428571427,79,61.24031007751938,0.6428571428571429,9,6.976744186046512,0.21428571428571427,44,34.10852713178294,0.7142857142857143,10,7.751937984496124,0.35714285714285715
ep_280_whisperx_diarized.gender.host_guest,SPEAKER_01,GUEST,male,7782,120,27,3.469545104086353,14,1.799023387304035,1,0.1285016705217168,0.008333333333333333,1,0.1285016705217168,0.008333333333333333,3,0.3855050115651503,0.025,3,0.3855050115651503,0.025,1,0.1285016705217168,0.008333333333333333,2,0.2570033410434336,0.016666666666666666,0,0.0,0.0,71,9.123618607041891,0.36666666666666664,31,3.9835517861732206,0.20833333333333334,7,0.8995116936520176,0.05,0,0.0,0.0,2,0.2570033410434336,0.016666666666666666,5,0.6425083526085839,0.041666666666666664,239,30.711899254690312,0.6166666666666667,286,36.751477769211,0.6,78,10.023130300693909,0.25833333333333336,199,25.57183243382164,0.49166666666666664,188,24.158314058082755,0.5583333333333333,74,9.509123618607042,0.3416666666666667,275,35.33795939347212,0.6833333333333333,168,21.588280647648418,0.49166666666666664
ep_280_whisperx_diarized.gender.host_guest,SPEAKER_00,HOST,male,2229,120,11,4.93494840735756,12,5.383580080753701,2,0.8972633467922835,0.016666666666666666,0,0.0,0.0,2,0.8972633467922835,0.016666666666666666,2,0.8972633467922835,0.008333333333333333,2,0.8972633467922835,0.016666666666666666,0,0.0,0.0,0,0.0,0.0,36,16.150740242261104,0.23333333333333334,15,6.7294751009421265,0.11666666666666667,2,0.8972633467922835,0.016666666666666666,0,0.0,0.0,1,0.44863167339614174,0.008333333333333333,18,8.075370121130552,0.15,72,32.30148048452221,0.4083333333333333,21,9.421265141318978,0.1,7,3.1404217137729926,0.041666666666666664,21,9.421265141318978,0.14166666666666666,160,71.78106774338268,0.5333333333333333,20,8.972633467922835,0.15833333333333333,106,47.55495737999102,0.425,40,17.94526693584567,0.225
ep_281_whisperx_diarized.gender.host_guest,SPEAKER_01,HOST,male,2021,98,10,4.948045522018802,6,2.9688273132112815,3,1.4844136566056407,0.01020408163265306,0,0.0,0.0,0,0.0,0.0,0,0.0,0.0,0,0.0,0.0,0,0.0,0.0,0,0.0,0.0,43,21.27659574468085,0.3163265306122449,30,14.844136566056408,0.25510204081632654,0,0.0,0.0,4,1.9792182088075212,0.030612244897959183,1,0.4948045522018803,0.01020408163265306,8,3.9584364176150424,0.08163265306122448,40,19.792182088075208,0.32653061224489793,41,20.286986640277092,0.17346938775510204,12,5.937654626422563,0.09183673469387756,35,17.318159327065807,0.24489795918367346,136,67.29341909945572,0.5306122448979592,17,8.411677387431965,0.16326530612244897,97,47.99604156358239,0.45918367346938777,21,10.390895596239485,0.1836734693877551
ep_281_whisperx_diarized.gender.host_guest,SPEAKER_00,GUEST,male,10236,98,121,11.821023837436499,54,5.275498241500586,3,0.2930832356389214,0.02040816326530612,7,0.6838608831574834,0.061224489795918366,1,0.0976944118796405,0.01020408163265306,2,0.195388823759281,0.02040816326530612,0,0.0,0.0,4,0.390777647518562,0.04081632653061224,1,0.0976944118796405,0.01020408163265306,267,26.08440797186401,0.6122448979591837,197,19.245799140289176,0.5612244897959183,7,0.6838608831574834,0.07142857142857142,1,0.0976944118796405,0.01020408163265306,0,0.0,0.0,6,0.5861664712778428,0.061224489795918366,268,26.18210238374365,0.5612244897959183,633,61.840562719812425,0.6632653061224489,97,9.476357952325126,0.2755102040816326,192,18.75732708089097,0.5918367346938775,337,32.92301680343884,0.6326530612244898,57,5.568581477139508,0.30612244897959184,576,56.27198124267292,0.6938775510204082,171,16.705744431418523,0.4897959183673469
ep_282_whisperx_diarized.gender.host_guest,SPEAKER_00,GUEST,female,7552,158,30,3.972457627118644,29,3.840042372881356,2,0.2648305084745763,0.012658227848101266,4,0.5296610169491526,0.02531645569620253,1,0.13241525423728814,0.006329113924050633,0,0.0,0.0,0,0.0,0.0,0,0.0,0.0,0,0.0,0.0,105,13.903601694915254,0.2911392405063291,41,5.429025423728814,0.13924050632911392,6,0.7944915254237289,0.0379746835443038,2,0.2648305084745763,0.012658227848101266,0,0.0,0.0,10,1.3241525423728813,0.06329113924050633,133,17.611228813559325,0.3860759493670886,336,44.49152542372881,0.5316455696202531,107,14.16843220338983,0.24050632911392406,219,28.9989406779661,0.46835443037974683,103,13.638771186440678,0.3227848101265823,30,3.972457627118644,0.11392405063291139,263,34.825211864406775,0.5759493670886076,88,11.652542372881356,0.25316455696202533
ep_282_whisperx_diarized.gender.host_guest,SPEAKER_01,HOST,male,3017,158,11,3.646005966191581,3,0.9943652635067948,4,1.325820351342393,0.0189873417721519,1,0.33145508783559824,0.006329113924050633,3,0.9943652635067948,0.0189873417721519,0,0.0,0.0,0,0.0,0.0,0,0.0,0.0,0,0.0,0.0,46,15.246934040437521,0.21518987341772153,31,10.275107722903547,0.16455696202531644,1,0.33145508783559824,0.006329113924050633,6,1.9887305270135895,0.03164556962025317,1,0.33145508783559824,0.006329113924050633,25,8.286377195889957,0.15822784810126583,69,22.87040106065628,0.3037974683544304,48,15.909844216108716,0.15822784810126583,13,4.3089161418627775,0.05063291139240506,25,8.286377195889957,0.12025316455696203,220,72.92011932383161,0.6012658227848101,20,6.629101756711965,0.10126582278481013,127,42.09479615512098,0.4240506329113924,41,13.58965860125953,0.22784810126582278
ep_283_whisperx_diarized.gender.host_guest,SPEAKER_01,HOST,male,1925,29,15,7.792207792207792,3,1.5584415584415585,2,1.0389610389610389,0.06896551724137931,0,0.0,0.0,0,0.0,0.0,1,0.5194805194805194,0.034482758620689655,1,0.5194805194805194,0.034482758620689655,0,0.0,0.0,0,0.0,0.0,44,22.857142857142858,0.5517241379310345,28,14.545454545454545,0.5172413793103449,2,1.0389610389610389,0.06896551724137931,1,0.5194805194805194,0.034482758620689655,4,2.0779220779220777,0.10344827586206896,4,2.0779220779220777,0.13793103448275862,44,22.857142857142858,0.7241379310344828,39,20.25974025974026,0.4827586206896552,21,10.90909090909091,0.3103448275862069,17,8.831168831168831,0.41379310344827586,87,45.1948051948052,0.7241379310344828,7,3.6363636363636362,0.20689655172413793,59,30.649350649350648,0.7586206896551724,14,7.2727272727272725,0.2413793103448276
ep_283_whisperx_diarized.gender.host_guest,SPEAKER_00,GUEST,male,12254,28,25,2.040150155051412,7,0.5712420434143952,0,0.0,0.0,0,0.0,0.0,0,0.0,0.0,0,0.0,0.0,0,0.0,0.0,0,0.0,0.0,0,0.0,0.0,168,13.709809041945487,0.75,96,7.8341765953974205,0.6785714285714286,5,0.4080300310102824,0.17857142857142858,0,0.0,0.0,8,0.6528480496164518,0.17857142857142858,1,0.08160600620205648,0.03571428571428571,284,23.176105761384036,0.8571428571428571,439,35.82503672270279,0.8214285714285714,257,20.972743593928513,0.75,137,11.180022849681736,0.6785714285714286,337,27.501224090093032,0.8214285714285714,42,3.4274522604863717,0.5714285714285714,385,31.41831238779174,0.8928571428571429,184,15.01550514117839,0.6785714285714286
ep_284_whisperx_diarized.gender.host_guest,SPEAKER_01,HOST,male,2222,44,8,3.6003600360036003,1,0.45004500450045004,0,0.0,0.0,1,0.45004500450045004,0.022727272727272728,1,0.45004500450045004,0.022727272727272728,0,0.0,0.0,1,0.45004500450045004,0.022727272727272728,0,0.0,0.0,1,0.45004500450045004,0.022727272727272728,30,13.501350135013501,0.45454545454545453,16,7.200720072007201,0.3409090909090909,1,0.45004500450045004,0.022727272727272728,0,0.0,0.0,2,0.9000900090009001,0.045454545454545456,5,2.25022502250225,0.11363636363636363,44,19.801980198019802,0.5227272727272727,45,20.25202520252025,0.45454545454545453,20,9.000900090009,0.1590909090909091,40,18.001800180018,0.5454545454545454,78,35.1035103510351,0.6136363636363636,7,3.1503150315031503,0.1590909090909091,57,25.652565256525655,0.45454545454545453,33,14.85148514851485,0.3181818181818182
ep_284_whisperx_diarized.gender.host_guest,SPEAKER_00,GUEST,male,9957,44,34,3.4146831374912123,13,1.3056141408054636,2,0.20086371397007133,0.045454545454545456,2,0.20086371397007133,0.045454545454545456,0,0.0,0.0,2,0.20086371397007133,0.045454545454545456,0,0.0,0.0,0,0.0,0.0,0,0.0,0.0,96,9.641458270563422,0.6136363636363636,52,5.222456563221854,0.5227272727272727,3,0.30129557095510695,0.06818181818181818,0,0.0,0.0,1,0.10043185698503566,0.022727272727272728,1,0.10043185698503566,0.022727272727272728,181,18.178166114291454,0.6818181818181818,394,39.57015165210405,0.7727272727272727,109,10.947072411368886,0.4772727272727273,265,26.614442101034445,0.7045454545454546,252,25.308827960228985,0.5454545454545454,38,3.8164105654313545,0.3181818181818182,288,28.92437481169027,0.75,127,12.754845837099527,0.5681818181818182
ep_285_whisperx_diarized.gender.host_guest,SPEAKER_00,GUEST,male,8846,40,61,6.895772100384354,29,3.2783178837892835,1,0.11304544426859597,0.025,0,0.0,0.0,1,0.11304544426859597,0.025,0,0.0,0.0,0,0.0,0.0,0,0.0,0.0,0,0.0,0.0,119,13.452407867962922,0.65,55,6.217499434772779,0.45,7,0.7913181098801718,0.125,0,0.0,0.0,0,0.0,0.0,1,0.11304544426859597,0.025,267,30.183133619715125,0.7,274,30.974451729595298,0.75,26,2.9391815509834953,0.275,77,8.70449920868189,0.625,306,34.591905946190366,0.7,34,3.843545105132263,0.25,391,44.20076870902103,0.825,128,14.469816866380285,0.6
ep_285_whisperx_diarized.gender.host_guest,SPEAKER_01,HOST,male,3294,40,13,3.946569520340012,19,5.768063145112325,2,0.6071645415907712,0.05,0,0.0,0.0,2,0.6071645415907712,0.05,0,0.0,0.0,1,0.3035822707953856,0.025,1,0.3035822707953856,0.025,2,0.6071645415907712,0.05,46,13.964784456587736,0.475,26,7.893139040680024,0.4,3,0.9107468123861566,0.075,0,0.0,0.0,0,0.0,0.0,4,1.2143290831815423,0.1,78,23.679417122040075,0.575,112,34.001214329083176,0.525,25,7.589556769884639,0.225,37,11.232544019429266,0.375,161,48.87674559805708,0.625,15,4.553734061930784,0.225,201,61.0200364298725,0.8,38,11.53612629022465,0.375
ep_286_whisperx_diarized.gender.host_guest,SPEAKER_01,HOST,male,4745,86,25,5.268703898840885,9,1.8967334035827188,7,1.4752370916754478,0.046511627906976744,0,0.0,0.0,3,0.6322444678609062,0.03488372093023256,0,0.0,0.0,1,0.2107481559536354,0.011627906976744186,0,0.0,0.0,2,0.4214963119072708,0.023255813953488372,54,11.380400421496313,0.313953488372093,20,4.214963119072708,0.1744186046511628,4,0.8429926238145417,0.046511627906976744,0,0.0,0.0,6,1.2644889357218123,0.05813953488372093,4,0.8429926238145417,0.046511627906976744,129,27.186512118018964,0.6511627906976745,104,21.91780821917808,0.38372093023255816,50,10.53740779768177,0.26744186046511625,37,7.79768177028451,0.2558139534883721,140,29.50474183350896,0.5116279069767442,18,3.7934668071654376,0.1744186046511628,141,29.715489989462593,0.5581395348837209,120,25.28977871443625,0.4883720930232558
ep_286_whisperx_diarized.gender.host_guest,SPEAKER_00,GUEST,male,7430,85,19,2.5572005383580083,25,3.3647375504710633,4,0.53835800807537,0.03529411764705882,4,0.53835800807537,0.047058823529411764,1,0.1345895020188425,0.011764705882352941,1,0.1345895020188425,0.011764705882352941,0,0.0,0.0,0,0.0,0.0,0,0.0,0.0,45,6.056527590847914,0.27058823529411763,15,2.018842530282638,0.11764705882352941,1,0.1345895020188425,0.011764705882352941,0,0.0,0.0,0,0.0,0.0,1,0.1345895020188425,0.011764705882352941,135,18.16958277254374,0.6352941176470588,79,10.632570659488561,0.43529411764705883,61,8.209959623149395,0.24705882352941178,28,3.768506056527591,0.18823529411764706,342,46.02960969044415,0.6588235294117647,54,7.267833109017497,0.3176470588235294,158,21.265141318977122,0.7529411764705882,180,24.226110363391655,0.47058823529411764
ep_287_whisperx_diarized.gender.host_guest,SPEAKER_00,HOST,male,2499,54,11,4.401760704281713,2,0.8003201280512205,2,0.8003201280512205,0.037037037037037035,0,0.0,0.0,0,0.0,0.0,2,0.8003201280512205,0.037037037037037035,1,0.4001600640256103,0.018518518518518517,0,0.0,0.0,0,0.0,0.0,32,12.805122048819529,0.2777777777777778,17,6.802721088435374,0.2037037037037037,2,0.8003201280512205,0.037037037037037035,0,0.0,0.0,1,0.4001600640256103,0.018518518518518517,2,0.8003201280512205,0.037037037037037035,46,18.407362945178072,0.4444444444444444,81,32.41296518607443,0.4074074074074074,38,15.20608243297319,0.2222222222222222,54,21.608643457382954,0.4444444444444444,84,33.61344537815126,0.5740740740740741,10,4.001600640256102,0.16666666666666666,111,44.41776710684274,0.5,27,10.804321728691477,0.2777777777777778
ep_287_whisperx_diarized.gender.host_guest,SPEAKER_01,GUEST,male,9975,54,40,4.010025062656641,20,2.0050125313283207,2,0.2005012531328321,0.037037037037037035,1,0.10025062656641605,0.018518518518518517,1,0.10025062656641605,0.018518518518518517,2,0.2005012531328321,0.037037037037037035,0,0.0,0.0,1,0.10025062656641605,0.018518518518518517,0,0.0,0.0,101,10.125313283208019,0.5,50,5.012531328320802,0.3888888888888889,5,0.5012531328320802,0.07407407407407407,0,0.0,0.0,4,0.4010025062656642,0.05555555555555555,1,0.10025062656641605,0.018518518518518517,275,27.56892230576441,0.7592592592592593,466,46.716791979949875,0.6296296296296297,126,12.631578947368421,0.48148148148148145,207,20.751879699248118,0.7592592592592593,208,20.852130325814535,0.6481481481481481,27,2.706766917293233,0.2962962962962963,402,40.30075187969925,0.7592592592592593,90,9.022556390977444,0.5555555555555556
ep_288_whisperx_diarized.gender.host_guest,SPEAKER_00,GUEST,male,3573,56,19,5.317660229499021,14,3.918275958578225,0,0.0,0.0,1,0.279876854184159,0.017857142857142856,0,0.0,0.0,0,0.0,0.0,0,0.0,0.0,0,0.0,0.0,0,0.0,0.0,64,17.912118667786174,0.5,43,12.034704729918836,0.375,2,0.559753708368318,0.03571428571428571,2,0.559753708368318,0.017857142857142856,5,1.3993842709207949,0.07142857142857142,8,2.239014833473272,0.14285714285714285,94,26.308424293310942,0.625,125,34.98460677301987,0.5535714285714286,40,11.195074167366359,0.32142857142857145,33,9.235936188077247,0.375,200,55.97537083683179,0.6785714285714286,13,3.638399104394067,0.125,239,66.890568150014,0.7142857142857143,47,13.154212146655471,0.42857142857142855
ep_288_whisperx_diarized.gender.host_guest,SPEAKER_01,HOST,male,5020,56,26,5.179282868525896,33,6.573705179282869,0,0.0,0.0,1,0.19920318725099603,0.017857142857142856,0,0.0,0.0,0,0.0,0.0,0,0.0,0.0,0,0.0,0.0,0,0.0,0.0,53,10.557768924302788,0.5178571428571429,25,4.9800796812749,0.2857142857142857,7,1.3944223107569722,0.10714285714285714,0,0.0,0.0,2,0.39840637450199207,0.03571428571428571,2,0.39840637450199207,0.03571428571428571,168,33.46613545816733,0.7857142857142857,243,48.40637450199203,0.7857142857142857,45,8.964143426294822,0.2857142857142857,33,6.573705179282869,0.4107142857142857,164,32.669322709163346,0.6785714285714286,21,4.183266932270916,0.2857142857142857,270,53.78486055776892,0.8035714285714286,60,11.952191235059761,0.44642857142857145
ep_289_whisperx_diarized.gender.host_guest,SPEAKER_01,HOST,male,4415,84,17,3.8505096262740657,19,4.3035107587768975,0,0.0,0.0,0,0.0,0.0,1,0.22650056625141562,0.011904761904761904,0,0.0,0.0,0,0.0,0.0,0,0.0,0.0,0,0.0,0.0,58,13.137032842582107,0.30952380952380953,28,6.342015855039637,0.20238095238095238,12,2.7180067950169873,0.11904761904761904,2,0.45300113250283125,0.023809523809523808,1,0.22650056625141562,0.011904761904761904,10,2.2650056625141564,0.11904761904761904,152,34.42808607021518,0.5714285714285714,116,26.274065685164214,0.40476190476190477,83,18.799546998867495,0.3333333333333333,33,7.474518686296716,0.23809523809523808,159,36.013590033975085,0.6190476190476191,12,2.7180067950169873,0.11904761904761904,169,38.27859569648924,0.6785714285714286,57,12.910532276330692,0.3333333333333333
ep_289_whisperx_diarized.gender.host_guest,SPEAKER_00,GUEST,female,6519,83,68,10.431047706703483,14,2.147568645497776,1,0.15339776039269826,0.012048192771084338,0,0.0,0.0,0,0.0,0.0,1,0.15339776039269826,0.012048192771084338,0,0.0,0.0,1,0.15339776039269826,0.012048192771084338,0,0.0,0.0,107,16.413560362018714,0.3493975903614458,36,5.522319374137138,0.26506024096385544,2,0.3067955207853965,0.024096385542168676,0,0.0,0.0,0,0.0,0.0,3,0.4601932811780948,0.03614457831325301,200,30.679552078539654,0.46987951807228917,310,47.55330572173646,0.5421686746987951,77,11.811627550237766,0.26506024096385544,69,10.584445467096181,0.39759036144578314,109,16.72035588280411,0.2891566265060241,14,2.147568645497776,0.12048192771084337,183,28.07179015186378,0.5301204819277109,66,10.124252185918085,0.3132530120481928
ep_290_whisperx_diarized.gender.host_guest,SPEAKER_01,HOST,male,4352,64,16,3.676470588235294,10,2.297794117647059,1,0.22977941176470587,0.015625,0,0.0,0.0,1,0.22977941176470587,0.015625,0,0.0,0.0,0,0.0,0.0,0,0.0,0.0,0,0.0,0.0,70,16.08455882352941,0.328125,39,8.961397058823529,0.296875,5,1.1488970588235294,0.0625,0,0.0,0.0,1,0.22977941176470587,0.015625,7,1.6084558823529411,0.109375,117,26.88419117647059,0.5,148,34.00735294117647,0.375,86,19.761029411764707,0.28125,50,11.488970588235295,0.3125,116,26.65441176470588,0.609375,16,3.676470588235294,0.15625,176,40.44117647058824,0.53125,47,10.799632352941176,0.28125
ep_290_whisperx_diarized.gender.host_guest,SPEAKER_00,GUEST,male,5752,64,20,3.4770514603616136,16,2.7816411682892905,1,0.17385257301808066,0.015625,0,0.0,0.0,0,0.0,0.0,0,0.0,0.0,0,0.0,0.0,0,0.0,0.0,0,0.0,0.0,79,13.734353268428373,0.5625,25,4.346314325452017,0.265625,1,0.17385257301808066,0.015625,0,0.0,0.0,5,0.8692628650904034,0.046875,1,0.17385257301808066,0.015625,129,22.42698191933241,0.703125,157,27.294853963838666,0.515625,72,12.517385257301807,0.484375,72,12.517385257301807,0.453125,301,52.329624478442284,0.703125,32,5.563282336578581,0.34375,159,27.642559109874824,0.6875,144,25.034770514603615,0.546875
ep_291_whisperx_diarized.gender.host_guest,SPEAKER_01,GUEST,male,5350,77,20,3.7383177570093458,5,0.9345794392523364,0,0.0,0.0,2,0.37383177570093457,0.025974025974025976,1,0.18691588785046728,0.012987012987012988,2,0.37383177570093457,0.012987012987012988,1,0.18691588785046728,0.012987012987012988,0,0.0,0.0,0,0.0,0.0,51,9.532710280373832,0.3246753246753247,14,2.6168224299065423,0.16883116883116883,4,0.7476635514018691,0.05194805194805195,0,0.0,0.0,8,1.4953271028037383,0.09090909090909091,4,0.7476635514018691,0.05194805194805195,166,31.028037383177573,0.6883116883116883,114,21.30841121495327,0.33766233766233766,85,15.88785046728972,0.4025974025974026,90,16.822429906542055,0.3246753246753247,181,33.831775700934585,0.5714285714285714,36,6.728971962616822,0.24675324675324675,237,44.299065420560744,0.6493506493506493,127,23.738317757009344,0.5844155844155844
ep_291_whisperx_diarized.gender.host_guest,SPEAKER_00,HOST,male,1613,77,7,4.3397396156230625,7,4.3397396156230625,0,0.0,0.0,0,0.0,0.0,1,0.6199628022318661,0.012987012987012988,0,0.0,0.0,0,0.0,0.0,0,0.0,0.0,0,0.0,0.0,34,21.078735275883446,0.16883116883116883,12,7.439553626782393,0.1038961038961039,5,3.0998140111593306,0.06493506493506493,0,0.0,0.0,1,0.6199628022318661,0.012987012987012988,6,3.7197768133911966,0.07792207792207792,36,22.318660880347178,0.23376623376623376,28,17.35895846249225,0.12987012987012986,48,29.758214507129573,0.14285714285714285,21,13.019218846869189,0.18181818181818182,38,23.558586484810913,0.22077922077922077,4,2.4798512089274642,0.03896103896103896,80,49.59702417854929,0.2727272727272727,15,9.299442033477991,0.11688311688311688
ep_292_whisperx_diarized.gender.host_guest,SPEAKER_00,HOST,male,4103,32,19,4.6307579819644165,6,1.4623446258835,1,0.24372410431391664,0.03125,0,0.0,0.0,1,0.24372410431391664,0.03125,0,0.0,0.0,0,0.0,0.0,0,0.0,0.0,0,0.0,0.0,58,14.135998050207165,0.65625,19,4.6307579819644165,0.5,1,0.24372410431391664,0.03125,1,0.24372410431391664,0.03125,2,0.4874482086278333,0.0625,1,0.24372410431391664,0.03125,110,26.80965147453083,0.75,128,31.19668535218133,0.59375,46,11.211308798440166,0.375,44,10.723860589812332,0.5625,178,43.38289056787716,0.75,15,3.65586156470875,0.1875,179,43.62661467219108,0.84375,59,14.379722154521083,0.5625
ep_292_whisperx_diarized.gender.host_guest,SPEAKER_01,GUEST,female,3954,31,17,4.299443601416288,9,2.276176024279211,0,0.0,0.0,1,0.25290844714213456,0.03225806451612903,0,0.0,0.0,0,0.0,0.0,0,0.0,0.0,0,0.0,0.0,0,0.0,0.0,38,9.610520991401113,0.4838709677419355,11,2.78199291856348,0.1935483870967742,10,2.5290844714213456,0.25806451612903225,0,0.0,0.0,1,0.25290844714213456,0.03225806451612903,1,0.25290844714213456,0.03225806451612903,38,9.610520991401113,0.5483870967741935,70,17.703591299949416,0.45161290322580644,63,15.933232169954476,0.3870967741935484,17,4.299443601416288,0.3225806451612903,159,40.21244309559939,0.5806451612903226,17,4.299443601416288,0.2903225806451613,146,36.92463328275165,0.7419354838709677,81,20.4855842185129,0.6129032258064516
ep_293_whisperx_diarized.gender.host_guest,SPEAKER_01,GUEST,male,7782,56,48,6.168080185042405,38,4.883063479825237,0,0.0,0.0,0,0.0,0.0,0,0.0,0.0,0,0.0,0.0,0,0.0,0.0,0,0.0,0.0,0,0.0,0.0,80,10.280133641737342,0.4642857142857143,14,1.799023387304035,0.19642857142857142,20,2.5700334104343354,0.2857142857142857,2,0.2570033410434336,0.03571428571428571,3,0.3855050115651503,0.05357142857142857,0,0.0,0.0,271,34.823952711385246,0.8214285714285714,111,14.263685427910563,0.5892857142857143,60,7.710100231303008,0.42857142857142855,4,0.5140066820868672,0.07142857142857142,296,38.03649447442817,0.7678571428571429,28,3.59804677460807,0.2857142857142857,274,35.209457722950404,0.8035714285714286,59,7.58159856078129,0.39285714285714285
ep_293_whisperx_diarized.gender.host_guest,SPEAKER_00,HOST,male,2354,55,8,3.3984706881903146,13,5.52251486830926,0,0.0,0.0,0,0.0,0.0,0,0.0,0.0,0,0.0,0.0,0,0.0,0.0,0,0.0,0.0,0,0.0,0.0,24,10.195412064570943,0.2545454545454545,16,6.796941376380629,0.16363636363636364,5,2.1240441801189465,0.07272727272727272,1,0.4248088360237893,0.01818181818181818,4,1.6992353440951573,0.07272727272727272,5,2.1240441801189465,0.09090909090909091,57,24.214103653355988,0.4909090909090909,73,31.011045029736618,0.3090909090909091,14,5.9473237043330505,0.16363636363636364,12,5.097706032285472,0.14545454545454545,66,28.037383177570092,0.41818181818181815,3,1.274426508071368,0.05454545454545454,101,42.90569243840272,0.4727272727272727,16,6.796941376380629,0.12727272727272726
ep_294_whisperx_diarized.gender.host_guest,SPEAKER_01,GUEST,male,11112,72,91,8.189344852411807,42,3.779697624190065,0,0.0,0.0,0,0.0,0.0,0,0.0,0.0,0,0.0,0.0,0,0.0,0.0,0,0.0,0.0,0,0.0,0.0,167,15.028797696184304,0.6805555555555556,80,7.199424046076314,0.4305555555555556,4,0.3599712023038157,0.05555555555555555,3,0.2699784017278618,0.041666666666666664,3,0.2699784017278618,0.027777777777777776,2,0.17998560115190784,0.027777777777777776,251,22.588192944564433,0.7638888888888888,335,30.147588192944568,0.7638888888888888,61,5.489560835133189,0.2916666666666667,139,12.508999280057594,0.6111111111111112,390,35.09719222462203,0.7916666666666666,49,4.409647228221742,0.4027777777777778,460,41.39668826493881,0.8888888888888888,206,18.538516918646508,0.6666666666666666
ep_294_whisperx_diarized.gender.host_guest,SPEAKER_00,HOST,male,5529,71,36,6.511123168746608,32,5.787665038885875,0,0.0,0.0,0,0.0,0.0,7,1.266051727256285,0.07042253521126761,3,0.5425935973955507,0.028169014084507043,0,0.0,0.0,0,0.0,0.0,0,0.0,0.0,124,22.427202025682764,0.5211267605633803,77,13.926568999819136,0.4647887323943662,9,1.627780792186652,0.08450704225352113,0,0.0,0.0,1,0.18086453246518358,0.014084507042253521,6,1.0851871947911014,0.08450704225352113,125,22.608066558147947,0.49295774647887325,201,36.3537710255019,0.4647887323943662,22,3.9790197142340387,0.15492957746478872,59,10.67100741544583,0.4647887323943662,249,45.03526858383071,0.6619718309859155,31,5.606800506420691,0.2535211267605634,335,60.5896183758365,0.7605633802816901,94,17.001266051727256,0.39436619718309857
ep_295_whisperx_diarized.gender.host_guest,SPEAKER_01,HOST,male,1493,18,8,5.358338914936369,4,2.6791694574681846,1,0.6697923643670461,0.05555555555555555,0,0.0,0.0,0,0.0,0.0,0,0.0,0.0,0,0.0,0.0,0,0.0,0.0,0,0.0,0.0,16,10.716677829872738,0.5555555555555556,10,6.697923643670462,0.3888888888888889,2,1.3395847287340923,0.1111111111111111,0,0.0,0.0,0,0.0,0.0,1,0.6697923643670461,0.05555555555555555,42,28.13127930341594,0.7222222222222222,50,33.48961821835231,0.6111111111111112,4,2.6791694574681846,0.1111111111111111,22,14.735432016075016,0.5555555555555556,75,50.234427327528465,0.5555555555555556,5,3.348961821835231,0.16666666666666666,57,38.17816476892163,0.7777777777777778,20,13.395847287340924,0.3888888888888889
ep_295_whisperx_diarized.gender.host_guest,SPEAKER_00,GUEST,male,4514,17,8,1.7722640673460346,5,1.1076650420912715,2,0.44306601683650865,0.058823529411764705,0,0.0,0.0,0,0.0,0.0,0,0.0,0.0,0,0.0,0.0,0,0.0,0.0,0,0.0,0.0,43,9.525919361984936,0.5882352941176471,23,5.0952591936198495,0.4117647058823529,1,0.22153300841825432,0.058823529411764705,0,0.0,0.0,5,1.1076650420912715,0.11764705882352941,1,0.22153300841825432,0.058823529411764705,125,27.69162605228179,0.7647058823529411,165,36.552946389011964,0.7058823529411765,89,19.716437749224635,0.47058823529411764,76,16.836508639787326,0.5294117647058824,85,18.830305715551617,0.8823529411764706,25,5.5383252104563585,0.47058823529411764,111,24.59016393442623,0.7058823529411765,39,8.639787328311918,0.5882352941176471
ep_296_whisperx_diarized.gender.host_guest,SPEAKER_00,HOST,male,4742,78,24,5.061155630535639,19,4.006748207507381,1,0.21088148460565162,0.01282051282051282,2,0.42176296921130324,0.02564102564102564,0,0.0,0.0,0,0.0,0.0,0,0.0,0.0,0,0.0,0.0,1,0.21088148460565162,0.01282051282051282,54,11.387600168705188,0.3717948717948718,32,6.748207507380852,0.2692307692307692,7,1.4761703922395613,0.08974358974358974,0,0.0,0.0,0,0.0,0.0,1,0.21088148460565162,0.01282051282051282,134,28.25811893715732,0.6153846153846154,236,49.76803036693378,0.6025641025641025,26,5.482918599746942,0.20512820512820512,64,13.496415014761704,0.46153846153846156,122,25.727541121889498,0.5769230769230769,21,4.428511176718684,0.20512820512820512,240,50.61155630535639,0.782051282051282,65,13.707296499367356,0.44871794871794873
ep_296_whisperx_diarized.gender.host_guest,SPEAKER_01,GUEST,male,3104,77,18,5.798969072164948,14,4.510309278350515,0,0.0,0.0,0,0.0,0.0,1,0.32216494845360827,0.012987012987012988,0,0.0,0.0,0,0.0,0.0,0,0.0,0.0,0,0.0,0.0,38,12.242268041237113,0.3246753246753247,25,8.054123711340205,0.2727272727272727,1,0.32216494845360827,0.012987012987012988,0,0.0,0.0,1,0.32216494845360827,0.012987012987012988,5,1.610824742268041,0.06493506493506493,92,29.639175257731956,0.5974025974025974,112,36.08247422680412,0.4935064935064935,40,12.886597938144329,0.2727272727272727,36,11.597938144329897,0.3246753246753247,131,42.203608247422686,0.5974025974025974,14,4.510309278350515,0.16883116883116883,207,66.6881443298969,0.7532467532467533,40,12.886597938144329,0.35064935064935066
ep_297_whisperx_diarized.gender.host_guest,SPEAKER_01,HOST,male,2336,50,13,5.565068493150685,8,3.4246575342465753,0,0.0,0.0,0,0.0,0.0,0,0.0,0.0,0,0.0,0.0,0,0.0,0.0,0,0.0,0.0,1,0.4280821917808219,0.02,24,10.273972602739725,0.26,12,5.136986301369863,0.16,1,0.4280821917808219,0.02,1,0.4280821917808219,0.02,4,1.7123287671232876,0.06,7,2.996575342465753,0.14,53,22.688356164383563,0.5,67,28.681506849315067,0.34,11,4.7089041095890405,0.14,15,6.421232876712328,0.22,153,65.49657534246575,0.66,10,4.280821917808219,0.16,88,37.671232876712324,0.6,27,11.558219178082192,0.28
ep_297_whisperx_diarized.gender.host_guest,SPEAKER_00,GUEST,male,6706,50,14,2.08768267223382,41,6.113927825827617,0,0.0,0.0,0,0.0,0.0,0,0.0,0.0,0,0.0,0.0,0,0.0,0.0,0,0.0,0.0,0,0.0,0.0,55,8.201610498061438,0.38,21,3.131524008350731,0.3,7,1.04384133611691,0.12,0,0.0,0.0,1,0.14912019087384432,0.02,1,0.14912019087384432,0.02,213,31.76260065612884,0.68,379,56.516552341187,0.78,49,7.306889352818371,0.28,110,16.403220996122876,0.74,174,25.946913212048912,0.64,15,2.236802863107665,0.18,243,36.23620638234417,0.72,60,8.94721145243066,0.4
ep_298_whisperx_diarized.gender.host_guest,SPEAKER_00,HOST,male,1522,35,13,8.541392904073588,10,6.570302233902759,0,0.0,0.0,0,0.0,0.0,0,0.0,0.0,0,0.0,0.0,1,0.657030223390276,0.02857142857142857,0,0.0,0.0,0,0.0,0.0,27,17.73981603153745,0.37142857142857144,11,7.227332457293035,0.2,0,0.0,0.0,0,0.0,0.0,0,0.0,0.0,5,3.2851511169513796,0.14285714285714285,41,26.938239159001316,0.5142857142857142,42,27.59526938239159,0.5142857142857142,24,15.768725361366622,0.3142857142857143,21,13.797634691195794,0.34285714285714286,59,38.764783180026285,0.6,6,3.9421813403416555,0.08571428571428572,77,50.59132720105125,0.6857142857142857,20,13.140604467805518,0.4
ep_298_whisperx_diarized.gender.host_guest,SPEAKER_01,GUEST,male,8272,35,91,11.000967117988393,63,7.6160541586073505,0,0.0,0.0,0,0.0,0.0,0,0.0,0.0,0,0.0,0.0,0,0.0,0.0,0,0.0,0.0,0,0.0,0.0,140,16.924564796905223,0.8285714285714286,70,8.462282398452611,0.6,33,3.9893617021276593,0.5428571428571428,0,0.0,0.0,6,0.7253384912959381,0.14285714285714285,2,0.24177949709864605,0.05714285714285714,271,32.76112185686654,0.8285714285714286,366,44.24564796905223,0.8285714285714286,85,10.275628626692457,0.4,87,10.517408123791103,0.8,282,34.090909090909086,0.7714285714285715,21,2.5386847195357833,0.34285714285714286,365,44.1247582205029,0.7714285714285715,84,10.154738878143133,0.5714285714285714
ep_299_whisperx_diarized.gender.host_guest,SPEAKER_01,GUEST,male,14317,163,101,7.054550534329818,100,6.984703499336454,3,0.2095411049800936,0.018404907975460124,6,0.4190822099601872,0.018404907975460124,0,0.0,0.0,1,0.06984703499336453,0.006134969325153374,0,0.0,0.0,1,0.06984703499336453,0.006134969325153374,0,0.0,0.0,189,13.201089613745896,0.4662576687116564,90,6.2862331494028085,0.2822085889570552,15,1.047705524900468,0.07975460122699386,1,0.06984703499336453,0.006134969325153374,1,0.06984703499336453,0.006134969325153374,3,0.2095411049800936,0.018404907975460124,362,25.284626667597962,0.6012269938650306,580,40.511280296151426,0.5705521472392638,120,8.381644199203745,0.25153374233128833,166,11.594607808898513,0.39263803680981596,515,35.97122302158273,0.5460122699386503,136,9.499196759097575,0.39263803680981596,586,40.930362506111614,0.6932515337423313,267,18.64915834322833,0.50920245398773
ep_299_whisperx_diarized.gender.host_guest,SPEAKER_00,HOST,female,2973,162,23,7.736293306424487,20,6.7272115708039015,0,0.0,0.0,0,0.0,0.0,0,0.0,0.0,0,0.0,0.0,0,0.0,0.0,1,0.3363605785401951,0.006172839506172839,0,0.0,0.0,39,13.118062563067609,0.15432098765432098,20,6.7272115708039015,0.09259259259259259,2,0.6727211570803902,0.012345679012345678,2,0.6727211570803902,0.006172839506172839,1,0.3363605785401951,0.006172839506172839,14,4.709048099562731,0.08641975308641975,74,24.890682811974436,0.25308641975308643,81,27.245206861755804,0.13580246913580246,13,4.372687521022536,0.06172839506172839,8,2.6908846283215606,0.037037037037037035,150,50.45408678102926,0.3333333333333333,19,6.390850992263707,0.1111111111111111,185,62.226707029936094,0.37037037037037035,34,11.436259670366633,0.13580246913580246
ep_300_whisperx_diarized.gender.host_guest,SPEAKER_01,GUEST,female,5331,67,13,2.4385668730069407,23,4.3143875445507405,1,0.18758206715438003,0.014925373134328358,1,0.18758206715438003,0.014925373134328358,0,0.0,0.0,3,0.5627462014631401,0.04477611940298507,0,0.0,0.0,1,0.18758206715438003,0.014925373134328358,0,0.0,0.0,40,7.5032826861752016,0.31343283582089554,22,4.126805477396361,0.22388059701492538,9,1.6882386043894204,0.1044776119402985,0,0.0,0.0,0,0.0,0.0,0,0.0,0.0,170,31.888951416244605,0.6567164179104478,245,45.95760645282311,0.582089552238806,30,5.6274620146314005,0.23880597014925373,79,14.818983305196024,0.417910447761194,126,23.635340461451886,0.4925373134328358,23,4.3143875445507405,0.22388059701492538,192,36.01575689364097,0.6567164179104478,94,17.632714312511727,0.417910447761194
ep_300_whisperx_diarized.gender.host_guest,SPEAKER_00,HOST,female,1259,66,5,3.9714058776806986,12,9.531374106433677,4,3.177124702144559,0.045454545454545456,0,0.0,0.0,0,0.0,0.0,0,0.0,0.0,0,0.0,0.0,0,0.0,0.0,0,0.0,0.0,11,8.737092930897537,0.12121212121212122,6,4.765687053216839,0.06060606060606061,1,0.7942811755361397,0.015151515151515152,2,1.5885623510722795,0.030303030303030304,1,0.7942811755361397,0.015151515151515152,4,3.177124702144559,0.06060606060606061,36,28.594122319301032,0.3787878787878788,20,15.885623510722795,0.19696969696969696,17,13.502779984114376,0.13636363636363635,10,7.942811755361397,0.12121212121212122,92,73.07386814932485,0.4696969696969697,12,9.531374106433677,0.15151515151515152,60,47.65687053216839,0.4696969696969697,8,6.354249404289118,0.07575757575757576
ep_301_whisperx_diarized.gender.host_guest,SPEAKER_01,GUEST,male,9754,45,21,2.1529628870207094,18,1.8453967603034651,10,1.0252204223908141,0.2222222222222222,0,0.0,0.0,0,0.0,0.0,1,0.1025220422390814,0.022222222222222223,0,0.0,0.0,0,0.0,0.0,0,0.0,0.0,51,5.2286241541931515,0.4,12,1.2302645068689768,0.15555555555555556,0,0.0,0.0,0,0.0,0.0,2,0.2050440844781628,0.044444444444444446,1,0.1025220422390814,0.022222222222222223,426,43.67438999384868,0.8888888888888888,314,32.19192126307156,0.7333333333333333,153,15.685872462579454,0.4444444444444444,105,10.764814435103547,0.4666666666666667,289,29.628870207094522,0.7555555555555555,36,3.6907935206069302,0.35555555555555557,312,31.9868771785934,0.8222222222222222,121,12.405167110928849,0.5777777777777777
ep_301_whisperx_diarized.gender.host_guest,SPEAKER_00,HOST,female,534,44,1,1.8726591760299625,1,1.8726591760299625,4,7.49063670411985,0.09090909090909091,1,1.8726591760299625,0.022727272727272728,0,0.0,0.0,0,0.0,0.0,0,0.0,0.0,0,0.0,0.0,0,0.0,0.0,3,5.617977528089887,0.06818181818181818,3,5.617977528089887,0.06818181818181818,0,0.0,0.0,0,0.0,0.0,0,0.0,0.0,4,7.49063670411985,0.09090909090909091,23,43.07116104868914,0.29545454545454547,4,7.49063670411985,0.09090909090909091,5,9.363295880149813,0.09090909090909091,3,5.617977528089887,0.06818181818181818,37,69.28838951310861,0.36363636363636365,0,0.0,0.0,31,58.05243445692884,0.4772727272727273,6,11.235955056179774,0.11363636363636363
ep_302_whisperx_diarized.gender.host_guest,SPEAKER_01,HOST,female,1379,60,6,4.350978970268311,8,5.8013052936910805,0,0.0,0.0,0,0.0,0.0,1,0.7251631617113851,0.016666666666666666,0,0.0,0.0,0,0.0,0.0,0,0.0,0.0,0,0.0,0.0,13,9.427121102248005,0.16666666666666666,9,6.5264684554024655,0.11666666666666667,1,0.7251631617113851,0.016666666666666666,1,0.7251631617113851,0.016666666666666666,0,0.0,0.0,7,5.076142131979695,0.11666666666666667,35,25.380710659898476,0.4166666666666667,21,15.228426395939087,0.23333333333333334,24,17.403915881073242,0.23333333333333334,10,7.251631617113851,0.13333333333333333,42,30.456852791878173,0.4,5,3.6258158085569256,0.08333333333333333,94,68.1653372008702,0.5666666666666667,24,17.403915881073242,0.2833333333333333
ep_302_whisperx_diarized.gender.host_guest,SPEAKER_00,GUEST,female,7916,60,96,12.12733703890854,52,6.568974229408792,5,0.6316321374431532,0.08333333333333333,1,0.12632642748863063,0.016666666666666666,0,0.0,0.0,4,0.5053057099545225,0.05,0,0.0,0.0,0,0.0,0.0,0,0.0,0.0,148,18.69631126831733,0.6833333333333333,82,10.358767054067712,0.55,12,1.5159171298635674,0.18333333333333332,0,0.0,0.0,1,0.12632642748863063,0.016666666666666666,0,0.0,0.0,183,23.117736230419403,0.7666666666666667,169,21.349166245578573,0.6833333333333333,39,4.926730672056594,0.31666666666666665,41,5.179383527033856,0.43333333333333335,521,65.81606872157656,0.6833333333333333,31,3.916119252147549,0.25,329,41.56139464375948,0.7833333333333333,140,17.685699848408287,0.5333333333333333
ep_303_whisperx_diarized.gender.host_guest,SPEAKER_01,GUEST,female,4132,28,103,24.927395934172313,71,17.18296224588577,2,0.484027105517909,0.03571428571428571,0,0.0,0.0,1,0.2420135527589545,0.03571428571428571,0,0.0,0.0,0,0.0,0.0,0,0.0,0.0,0,0.0,0.0,153,37.02807357212004,0.8928571428571429,130,31.461761858664083,0.8928571428571429,5,1.2100677637947725,0.10714285714285714,0,0.0,0.0,0,0.0,0.0,0,0.0,0.0,109,26.37947725072604,0.8928571428571429,314,75.99225556631171,0.8928571428571429,15,3.6302032913843174,0.25,51,12.34269119070668,0.8571428571428571,72,17.424975798644727,0.7142857142857143,2,0.484027105517909,0.07142857142857142,313,75.75024201355276,0.9642857142857143,44,10.648596321393997,0.6785714285714286
ep_303_whisperx_diarized.gender.host_guest,SPEAKER_00,HOST,female,1366,27,4,2.9282576866764276,9,6.588579795021962,0,0.0,0.0,0,0.0,0.0,0,0.0,0.0,0,0.0,0.0,1,0.7320644216691069,0.037037037037037035,0,0.0,0.0,1,0.7320644216691069,0.037037037037037035,22,16.105417276720353,0.3333333333333333,14,10.248901903367496,0.3333333333333333,1,0.7320644216691069,0.037037037037037035,1,0.7320644216691069,0.037037037037037035,0,0.0,0.0,6,4.392386530014641,0.2222222222222222,37,27.086383601756957,0.5925925925925926,20,14.641288433382138,0.3333333333333333,7,5.124450951683748,0.18518518518518517,5,3.6603221083455346,0.14814814814814814,91,66.61786237188873,0.7777777777777778,4,2.9282576866764276,0.1111111111111111,108,79.06295754026354,0.8888888888888888,11,8.052708638360176,0.25925925925925924
ep_304_whisperx_diarized.gender.host_guest,SPEAKER_00,HOST,female,988,26,10,10.121457489878543,10,10.121457489878543,4,4.048582995951417,0.11538461538461539,0,0.0,0.0,0,0.0,0.0,0,0.0,0.0,0,0.0,0.0,0,0.0,0.0,0,0.0,0.0,17,17.206477732793523,0.38461538461538464,10,10.121457489878543,0.3076923076923077,2,2.0242914979757085,0.07692307692307693,1,1.0121457489878543,0.038461538461538464,0,0.0,0.0,5,5.060728744939271,0.19230769230769232,23,23.27935222672065,0.5384615384615384,31,31.37651821862348,0.5384615384615384,5,5.060728744939271,0.15384615384615385,10,10.121457489878543,0.38461538461538464,67,67.81376518218623,0.6923076923076923,9,9.109311740890687,0.2692307692307692,60,60.72874493927125,0.6538461538461539,9,9.109311740890687,0.23076923076923078
ep_304_whisperx_diarized.gender.host_guest,SPEAKER_01,GUEST,male,3463,26,41,11.839445567427086,29,8.37424198671672,4,1.155067860236789,0.15384615384615385,2,0.5775339301183945,0.07692307692307693,0,0.0,0.0,0,0.0,0.0,0,0.0,0.0,0,0.0,0.0,0,0.0,0.0,58,16.74848397343344,0.7307692307692307,33,9.52930984695351,0.6153846153846154,2,0.5775339301183945,0.07692307692307693,0,0.0,0.0,0,0.0,0.0,0,0.0,0.0,116,33.49696794686688,0.7307692307692307,178,51.4005197805371,0.7692307692307693,26,7.507941091539127,0.2692307692307692,43,12.41697949754548,0.6923076923076923,90,25.98902685532775,0.7307692307692307,3,0.8663008951775917,0.11538461538461539,167,48.22408316488594,0.8846153846153846,51,14.727115218019058,0.5
ep_305_whisperx_diarized.gender.host_guest,SPEAKER_01,HOST,female,1167,68,0,0.0,11,9.425878320479864,0,0.0,0.0,0,0.0,0.0,0,0.0,0.0,1,0.8568980291345331,0.014705882352941176,0,0.0,0.0,1,0.8568980291345331,0.014705882352941176,0,0.0,0.0,3,2.5706940874035986,0.04411764705882353,3,2.5706940874035986,0.04411764705882353,0,0.0,0.0,1,0.8568980291345331,0.014705882352941176,1,0.8568980291345331,0.014705882352941176,9,7.712082262210797,0.1323529411764706,33,28.27763496143959,0.3088235294117647,17,14.56726649528706,0.14705882352941177,13,11.139674378748929,0.08823529411764706,18,15.424164524421593,0.16176470588235295,55,47.129391602399316,0.27941176470588236,11,9.425878320479864,0.14705882352941177,58,49.70008568980291,0.4264705882352941,38,32.56212510711225,0.27941176470588236
ep_305_whisperx_diarized.gender.host_guest,SPEAKER_00,GUEST,male,7796,67,28,3.591585428424833,27,3.4633145202668034,0,0.0,0.0,0,0.0,0.0,0,0.0,0.0,2,0.2565418163160595,0.029850746268656716,1,0.12827090815802974,0.014925373134328358,0,0.0,0.0,0,0.0,0.0,103,13.211903540277065,0.5074626865671642,72,9.235505387378144,0.4626865671641791,6,0.7696254489481785,0.08955223880597014,1,0.12827090815802974,0.014925373134328358,5,0.6413545407901488,0.05970149253731343,2,0.2565418163160595,0.029850746268656716,234,30.015392508978966,0.6865671641791045,452,57.97845048742945,0.746268656716418,28,3.591585428424833,0.208955223880597,208,26.68034889687019,0.7910447761194029,150,19.240636223704463,0.5373134328358209,33,4.232939969214982,0.23880597014925373,272,34.88968701898409,0.7014925373134329,118,15.135967162647512,0.582089552238806
ep_306_whisperx_diarized.gender.host_guest,SPEAKER_00,HOST,female,1362,59,6,4.405286343612335,5,3.671071953010279,1,0.7342143906020557,0.01694915254237288,0,0.0,0.0,0,0.0,0.0,0,0.0,0.0,0,0.0,0.0,0,0.0,0.0,0,0.0,0.0,14,10.279001468428781,0.15254237288135594,8,5.873715124816446,0.0847457627118644,2,1.4684287812041115,0.03389830508474576,1,0.7342143906020557,0.01694915254237288,0,0.0,0.0,6,4.405286343612335,0.1016949152542373,36,26.431718061674008,0.4576271186440678,9,6.607929515418502,0.1016949152542373,19,13.950073421439061,0.2033898305084746,4,2.936857562408223,0.06779661016949153,92,67.54772393538913,0.4576271186440678,7,5.139500734214391,0.11864406779661017,70,51.395007342143906,0.6101694915254238,14,10.279001468428781,0.1694915254237288
ep_306_whisperx_diarized.gender.host_guest,SPEAKER_01,GUEST,male,5861,59,49,8.360348063470397,56,9.554683501109025,3,0.5118580447022693,0.03389830508474576,2,0.3412386964681795,0.03389830508474576,0,0.0,0.0,0,0.0,0.0,0,0.0,0.0,0,0.0,0.0,0,0.0,0.0,70,11.943354376386283,0.4915254237288136,48,8.189728715236308,0.3559322033898305,5,0.8530967411704488,0.06779661016949153,0,0.0,0.0,1,0.17061934823408975,0.01694915254237288,0,0.0,0.0,168,28.66405050332708,0.6271186440677966,112,19.10936700221805,0.5423728813559322,92,15.696980037536258,0.4576271186440678,24,4.094864357618154,0.23728813559322035,196,33.44139225388159,0.559322033898305,13,2.218051527043167,0.1864406779661017,194,33.10015355741341,0.7288135593220338,85,14.502644599897629,0.5932203389830508
ep_307_whisperx_diarized.gender.host_guest,SPEAKER_00,HOST,female,1370,83,4,2.9197080291970803,9,6.569343065693431,0,0.0,0.0,0,0.0,0.0,0,0.0,0.0,0,0.0,0.0,1,0.7299270072992701,0.012048192771084338,0,0.0,0.0,0,0.0,0.0,13,9.48905109489051,0.13253012048192772,8,5.839416058394161,0.08433734939759036,0,0.0,0.0,0,0.0,0.0,0,0.0,0.0,9,6.569343065693431,0.10843373493975904,46,33.57664233576642,0.46987951807228917,27,19.708029197080293,0.1927710843373494,7,5.109489051094891,0.060240963855421686,12,8.75912408759124,0.14457831325301204,101,73.72262773722628,0.42168674698795183,7,5.109489051094891,0.07228915662650602,74,54.01459854014599,0.46987951807228917,16,11.678832116788321,0.13253012048192772
ep_307_whisperx_diarized.gender.host_guest,SPEAKER_01,GUEST,male,4010,82,51,12.718204488778055,25,6.234413965087282,0,0.0,0.0,1,0.24937655860349126,0.012195121951219513,0,0.0,0.0,0,0.0,0.0,0,0.0,0.0,0,0.0,0.0,0,0.0,0.0,84,20.947630922693268,0.4146341463414634,66,16.458852867830426,0.3780487804878049,6,1.4962593516209477,0.07317073170731707,0,0.0,0.0,0,0.0,0.0,1,0.24937655860349126,0.012195121951219513,102,25.43640897755611,0.5,241,60.099750623441395,0.6219512195121951,18,4.488778054862843,0.10975609756097561,82,20.448877805486283,0.4634146341463415,132,32.91770573566085,0.4024390243902439,32,7.98004987531172,0.25609756097560976,183,45.6359102244389,0.5609756097560976,75,18.703241895261847,0.2926829268292683
ep_308_whisperx_diarized.gender.host_guest,SPEAKER_01,GUEST,female,7611,15,33,4.335829720141899,51,6.700827749310209,1,0.1313887793982394,0.06666666666666667,0,0.0,0.0,0,0.0,0.0,2,0.2627775587964788,0.13333333333333333,0,0.0,0.0,1,0.1313887793982394,0.06666666666666667,0,0.0,0.0,68,8.93443699908028,0.8666666666666667,11,1.4452765733806332,0.5333333333333333,26,3.416108264354224,0.5333333333333333,0,0.0,0.0,3,0.39416633819471814,0.13333333333333333,1,0.1313887793982394,0.06666666666666667,243,31.92747339377217,1.0,100,13.138877939823939,0.8,122,16.029431086585205,0.9333333333333333,24,3.153330705557745,0.6,127,16.6863749835764,0.9333333333333333,18,2.364998029168309,0.4,246,32.32163973196689,1.0,134,17.606096439364077,0.9333333333333333
ep_308_whisperx_diarized.gender.host_guest,SPEAKER_00,HOST,female,705,14,6,8.51063829787234,4,5.673758865248227,1,1.4184397163120568,0.07142857142857142,0,0.0,0.0,0,0.0,0.0,0,0.0,0.0,0,0.0,0.0,0,0.0,0.0,0,0.0,0.0,9,12.76595744680851,0.5,4,5.673758865248227,0.2857142857142857,3,4.25531914893617,0.14285714285714285,0,0.0,0.0,0,0.0,0.0,7,9.929078014184398,0.5,9,12.76595744680851,0.5,4,5.673758865248227,0.2857142857142857,7,9.929078014184398,0.35714285714285715,2,2.8368794326241136,0.14285714285714285,15,21.27659574468085,0.6428571428571429,2,2.8368794326241136,0.14285714285714285,29,41.13475177304964,0.7857142857142857,17,24.113475177304963,0.5
ep_309_whisperx_diarized.gender.host_guest,SPEAKER_01,GUEST,male,6799,40,64,9.413148992498897,21,3.088689513163701,2,0.29416090601559053,0.025,0,0.0,0.0,0,0.0,0.0,0,0.0,0.0,1,0.14708045300779526,0.025,0,0.0,0.0,0,0.0,0.0,96,14.119723488748345,0.75,67,9.854390351522284,0.7,3,0.4412413590233858,0.075,0,0.0,0.0,2,0.29416090601559053,0.05,1,0.14708045300779526,0.025,315,46.33034269745551,0.9,205,30.151492866598026,0.775,99,14.56096484777173,0.6,83,12.207677599647008,0.725,92,13.531401676717165,0.675,22,3.235769966171496,0.25,210,30.886895131637004,0.9,97,14.26680394175614,0.6
ep_309_whisperx_diarized.gender.host_guest,SPEAKER_00,HOST,female,792,39,3,3.787878787878788,1,1.2626262626262628,0,0.0,0.0,0,0.0,0.0,0,0.0,0.0,0,0.0,0.0,0,0.0,0.0,0,0.0,0.0,0,0.0,0.0,6,7.575757575757576,0.10256410256410256,2,2.5252525252525255,0.05128205128205128,0,0.0,0.0,3,3.787878787878788,0.07692307692307693,0,0.0,0.0,9,11.363636363636363,0.23076923076923078,28,35.35353535353535,0.46153846153846156,9,11.363636363636363,0.20512820512820512,4,5.050505050505051,0.07692307692307693,5,6.313131313131313,0.10256410256410256,33,41.666666666666664,0.46153846153846156,5,6.313131313131313,0.1282051282051282,13,16.414141414141415,0.23076923076923078,13,16.414141414141415,0.20512820512820512
ep_310_whisperx_diarized.gender.host_guest,SPEAKER_01,GUEST,female,7540,52,87,11.538461538461538,41,5.437665782493369,0,0.0,0.0,0,0.0,0.0,0,0.0,0.0,0,0.0,0.0,1,0.1326259946949602,0.019230769230769232,0,0.0,0.0,0,0.0,0.0,168,22.281167108753316,0.6153846153846154,104,13.793103448275861,0.5769230769230769,8,1.0610079575596816,0.15384615384615385,0,0.0,0.0,2,0.2652519893899204,0.038461538461538464,0,0.0,0.0,216,28.647214854111407,0.6923076923076923,431,57.16180371352785,0.7307692307692307,88,11.671087533156498,0.3269230769230769,115,15.251989389920425,0.6538461538461539,314,41.644562334217504,0.7115384615384616,45,5.968169761273209,0.4807692307692308,454,60.212201591511935,0.8269230769230769,115,15.251989389920425,0.5192307692307693
ep_310_whisperx_diarized.gender.host_guest,SPEAKER_00,HOST,female,2337,51,12,5.134788189987162,17,7.274283269148481,0,0.0,0.0,0,0.0,0.0,0,0.0,0.0,0,0.0,0.0,0,0.0,0.0,0,0.0,0.0,0,0.0,0.0,25,10.69747539580659,0.3333333333333333,16,6.846384253316217,0.21568627450980393,3,1.2836970474967906,0.058823529411764705,1,0.4278990158322636,0.0196078431372549,0,0.0,0.0,3,1.2836970474967906,0.058823529411764705,56,23.96234488660676,0.5098039215686274,67,28.66923406076166,0.5490196078431373,6,2.567394094993581,0.0784313725490196,18,7.702182284980744,0.23529411764705882,165,70.60333761232349,0.6470588235294118,7,2.995293110825845,0.11764705882352941,159,68.03594351732991,0.7450980392156863,29,12.409071459135644,0.37254901960784315
ep_311_whisperx_diarized.gender.host_guest,SPEAKER_01,HOST,female,813,18,8,9.84009840098401,5,6.150061500615006,3,3.6900369003690034,0.1111111111111111,1,1.2300123001230012,0.05555555555555555,0,0.0,0.0,0,0.0,0.0,0,0.0,0.0,0,0.0,0.0,0,0.0,0.0,11,13.530135301353015,0.2777777777777778,6,7.380073800738007,0.1111111111111111,0,0.0,0.0,0,0.0,0.0,2,2.4600246002460024,0.1111111111111111,4,4.920049200492005,0.2222222222222222,18,22.14022140221402,0.5555555555555556,14,17.220172201722015,0.4444444444444444,6,7.380073800738007,0.3333333333333333,8,9.84009840098401,0.2777777777777778,68,83.6408364083641,0.6666666666666666,7,8.610086100861007,0.2222222222222222,29,35.67035670356704,0.6666666666666666,6,7.380073800738007,0.2222222222222222
ep_311_whisperx_diarized.gender.host_guest,SPEAKER_00,GUEST,female,4513,17,32,7.090627077332152,15,3.323731442499446,0,0.0,0.0,0,0.0,0.0,0,0.0,0.0,2,0.4431641923332595,0.11764705882352941,0,0.0,0.0,2,0.4431641923332595,0.058823529411764705,0,0.0,0.0,62,13.738089962331044,0.8235294117647058,33,7.312209173498782,0.7647058823529411,4,0.886328384666519,0.23529411764705882,1,0.22158209616662974,0.058823529411764705,0,0.0,0.0,4,0.886328384666519,0.23529411764705882,169,37.44737425216042,0.9411764705882353,422,93.50764458231775,0.9411764705882353,44,9.749612231331708,0.6470588235294118,84,18.612896077996897,0.8235294117647058,67,14.846000443164193,0.7058823529411765,10,2.215820961666297,0.4117647058823529,146,32.35098604032794,0.9411764705882353,75,16.61865721249723,0.8823529411764706
ep_312_whisperx_diarized.gender.host_guest,SPEAKER_01,HOST,female,1239,31,2,1.6142050040355125,11,8.878127522195319,0,0.0,0.0,0,0.0,0.0,0,0.0,0.0,0,0.0,0.0,0,0.0,0.0,0,0.0,0.0,0,0.0,0.0,11,8.878127522195319,0.22580645161290322,9,7.263922518159807,0.1935483870967742,5,4.035512510088781,0.12903225806451613,3,2.4213075060532687,0.0967741935483871,0,0.0,0.0,7,5.649717514124294,0.22580645161290322,43,34.70540758676352,0.5806451612903226,9,7.263922518159807,0.22580645161290322,4,3.228410008071025,0.12903225806451613,2,1.6142050040355125,0.06451612903225806,75,60.53268765133172,0.7096774193548387,9,7.263922518159807,0.22580645161290322,47,37.933817594834544,0.5483870967741935,23,18.563357546408394,0.3870967741935484
ep_312_whisperx_diarized.gender.host_guest,SPEAKER_00,GUEST,male,5341,31,42,7.863695937090432,75,14.042314173375772,2,0.37446171129002065,0.06451612903225806,0,0.0,0.0,0,0.0,0.0,0,0.0,0.0,0,0.0,0.0,0,0.0,0.0,0,0.0,0.0,87,16.289084441115897,0.5806451612903226,39,7.3020033701554015,0.45161290322580644,3,0.5616925669350309,0.0967741935483871,0,0.0,0.0,1,0.18723085564501032,0.03225806451612903,0,0.0,0.0,186,34.82493914997192,0.6774193548387096,285,53.36079385882793,0.6129032258064516,59,11.046620483055607,0.4838709677419355,69,12.918929039505711,0.5161290322580645,155,29.020782624976597,0.6129032258064516,18,3.370155401610185,0.3548387096774194,231,43.25032765399738,0.7741935483870968,65,12.17000561692567,0.4838709677419355
ep_313_whisperx_diarized.gender.host_guest,SPEAKER_01,HOST,female,857,22,2,2.333722287047841,5,5.834305717619603,6,7.001166861143524,0.09090909090909091,0,0.0,0.0,0,0.0,0.0,0,0.0,0.0,1,1.1668611435239205,0.045454545454545456,0,0.0,0.0,0,0.0,0.0,4,4.667444574095682,0.13636363636363635,3,3.500583430571762,0.13636363636363635,2,2.333722287047841,0.09090909090909091,1,1.1668611435239205,0.045454545454545456,1,1.1668611435239205,0.045454545454545456,8,9.334889148191364,0.36363636363636365,31,36.17269544924154,0.7272727272727273,8,9.334889148191364,0.2727272727272727,13,15.169194865810969,0.3181818181818182,8,9.334889148191364,0.3181818181818182,63,73.51225204200699,0.6818181818181818,9,10.501750291715286,0.2727272727272727,47,54.842473745624275,0.5454545454545454,6,7.001166861143524,0.18181818181818182
ep_313_whisperx_diarized.gender.host_guest,SPEAKER_00,GUEST,female,4155,22,22,5.29482551143201,18,4.332129963898917,1,0.24067388688327315,0.045454545454545456,0,0.0,0.0,0,0.0,0.0,3,0.7220216606498194,0.09090909090909091,0,0.0,0.0,0,0.0,0.0,0,0.0,0.0,44,10.58965102286402,0.5454545454545454,16,3.8507821901323704,0.45454545454545453,9,2.1660649819494586,0.2727272727272727,0,0.0,0.0,0,0.0,0.0,0,0.0,0.0,128,30.806257521058964,0.7272727272727273,218,52.466907340553554,0.6363636363636364,73,17.56919374247894,0.5909090909090909,40,9.626955475330927,0.45454545454545453,161,38.74849578820698,0.7272727272727273,8,1.9253910950661852,0.2727272727272727,90,21.660649819494584,0.8181818181818182,64,15.403128760529482,0.5
ep_314_whisperx_diarized.gender.host_guest,SPEAKER_00,HOST,female,628,21,5,7.961783439490445,2,3.1847133757961785,0,0.0,0.0,0,0.0,0.0,1,1.5923566878980893,0.047619047619047616,0,0.0,0.0,0,0.0,0.0,0,0.0,0.0,0,0.0,0.0,5,7.961783439490445,0.23809523809523808,1,1.5923566878980893,0.047619047619047616,0,0.0,0.0,5,7.961783439490445,0.19047619047619047,1,1.5923566878980893,0.047619047619047616,6,9.554140127388534,0.2857142857142857,5,7.961783439490445,0.23809523809523808,6,9.554140127388534,0.14285714285714285,2,3.1847133757961785,0.09523809523809523,3,4.777070063694267,0.14285714285714285,32,50.955414012738856,0.5238095238095238,1,1.5923566878980893,0.047619047619047616,28,44.58598726114649,0.5238095238095238,8,12.738853503184714,0.2857142857142857
ep_314_whisperx_diarized.gender.host_guest,SPEAKER_01,GUEST,male,5998,21,35,5.835278426142047,15,2.5008336112037344,3,0.500166722240747,0.09523809523809523,1,0.16672224074691563,0.047619047619047616,2,0.33344448149383127,0.09523809523809523,2,0.33344448149383127,0.09523809523809523,0,0.0,0.0,0,0.0,0.0,0,0.0,0.0,58,9.669889963321108,0.6190476190476191,4,0.6668889629876625,0.09523809523809523,4,0.6668889629876625,0.14285714285714285,0,0.0,0.0,4,0.6668889629876625,0.09523809523809523,0,0.0,0.0,172,28.67622540846949,0.7142857142857143,190,31.677225741913972,0.7619047619047619,155,25.84194731577192,0.6666666666666666,31,5.1683894631543845,0.47619047619047616,85,14.171390463487828,0.7142857142857143,11,1.8339446482160722,0.38095238095238093,376,62.687562520840274,0.7619047619047619,167,27.84261420473491,0.5714285714285714
ep_315_whisperx_diarized.gender.host_guest,SPEAKER_00,HOST,female,1309,119,11,8.403361344537815,7,5.347593582887701,0,0.0,0.0,0,0.0,0.0,0,0.0,0.0,0,0.0,0.0,0,0.0,0.0,0,0.0,0.0,0,0.0,0.0,18,13.750954927425516,0.11764705882352941,13,9.931245225362872,0.09243697478991597,1,0.7639419404125286,0.008403361344537815,2,1.5278838808250572,0.01680672268907563,0,0.0,0.0,15,11.45912910618793,0.12605042016806722,32,24.446142093200915,0.2184873949579832,29,22.15431627196333,0.17647058823529413,2,1.5278838808250572,0.008403361344537815,11,8.403361344537815,0.07563025210084033,102,77.92207792207792,0.31932773109243695,6,4.583651642475172,0.05042016806722689,83,63.407181054239885,0.3697478991596639,7,5.347593582887701,0.058823529411764705
ep_315_whisperx_diarized.gender.host_guest,SPEAKER_01,GUEST,male,5548,119,36,6.4888248017303525,34,6.128334534967555,1,0.1802451333813987,0.008403361344537815,1,0.1802451333813987,0.008403361344537815,1,0.1802451333813987,0.008403361344537815,0,0.0,0.0,0,0.0,0.0,0,0.0,0.0,0,0.0,0.0,88,15.861571737563086,0.4117647058823529,67,12.076423936553713,0.3445378151260504,16,2.883922134102379,0.11764705882352941,0,0.0,0.0,2,0.3604902667627974,0.01680672268907563,3,0.5407354001441961,0.025210084033613446,182,32.804614275414565,0.48739495798319327,386,69.5746214852199,0.5966386554621849,34,6.128334534967555,0.1092436974789916,97,17.483777937995672,0.4369747899159664,92,16.58255227108868,0.33613445378151263,19,3.4246575342465753,0.13445378151260504,272,49.02667627974044,0.5966386554621849,57,10.273972602739725,0.2605042016806723
ep_316_whisperx_diarized.gender.host_guest,SPEAKER_00,HOST,female,1642,48,16,9.744214372716199,9,5.481120584652863,2,1.2180267965895248,0.020833333333333332,0,0.0,0.0,0,0.0,0.0,1,0.6090133982947624,0.020833333333333332,0,0.0,0.0,0,0.0,0.0,0,0.0,0.0,25,15.225334957369062,0.25,13,7.917174177831911,0.14583333333333334,1,0.6090133982947624,0.020833333333333332,0,0.0,0.0,0,0.0,0.0,13,7.917174177831911,0.2708333333333333,21,12.789281364190012,0.3125,28,17.05237515225335,0.20833333333333334,20,12.180267965895249,0.22916666666666666,9,5.481120584652863,0.0625,45,27.405602923264315,0.3333333333333333,9,5.481120584652863,0.1875,69,42.02192448233861,0.5625,45,27.405602923264315,0.4791666666666667
ep_316_whisperx_diarized.gender.host_guest,SPEAKER_01,GUEST,female,5884,48,69,11.726716519374575,37,6.28823929299796,2,0.3399048266485384,0.020833333333333332,0,0.0,0.0,0,0.0,0.0,2,0.3399048266485384,0.041666666666666664,1,0.1699524133242692,0.020833333333333332,0,0.0,0.0,0,0.0,0.0,125,21.24405166553365,0.75,64,10.876954452753228,0.6041666666666666,13,2.2093813732154994,0.22916666666666666,0,0.0,0.0,2,0.3399048266485384,0.041666666666666664,1,0.1699524133242692,0.020833333333333332,135,22.94357579877634,0.7708333333333334,133,22.603670972127805,0.6041666666666666,83,14.106050305914344,0.4791666666666667,19,3.229095853161115,0.25,363,61.69272603670972,0.8541666666666666,69,11.726716519374575,0.6666666666666666,165,28.042148198504417,0.7916666666666666,153,26.00271923861319,0.6875
ep_317_whisperx_diarized.gender.host_guest,SPEAKER_00,GUEST,male,4919,39,8,1.6263468184590364,7,1.423053466151657,3,0.6098800569221386,0.07692307692307693,0,0.0,0.0,0,0.0,0.0,1,0.20329335230737955,0.02564102564102564,0,0.0,0.0,0,0.0,0.0,0,0.0,0.0,35,7.115267330758284,0.41025641025641024,18,3.659280341532832,0.20512820512820512,0,0.0,0.0,0,0.0,0.0,2,0.4065867046147591,0.05128205128205128,0,0.0,0.0,143,29.070949379955273,0.717948717948718,65,13.21406789997967,0.5897435897435898,187,38.015856881479976,0.7948717948717948,24,4.879040455377109,0.28205128205128205,59,11.994307786135394,0.48717948717948717,15,3.0494002846106936,0.2564102564102564,152,30.900589550721694,0.8205128205128205,30,6.098800569221387,0.3333333333333333
ep_317_whisperx_diarized.gender.host_guest,SPEAKER_01,HOST,female,979,38,1,1.021450459652707,0,0.0,1,1.021450459652707,0.02631578947368421,0,0.0,0.0,0,0.0,0.0,0,0.0,0.0,0,0.0,0.0,0,0.0,0.0,0,0.0,0.0,9,9.19305413687436,0.13157894736842105,5,5.107252298263534,0.07894736842105263,0,0.0,0.0,1,1.021450459652707,0.02631578947368421,0,0.0,0.0,7,7.150153217568948,0.18421052631578946,32,32.68641470888662,0.5,1,1.021450459652707,0.02631578947368421,17,17.364657814096017,0.23684210526315788,1,1.021450459652707,0.02631578947368421,47,48.00817160367722,0.5526315789473685,7,7.150153217568948,0.15789473684210525,44,44.9438202247191,0.6578947368421053,6,6.1287027579162405,0.07894736842105263
ep_318_whisperx_diarized.gender.host_guest,SPEAKER_00,HOST,female,1062,58,1,0.9416195856873822,3,2.824858757062147,0,0.0,0.0,0,0.0,0.0,0,0.0,0.0,0,0.0,0.0,0,0.0,0.0,0,0.0,0.0,0,0.0,0.0,13,12.241054613935969,0.13793103448275862,9,8.474576271186441,0.10344827586206896,0,0.0,0.0,0,0.0,0.0,1,0.9416195856873822,0.017241379310344827,11,10.357815442561206,0.1896551724137931,29,27.306967984934087,0.27586206896551724,19,17.890772128060263,0.06896551724137931,10,9.416195856873822,0.1206896551724138,9,8.474576271186441,0.08620689655172414,48,45.19774011299435,0.3620689655172414,4,3.766478342749529,0.06896551724137931,68,64.030131826742,0.43103448275862066,17,16.0075329566855,0.1724137931034483
ep_318_whisperx_diarized.gender.host_guest,SPEAKER_01,GUEST,male,5485,58,117,21.330902461257974,19,3.463992707383774,0,0.0,0.0,0,0.0,0.0,1,0.1823154056517776,0.017241379310344827,1,0.1823154056517776,0.017241379310344827,0,0.0,0.0,0,0.0,0.0,0,0.0,0.0,148,26.98268003646308,0.6379310344827587,115,20.96627164995442,0.5862068965517241,12,2.187784867821331,0.1206896551724138,1,0.1823154056517776,0.017241379310344827,2,0.3646308113035552,0.034482758620689655,0,0.0,0.0,220,40.109389243391064,0.603448275862069,183,33.363719234275294,0.603448275862069,56,10.209662716499546,0.3448275862068966,82,14.94986326344576,0.5862068965517241,158,28.80583409298086,0.43103448275862066,13,2.3701002734731085,0.10344827586206896,343,62.53418413855971,0.7931034482758621,77,14.038286235186874,0.41379310344827586
ep_319_whisperx_diarized.gender.host_guest,SPEAKER_00,GUEST,male,4275,39,30,7.017543859649123,10,2.3391812865497075,1,0.23391812865497078,0.02564102564102564,0,0.0,0.0,0,0.0,0.0,1,0.23391812865497078,0.02564102564102564,1,0.23391812865497078,0.02564102564102564,0,0.0,0.0,0,0.0,0.0,68,15.90643274853801,0.6666666666666666,45,10.526315789473683,0.6410256410256411,2,0.46783625730994155,0.05128205128205128,0,0.0,0.0,1,0.23391812865497078,0.02564102564102564,0,0.0,0.0,96,22.45614035087719,0.6923076923076923,123,28.771929824561404,0.6153846153846154,39,9.12280701754386,0.41025641025641024,68,15.90643274853801,0.5641025641025641,143,33.45029239766082,0.6410256410256411,17,3.9766081871345027,0.2564102564102564,159,37.192982456140356,0.8205128205128205,58,13.567251461988304,0.46153846153846156
ep_319_whisperx_diarized.gender.host_guest,SPEAKER_01,HOST,female,659,38,3,4.552352048558422,1,1.5174506828528074,0,0.0,0.0,0,0.0,0.0,0,0.0,0.0,0,0.0,0.0,0,0.0,0.0,0,0.0,0.0,0,0.0,0.0,8,12.139605462822459,0.21052631578947367,4,6.0698027314112295,0.10526315789473684,0,0.0,0.0,0,0.0,0.0,0,0.0,0.0,8,12.139605462822459,0.21052631578947367,17,25.796661608497722,0.39473684210526316,3,4.552352048558422,0.07894736842105263,2,3.0349013657056148,0.05263157894736842,2,3.0349013657056148,0.05263157894736842,32,48.558421851289836,0.5263157894736842,6,9.104704097116844,0.15789473684210525,28,42.48861911987861,0.47368421052631576,8,12.139605462822459,0.13157894736842105
ep_320_whisperx_diarized.gender.host_guest,SPEAKER_01,HOST,female,792,26,5,6.313131313131313,3,3.787878787878788,0,0.0,0.0,0,0.0,0.0,0,0.0,0.0,0,0.0,0.0,0,0.0,0.0,0,0.0,0.0,0,0.0,0.0,9,11.363636363636363,0.15384615384615385,4,5.050505050505051,0.07692307692307693,2,2.5252525252525255,0.07692307692307693,1,1.2626262626262628,0.038461538461538464,1,1.2626262626262628,0.038461538461538464,7,8.838383838383837,0.2692307692307692,6,7.575757575757576,0.19230769230769232,11,13.888888888888888,0.07692307692307693,7,8.838383838383837,0.15384615384615385,3,3.787878787878788,0.038461538461538464,30,37.87878787878788,0.5384615384615384,2,2.5252525252525255,0.07692307692307693,25,31.565656565656568,0.6153846153846154,9,11.363636363636363,0.23076923076923078
ep_320_whisperx_diarized.gender.host_guest,SPEAKER_00,GUEST,male,5172,26,70,13.534416086620263,17,3.2869296210363497,0,0.0,0.0,0,0.0,0.0,0,0.0,0.0,0,0.0,0.0,0,0.0,0.0,0,0.0,0.0,0,0.0,0.0,93,17.981438515081205,0.6923076923076923,37,7.153905645784996,0.4230769230769231,6,1.160092807424594,0.23076923076923078,0,0.0,0.0,0,0.0,0.0,0,0.0,0.0,126,24.36194895591647,0.6923076923076923,136,26.295436968290797,0.7307692307692307,116,22.428460943542152,0.6538461538461539,34,6.573859242072699,0.5769230769230769,120,23.201856148491878,0.7307692307692307,20,3.8669760247486464,0.34615384615384615,152,29.389017788089713,0.8846153846153846,58,11.214230471771076,0.5769230769230769
ep_321_whisperx_diarized.gender.host_guest,SPEAKER_00,GUEST,male,8573,46,10,1.166452816983553,7,0.8165169718884872,1,0.11664528169835531,0.021739130434782608,0,0.0,0.0,0,0.0,0.0,1,0.11664528169835531,0.021739130434782608,0,0.0,0.0,0,0.0,0.0,0,0.0,0.0,34,3.96593957774408,0.34782608695652173,8,0.9331622535868425,0.13043478260869565,3,0.3499358450950659,0.06521739130434782,0,0.0,0.0,0,0.0,0.0,0,0.0,0.0,202,23.56234690306777,0.8260869565217391,147,17.14685640965823,0.6739130434782609,63,7.348652746996383,0.45652173913043476,38,4.4325207045375015,0.391304347826087,154,17.963373381546717,0.8043478260869565,21,2.4495509156654616,0.30434782608695654,298,34.76029394610988,0.8913043478260869,157,18.31330922664178,0.717391304347826
ep_321_whisperx_diarized.gender.host_guest,SPEAKER_01,HOST,female,1204,45,2,1.6611295681063123,8,6.644518272425249,2,1.6611295681063123,0.022222222222222223,0,0.0,0.0,0,0.0,0.0,0,0.0,0.0,0,0.0,0.0,0,0.0,0.0,0,0.0,0.0,5,4.152823920265781,0.1111111111111111,4,3.3222591362126246,0.08888888888888889,3,2.491694352159468,0.06666666666666667,2,1.6611295681063123,0.044444444444444446,0,0.0,0.0,8,6.644518272425249,0.17777777777777778,22,18.272425249169437,0.3111111111111111,11,9.136212624584719,0.15555555555555556,16,13.289036544850498,0.2222222222222222,9,7.475083056478406,0.17777777777777778,54,44.85049833887044,0.5555555555555556,2,1.6611295681063123,0.044444444444444446,45,37.37541528239203,0.37777777777777777,18,14.950166112956811,0.3111111111111111
ep_322_whisperx_diarized.gender.host_guest,SPEAKER_01,GUEST,male,10330,51,114,11.035818005808325,96,9.293320425943852,0,0.0,0.0,0,0.0,0.0,1,0.09680542110358181,0.0196078431372549,6,0.5808325266214908,0.11764705882352941,0,0.0,0.0,0,0.0,0.0,2,0.19361084220716362,0.0392156862745098,142,13.746369796708615,0.8431372549019608,60,5.808325266214908,0.5882352941176471,35,3.3881897386253628,0.37254901960784315,0,0.0,0.0,0,0.0,0.0,1,0.09680542110358181,0.0196078431372549,224,21.684414327202322,0.9019607843137255,171,16.553727008712485,0.8431372549019608,156,15.101645692158762,0.7450980392156863,30,2.904162633107454,0.45098039215686275,311,30.10648596321394,0.8823529411764706,15,1.452081316553727,0.27450980392156865,294,28.46079380445305,0.9215686274509803,201,19.457889641819943,0.8235294117647058
ep_322_whisperx_diarized.gender.host_guest,SPEAKER_00,HOST,female,2781,51,20,7.19165767709457,9,3.236245954692557,1,0.3595828838547285,0.0196078431372549,0,0.0,0.0,0,0.0,0.0,0,0.0,0.0,0,0.0,0.0,0,0.0,0.0,0,0.0,0.0,27,9.70873786407767,0.3137254901960784,8,2.876663070837828,0.13725490196078433,2,0.719165767709457,0.0392156862745098,1,0.3595828838547285,0.0196078431372549,0,0.0,0.0,3,1.0787486515641855,0.058823529411764705,50,17.979144192736427,0.49019607843137253,50,17.979144192736427,0.35294117647058826,56,20.136641495864797,0.3137254901960784,6,2.157497303128371,0.09803921568627451,64,23.013304566702622,0.47058823529411764,10,3.595828838547285,0.17647058823529413,91,32.72204243078029,0.6078431372549019,51,18.33872707659115,0.43137254901960786
ep_323_whisperx_diarized.gender.host_guest,SPEAKER_01,GUEST,female,11407,28,36,3.155956868589463,108,9.467870605768388,0,0.0,0.0,0,0.0,0.0,0,0.0,0.0,1,0.08766546857192951,0.03571428571428571,0,0.0,0.0,0,0.0,0.0,0,0.0,0.0,59,5.172262645743841,0.6071428571428571,17,1.4903129657228018,0.2857142857142857,20,1.7533093714385903,0.42857142857142855,0,0.0,0.0,0,0.0,0.0,1,0.08766546857192951,0.03571428571428571,349,30.595248531603403,0.8928571428571429,300,26.299640571578855,0.8214285714285714,121,10.607521697203472,0.75,58,5.084597177171912,0.7142857142857143,459,40.23845007451565,0.8214285714285714,32,2.8052949943017444,0.5,398,34.89085649162794,0.8571428571428571,189,16.568773560094677,0.75
ep_323_whisperx_diarized.gender.host_guest,SPEAKER_00,HOST,female,1062,27,4,3.766478342749529,9,8.474576271186441,1,0.9416195856873822,0.037037037037037035,2,1.8832391713747645,0.07407407407407407,0,0.0,0.0,0,0.0,0.0,0,0.0,0.0,0,0.0,0.0,0,0.0,0.0,7,6.5913370998116765,0.18518518518518517,4,3.766478342749529,0.1111111111111111,1,0.9416195856873822,0.037037037037037035,0,0.0,0.0,0,0.0,0.0,3,2.824858757062147,0.1111111111111111,27,25.423728813559325,0.5555555555555556,18,16.949152542372882,0.2962962962962963,13,12.241054613935969,0.2962962962962963,5,4.708097928436911,0.1111111111111111,53,49.90583804143126,0.6666666666666666,4,3.766478342749529,0.14814814814814814,39,36.72316384180791,0.5555555555555556,10,9.416195856873822,0.25925925925925924
ep_324_whisperx_diarized.gender.host_guest,SPEAKER_01,HOST,female,1407,52,9,6.3965884861407245,11,7.818052594171997,1,0.7107320540156361,0.019230769230769232,0,0.0,0.0,0,0.0,0.0,0,0.0,0.0,0,0.0,0.0,0,0.0,0.0,0,0.0,0.0,15,10.660980810234541,0.19230769230769232,4,2.8429282160625444,0.057692307692307696,2,1.4214641080312722,0.019230769230769232,5,3.5536602700781805,0.038461538461538464,1,0.7107320540156361,0.019230769230769232,9,6.3965884861407245,0.17307692307692307,21,14.925373134328359,0.2692307692307692,40,28.429282160625444,0.3269230769230769,13,9.23951670220327,0.15384615384615385,13,9.23951670220327,0.21153846153846154,89,63.25515280739161,0.7692307692307693,7,4.975124378109452,0.09615384615384616,63,44.776119402985074,0.5192307692307693,10,7.107320540156361,0.1346153846153846
ep_324_whisperx_diarized.gender.host_guest,SPEAKER_00,GUEST,male,11602,52,111,9.567315980003448,19,1.6376486812618514,4,0.34476814342354767,0.038461538461538464,0,0.0,0.0,0,0.0,0.0,3,0.25857610756766075,0.057692307692307696,0,0.0,0.0,1,0.08619203585588692,0.019230769230769232,0,0.0,0.0,187,16.117910705050853,0.7115384615384616,86,7.412515083606275,0.5961538461538461,5,0.4309601792794346,0.09615384615384616,0,0.0,0.0,2,0.17238407171177383,0.038461538461538464,1,0.08619203585588692,0.019230769230769232,321,27.6676435097397,0.7115384615384616,629,54.21479055335287,0.8269230769230769,90,7.757283227029823,0.4230769230769231,262,22.58231339424237,0.8076923076923077,334,28.78813997586623,0.7307692307692307,66,5.688674366488536,0.5,425,36.63161523875194,0.7884615384615384,151,13.014997414238925,0.6153846153846154
ep_325_whisperx_diarized.gender.host_guest,SPEAKER_00,GUEST,female,7643,37,34,4.448514981028392,34,4.448514981028392,3,0.3925160277377993,0.05405405405405406,1,0.13083867591259976,0.02702702702702703,0,0.0,0.0,2,0.2616773518251995,0.05405405405405406,0,0.0,0.0,1,0.13083867591259976,0.02702702702702703,0,0.0,0.0,95,12.429674211696977,0.5405405405405406,53,6.934449823367788,0.40540540540540543,7,0.9158707313881983,0.16216216216216217,2,0.2616773518251995,0.02702702702702703,3,0.3925160277377993,0.05405405405405406,0,0.0,0.0,284,37.15818395917833,0.7837837837837838,411,53.774695800078504,0.7837837837837838,100,13.083867591259976,0.6216216216216216,65,8.504513934318984,0.7027027027027027,314,41.08334423655632,0.8378378378378378,14,1.8317414627763966,0.24324324324324326,413,54.0363731519037,0.8108108108108109,70,9.158707313881983,0.6486486486486487
ep_325_whisperx_diarized.gender.host_guest,SPEAKER_01,HOST,female,1523,36,3,1.969796454366382,4,2.626395272488509,0,0.0,0.0,0,0.0,0.0,0,0.0,0.0,0,0.0,0.0,0,0.0,0.0,0,0.0,0.0,0,0.0,0.0,22,14.445173998686801,0.3333333333333333,11,7.222586999343401,0.2222222222222222,1,0.6565988181221273,0.027777777777777776,0,0.0,0.0,0,0.0,0.0,5,3.282994090610637,0.1388888888888889,50,32.82994090610637,0.5555555555555556,57,37.42613263296126,0.4444444444444444,14,9.192383453709784,0.3055555555555556,7,4.596191726854892,0.16666666666666666,77,50.558108995403806,0.6666666666666666,11,7.222586999343401,0.25,73,47.9317137229153,0.6944444444444444,25,16.414970453053186,0.3055555555555556
ep_326_whisperx_diarized.gender.host_guest,SPEAKER_00,GUEST,male,3170,21,28,8.832807570977918,8,2.523659305993691,1,0.3154574132492114,0.047619047619047616,6,1.8927444794952681,0.09523809523809523,0,0.0,0.0,4,1.2618296529968456,0.09523809523809523,0,0.0,0.0,0,0.0,0.0,0,0.0,0.0,53,16.7192429022082,0.6666666666666666,26,8.201892744479496,0.5238095238095238,0,0.0,0.0,0,0.0,0.0,1,0.3154574132492114,0.047619047619047616,0,0.0,0.0,114,35.96214511041009,0.8095238095238095,131,41.32492113564669,0.8571428571428571,25,7.886435331230284,0.42857142857142855,38,11.987381703470032,0.7619047619047619,90,28.391167192429023,0.8571428571428571,16,5.047318611987382,0.38095238095238093,127,40.06309148264984,0.8571428571428571,50,15.772870662460567,0.5714285714285714
ep_326_whisperx_diarized.gender.host_guest,SPEAKER_01,HOST,female,1149,20,6,5.221932114882507,10,8.703220191470844,1,0.8703220191470844,0.05,1,0.8703220191470844,0.05,0,0.0,0.0,1,0.8703220191470844,0.05,0,0.0,0.0,0,0.0,0.0,0,0.0,0.0,14,12.184508268059183,0.4,6,5.221932114882507,0.25,2,1.7406440382941688,0.1,0,0.0,0.0,0,0.0,0.0,2,1.7406440382941688,0.1,17,14.795474325500436,0.55,13,11.314186248912097,0.35,15,13.054830287206265,0.35,6,5.221932114882507,0.1,49,42.64577893820714,0.75,8,6.962576153176675,0.3,54,46.99738903394256,0.85,17,14.795474325500436,0.5
ep_327_whisperx_diarized.gender.host_guest,SPEAKER_01,HOST,female,1264,22,4,3.1645569620253164,10,7.9113924050632916,0,0.0,0.0,0,0.0,0.0,0,0.0,0.0,0,0.0,0.0,0,0.0,0.0,0,0.0,0.0,0,0.0,0.0,6,4.746835443037975,0.22727272727272727,3,2.3734177215189876,0.13636363636363635,1,0.7911392405063291,0.045454545454545456,0,0.0,0.0,0,0.0,0.0,4,3.1645569620253164,0.18181818181818182,34,26.89873417721519,0.7272727272727273,20,15.822784810126583,0.5,18,14.240506329113924,0.36363636363636365,7,5.537974683544304,0.22727272727272727,84,66.45569620253164,0.9090909090909091,4,3.1645569620253164,0.13636363636363635,49,38.765822784810126,0.8181818181818182,12,9.49367088607595,0.36363636363636365
ep_327_whisperx_diarized.gender.host_guest,SPEAKER_00,GUEST,female,4885,21,60,12.282497441146365,38,7.778915046059366,2,0.4094165813715455,0.047619047619047616,0,0.0,0.0,0,0.0,0.0,0,0.0,0.0,0,0.0,0.0,0,0.0,0.0,0,0.0,0.0,88,18.014329580348004,0.9523809523809523,72,14.73899692937564,0.9523809523809523,14,2.865916069600819,0.3333333333333333,0,0.0,0.0,0,0.0,0.0,0,0.0,0.0,160,32.75332650972364,0.9523809523809523,150,30.706243602865914,0.9523809523809523,173,35.414534288638684,0.8571428571428571,51,10.440122824974411,0.8571428571428571,156,31.93449334698055,0.9523809523809523,12,2.4564994882292734,0.3333333333333333,173,35.414534288638684,1.0,20,4.094165813715455,0.38095238095238093
ep_328_whisperx_diarized.gender.host_guest,SPEAKER_00,GUEST,male,4523,16,30,6.632765863365023,17,3.758567322573513,0,0.0,0.0,0,0.0,0.0,0,0.0,0.0,0,0.0,0.0,0,0.0,0.0,0,0.0,0.0,0,0.0,0.0,52,11.49679416316604,0.875,20,4.421843908910016,0.75,10,2.210921954455008,0.375,0,0.0,0.0,0,0.0,0.0,0,0.0,0.0,91,20.119389785540573,0.875,63,13.928808313066549,0.75,117,25.86778686712359,0.8125,6,1.3265531726730047,0.3125,120,26.531063453460092,0.9375,19,4.2007517134645145,0.625,141,31.17399955781561,0.9375,127,28.078708821578598,0.8125
ep_328_whisperx_diarized.gender.host_guest,SPEAKER_01,HOST,female,914,15,11,12.035010940919038,1,1.0940919037199124,0,0.0,0.0,0,0.0,0.0,0,0.0,0.0,0,0.0,0.0,0,0.0,0.0,0,0.0,0.0,0,0.0,0.0,13,14.223194748358862,0.6,3,3.282275711159737,0.2,1,1.0940919037199124,0.06666666666666667,1,1.0940919037199124,0.06666666666666667,1,1.0940919037199124,0.06666666666666667,1,1.0940919037199124,0.06666666666666667,11,12.035010940919038,0.5333333333333333,5,5.470459518599562,0.2,38,41.57549234135667,0.7333333333333333,5,5.470459518599562,0.3333333333333333,21,22.975929978118163,0.8,4,4.3763676148796495,0.26666666666666666,25,27.35229759299781,0.7333333333333333,8,8.752735229759299,0.4666666666666667
ep_329_whisperx_diarized.gender.host_guest,SPEAKER_00,HOST,female,1635,63,3,1.834862385321101,9,5.5045871559633035,3,1.834862385321101,0.047619047619047616,1,0.6116207951070336,0.015873015873015872,0,0.0,0.0,2,1.2232415902140672,0.031746031746031744,0,0.0,0.0,0,0.0,0.0,0,0.0,0.0,14,8.562691131498472,0.14285714285714285,4,2.4464831804281344,0.06349206349206349,3,1.834862385321101,0.047619047619047616,0,0.0,0.0,2,1.2232415902140672,0.031746031746031744,4,2.4464831804281344,0.06349206349206349,40,24.464831804281346,0.4444444444444444,36,22.018348623853214,0.3333333333333333,14,8.562691131498472,0.1746031746031746,23,14.067278287461773,0.31746031746031744,97,59.32721712538226,0.47619047619047616,8,4.892966360856269,0.1111111111111111,78,47.706422018348626,0.47619047619047616,24,14.678899082568808,0.15873015873015872
ep_329_whisperx_diarized.gender.host_guest,SPEAKER_01,GUEST,female,12845,63,71,5.527442584663293,51,3.97041650447645,5,0.38925652004671074,0.047619047619047616,5,0.38925652004671074,0.07936507936507936,1,0.07785130400934215,0.015873015873015872,4,0.3114052160373686,0.047619047619047616,1,0.07785130400934215,0.015873015873015872,1,0.07785130400934215,0.015873015873015872,1,0.07785130400934215,0.015873015873015872,156,12.144803425457377,0.5555555555555556,104,8.096535616971584,0.49206349206349204,9,0.7006617360840794,0.12698412698412698,2,0.1557026080186843,0.031746031746031744,4,0.3114052160373686,0.06349206349206349,1,0.07785130400934215,0.015873015873015872,446,34.721681588166604,0.746031746031746,689,53.63954846243674,0.8253968253968254,128,9.964966913195795,0.4126984126984127,209,16.270922537952508,0.6507936507936508,329,25.61307901907357,0.7301587301587301,57,4.437524328532503,0.38095238095238093,558,43.44102763721292,0.8571428571428571,215,16.738030362008562,0.6190476190476191
ep_330_whisperx_diarized.gender.host_guest,SPEAKER_01,GUEST,female,6939,70,48,6.917423259835711,49,7.061536244415621,2,0.28822596915982135,0.014285714285714285,4,0.5764519383196427,0.02857142857142857,1,0.14411298457991067,0.014285714285714285,0,0.0,0.0,0,0.0,0.0,0,0.0,0.0,0,0.0,0.0,109,15.708315319210259,0.6142857142857143,47,6.7733102752558,0.37142857142857144,16,2.305807753278571,0.18571428571428572,0,0.0,0.0,2,0.28822596915982135,0.014285714285714285,0,0.0,0.0,158,22.76985156362588,0.6285714285714286,209,30.119613777201327,0.6285714285714286,82,11.817264735552673,0.45714285714285713,85,12.249603689292405,0.5571428571428572,186,26.805015131863378,0.6428571428571429,14,2.0175817841187493,0.18571428571428572,245,35.30768122207811,0.8142857142857143,170,24.49920737858481,0.6714285714285714
ep_330_whisperx_diarized.gender.host_guest,SPEAKER_00,HOST,female,3894,69,18,4.622496147919877,33,8.474576271186441,2,0.5136106831022086,0.014492753623188406,0,0.0,0.0,0,0.0,0.0,0,0.0,0.0,0,0.0,0.0,1,0.2568053415511043,0.014492753623188406,0,0.0,0.0,36,9.244992295839754,0.34782608695652173,14,3.5952747817154598,0.17391304347826086,15,3.852080123266564,0.17391304347826086,0,0.0,0.0,1,0.2568053415511043,0.014492753623188406,4,1.0272213662044172,0.057971014492753624,81,20.801232665639446,0.5362318840579711,80,20.54442732408834,0.43478260869565216,50,12.840267077555213,0.2463768115942029,22,5.649717514124294,0.2463768115942029,170,43.65690806368772,0.6376811594202898,13,3.338469440164355,0.17391304347826086,139,35.695942475603495,0.6521739130434783,81,20.801232665639446,0.391304347826087
ep_331_whisperx_diarized.gender.host_guest,SPEAKER_00,GUEST,male,3427,29,19,5.544207761890867,17,4.960606944849723,0,0.0,0.0,0,0.0,0.0,0,0.0,0.0,0,0.0,0.0,0,0.0,0.0,0,0.0,0.0,0,0.0,0.0,37,10.796615115261162,0.6206896551724138,15,4.377006127808579,0.41379310344827586,2,0.5836008170411439,0.06896551724137931,0,0.0,0.0,0,0.0,0.0,0,0.0,0.0,96,28.012839217974907,0.7241379310344828,91,26.553837175372045,0.6896551724137931,89,25.9702363583309,0.6206896551724138,39,11.380215932302306,0.5862068965517241,53,15.465421651590313,0.5517241379310345,13,3.793405310767435,0.27586206896551724,69,20.13422818791946,0.7241379310344828,48,14.006419608987454,0.4482758620689655
ep_331_whisperx_diarized.gender.host_guest,SPEAKER_01,HOST,female,555,29,3,5.405405405405405,6,10.81081081081081,0,0.0,0.0,0,0.0,0.0,0,0.0,0.0,0,0.0,0.0,0,0.0,0.0,0,0.0,0.0,0,0.0,0.0,7,12.612612612612612,0.20689655172413793,4,7.207207207207207,0.10344827586206896,1,1.8018018018018018,0.034482758620689655,0,0.0,0.0,2,3.6036036036036037,0.034482758620689655,9,16.216216216216218,0.3103448275862069,18,32.432432432432435,0.5517241379310345,2,3.6036036036036037,0.06896551724137931,2,3.6036036036036037,0.034482758620689655,0,0.0,0.0,43,77.47747747747748,0.6551724137931034,3,5.405405405405405,0.10344827586206896,22,39.63963963963964,0.4827586206896552,3,5.405405405405405,0.06896551724137931
ep_332_whisperx_diarized.gender.host_guest,SPEAKER_01,HOST,female,1192,26,10,8.389261744966444,9,7.550335570469799,0,0.0,0.0,0,0.0,0.0,0,0.0,0.0,0,0.0,0.0,0,0.0,0.0,0,0.0,0.0,0,0.0,0.0,12,10.06711409395973,0.3076923076923077,8,6.7114093959731544,0.2692307692307692,3,2.5167785234899327,0.11538461538461539,1,0.8389261744966443,0.038461538461538464,0,0.0,0.0,5,4.194630872483222,0.19230769230769232,15,12.583892617449663,0.4230769230769231,32,26.845637583892618,0.5769230769230769,8,6.7114093959731544,0.23076923076923078,11,9.228187919463087,0.3076923076923077,43,36.07382550335571,0.6538461538461539,5,4.194630872483222,0.15384615384615385,78,65.43624161073826,0.6538461538461539,12,10.06711409395973,0.3076923076923077
ep_332_whisperx_diarized.gender.host_guest,SPEAKER_00,GUEST,male,6417,26,45,7.012622720897616,26,4.0517375720741775,6,0.9350163627863488,0.11538461538461539,0,0.0,0.0,0,0.0,0.0,3,0.4675081813931744,0.11538461538461539,0,0.0,0.0,0,0.0,0.0,0,0.0,0.0,102,15.895278167367927,0.6538461538461539,69,10.752688172043012,0.6153846153846154,11,1.714196665108306,0.2692307692307692,1,0.15583606046439147,0.038461538461538464,2,0.31167212092878294,0.07692307692307693,0,0.0,0.0,130,20.25868786037089,0.8076923076923077,274,42.69908056724326,0.7307692307692307,74,11.531868474364968,0.5384615384615384,71,11.064360292971793,0.8076923076923077,279,43.47826086956522,0.8461538461538461,30,4.675081813931744,0.38461538461538464,229,35.68645784634565,0.8461538461538461,88,13.713573320866448,0.7307692307692307
ep_333_whisperx_diarized.gender.host_guest,SPEAKER_01,HOST,female,1581,40,10,6.325110689437065,7,4.427577482605946,0,0.0,0.0,0,0.0,0.0,2,1.2650221378874131,0.05,0,0.0,0.0,0,0.0,0.0,0,0.0,0.0,0,0.0,0.0,12,7.590132827324478,0.2,6,3.795066413662239,0.125,2,1.2650221378874131,0.05,2,1.2650221378874131,0.05,0,0.0,0.0,10,6.325110689437065,0.25,38,24.035420619860847,0.525,41,25.932953826691968,0.35,12,7.590132827324478,0.1,5,3.1625553447185326,0.125,77,48.7033523086654,0.6,5,3.1625553447185326,0.125,86,54.39595192915876,0.6,17,10.752688172043012,0.2
ep_333_whisperx_diarized.gender.host_guest,SPEAKER_00,GUEST,male,6185,40,33,5.335489086499595,29,4.6887631366208575,1,0.16168148746968475,0.025,0,0.0,0.0,0,0.0,0.0,0,0.0,0.0,0,0.0,0.0,0,0.0,0.0,0,0.0,0.0,64,10.347615198059824,0.7,32,5.173807599029912,0.5,6,0.9700889248181083,0.15,0,0.0,0.0,2,0.3233629749393695,0.025,0,0.0,0.0,209,33.7914308811641,0.85,190,30.719482619240097,0.8,167,27.000808407437347,0.575,38,6.143896523848019,0.525,161,26.03071948261924,0.775,18,2.9102667744543247,0.3,272,43.97736459175424,0.95,50,8.084074373484237,0.4
ep_334_whisperx_diarized.gender.host_guest,SPEAKER_00,GUEST,male,6569,66,79,12.026183589587456,25,3.8057543005023597,2,0.30446034404018874,0.030303030303030304,0,0.0,0.0,0,0.0,0.0,0,0.0,0.0,0,0.0,0.0,0,0.0,0.0,0,0.0,0.0,114,17.354239610290758,0.5303030303030303,74,11.265032729486984,0.3939393939393939,16,2.43568275232151,0.21212121212121213,0,0.0,0.0,5,0.761150860100472,0.07575757575757576,0,0.0,0.0,208,31.66387578017963,0.7272727272727273,130,19.78992236261227,0.45454545454545453,124,18.876541330491705,0.5303030303030303,45,6.850357740904247,0.3939393939393939,202,30.750494748059065,0.6363636363636364,36,5.480286192723398,0.3181818181818182,209,31.816105952199727,0.7272727272727273,63,9.590500837265946,0.3939393939393939
ep_334_whisperx_diarized.gender.host_guest,SPEAKER_01,HOST,female,1462,65,5,3.4199726402188784,11,7.523939808481532,1,0.6839945280437756,0.015384615384615385,0,0.0,0.0,0,0.0,0.0,0,0.0,0.0,0,0.0,0.0,0,0.0,0.0,0,0.0,0.0,13,8.891928864569083,0.15384615384615385,4,2.7359781121751023,0.06153846153846154,7,4.7879616963064295,0.1076923076923077,3,2.0519835841313268,0.046153846153846156,1,0.6839945280437756,0.015384615384615385,8,5.471956224350205,0.12307692307692308,55,37.61969904240766,0.4153846153846154,19,12.995896032831737,0.12307692307692308,10,6.839945280437757,0.12307692307692308,4,2.7359781121751023,0.046153846153846156,51,34.883720930232556,0.4153846153846154,5,3.4199726402188784,0.07692307692307693,76,51.98358413132695,0.6461538461538462,12,8.207934336525307,0.12307692307692308
ep_335_whisperx_diarized.gender.host_guest,SPEAKER_00,GUEST,female,6113,52,113,18.4851954850319,105,17.176509079011943,1,0.16358580075249468,0.019230769230769232,0,0.0,0.0,0,0.0,0.0,2,0.32717160150498936,0.038461538461538464,0,0.0,0.0,0,0.0,0.0,0,0.0,0.0,162,26.500899721904137,0.6923076923076923,133,21.75691150008179,0.6923076923076923,39,6.379846229347293,0.40384615384615385,0,0.0,0.0,2,0.32717160150498936,0.038461538461538464,0,0.0,0.0,175,28.62751513168657,0.6346153846153846,420,68.70603631604777,0.75,37,6.052674627842303,0.3076923076923077,64,10.46949124815966,0.5769230769230769,205,33.535089154261414,0.5961538461538461,14,2.290201210534925,0.19230769230769232,309,50.548012432520856,0.8653846153846154,28,4.58040242106985,0.34615384615384615
ep_335_whisperx_diarized.gender.host_guest,SPEAKER_01,HOST,female,2162,51,18,8.325624421831638,24,11.100832562442182,3,1.3876040703052728,0.0392156862745098,0,0.0,0.0,0,0.0,0.0,0,0.0,0.0,0,0.0,0.0,0,0.0,0.0,1,0.46253469010175763,0.0196078431372549,29,13.41350601295097,0.3137254901960784,13,6.012950971322849,0.1568627450980392,7,3.2377428307123033,0.09803921568627451,1,0.46253469010175763,0.0196078431372549,0,0.0,0.0,8,3.700277520814061,0.1568627450980392,40,18.501387604070306,0.39215686274509803,37,17.113783533765034,0.29411764705882354,14,6.475485661424607,0.19607843137254902,12,5.550416281221091,0.17647058823529413,139,64.29232192414432,0.6470588235294118,13,6.012950971322849,0.21568627450980393,119,55.04162812210916,0.7647058823529411,18,8.325624421831638,0.17647058823529413
ep_336_whisperx_diarized.gender.host_guest,SPEAKER_01,HOST,female,3150,74,20,6.349206349206349,27,8.571428571428571,4,1.2698412698412698,0.02702702702702703,0,0.0,0.0,0,0.0,0.0,1,0.31746031746031744,0.013513513513513514,0,0.0,0.0,0,0.0,0.0,0,0.0,0.0,45,14.285714285714285,0.2702702702702703,30,9.523809523809526,0.24324324324324326,7,2.2222222222222223,0.08108108108108109,1,0.31746031746031744,0.013513513513513514,0,0.0,0.0,5,1.5873015873015872,0.06756756756756757,98,31.11111111111111,0.44594594594594594,124,39.36507936507937,0.36486486486486486,21,6.666666666666667,0.10810810810810811,18,5.714285714285714,0.20270270270270271,154,48.88888888888889,0.4189189189189189,12,3.8095238095238093,0.10810810810810811,198,62.85714285714286,0.5540540540540541,37,11.746031746031745,0.24324324324324326
ep_336_whisperx_diarized.gender.host_guest,SPEAKER_00,GUEST,female,8505,74,57,6.701940035273369,56,6.584362139917696,1,0.11757789535567313,0.013513513513513514,0,0.0,0.0,0,0.0,0.0,2,0.23515579071134626,0.02702702702702703,1,0.11757789535567313,0.013513513513513514,0,0.0,0.0,0,0.0,0.0,151,17.754262198706645,0.581081081081081,76,8.935920047031159,0.47297297297297297,14,1.646090534979424,0.14864864864864866,1,0.11757789535567313,0.013513513513513514,1,0.11757789535567313,0.013513513513513514,1,0.11757789535567313,0.013513513513513514,267,31.393298059964728,0.7837837837837838,396,46.56084656084656,0.7702702702702703,45,5.291005291005291,0.3108108108108108,149,17.519106407995295,0.581081081081081,241,28.336272780717227,0.7027027027027027,39,4.585537918871252,0.3918918918918919,380,44.67960023515579,0.7837837837837838,114,13.403880070546737,0.5405405405405406
ep_337_whisperx_diarized.gender.host_guest,SPEAKER_00,GUEST,male,9064,74,63,6.950573698146513,9,0.9929390997352161,0,0.0,0.0,4,0.441306266548985,0.04054054054054054,0,0.0,0.0,2,0.2206531332744925,0.02702702702702703,0,0.0,0.0,0,0.0,0.0,0,0.0,0.0,124,13.680494263018536,0.4864864864864865,36,3.9717563989408644,0.21621621621621623,0,0.0,0.0,0,0.0,0.0,2,0.2206531332744925,0.02702702702702703,1,0.11032656663724626,0.013513513513513514,306,33.75992939099736,0.6081081081081081,213,23.499558693733448,0.4864864864864865,41,4.523389232127096,0.24324324324324326,65,7.171226831421006,0.3108108108108108,442,48.76434245366284,0.6081081081081081,51,5.626654898499559,0.35135135135135137,244,26.919682259488084,0.581081081081081,132,14.563106796116505,0.5405405405405406
ep_337_whisperx_diarized.gender.host_guest,SPEAKER_01,HOST,female,1753,73,10,5.704506560182544,15,8.556759840273816,0,0.0,0.0,3,1.7113519680547633,0.0273972602739726,0,0.0,0.0,0,0.0,0.0,0,0.0,0.0,0,0.0,0.0,0,0.0,0.0,15,8.556759840273816,0.1643835616438356,6,3.4227039361095266,0.0821917808219178,6,3.4227039361095266,0.0821917808219178,1,0.5704506560182544,0.0136986301369863,2,1.1409013120365088,0.0273972602739726,8,4.563605248146035,0.1095890410958904,43,24.52937820878494,0.3835616438356164,23,13.12036508841985,0.1917808219178082,12,6.845407872219053,0.1095890410958904,14,7.986309184255562,0.1506849315068493,70,39.93154592127781,0.3972602739726027,19,10.838562464346834,0.1917808219178082,83,47.34740444951512,0.547945205479452,27,15.40216771249287,0.273972602739726
ep_338_whisperx_diarized.gender.host_guest,SPEAKER_00,GUEST,male,8386,113,76,9.062723586930598,63,7.512520868113523,1,0.11924636298592893,0.008849557522123894,1,0.11924636298592893,0.008849557522123894,2,0.23849272597185786,0.017699115044247787,4,0.4769854519437157,0.017699115044247787,1,0.11924636298592893,0.008849557522123894,1,0.11924636298592893,0.008849557522123894,0,0.0,0.0,148,17.64846172191748,0.504424778761062,104,12.401621750536608,0.4424778761061947,7,0.8347245409015025,0.04424778761061947,0,0.0,0.0,2,0.23849272597185786,0.017699115044247787,6,0.7154781779155737,0.05309734513274336,288,34.34295253994753,0.6814159292035398,271,32.31576436918674,0.6194690265486725,161,19.198664440734557,0.336283185840708,93,11.08991175769139,0.35398230088495575,242,28.8576198425948,0.5486725663716814,48,5.723825423324589,0.2743362831858407,344,41.02074886715955,0.7256637168141593,121,14.4288099212974,0.40707964601769914
ep_338_whisperx_diarized.gender.host_guest,SPEAKER_01,HOST,female,1616,112,5,3.094059405940594,11,6.806930693069307,3,1.8564356435643563,0.026785714285714284,0,0.0,0.0,0,0.0,0.0,0,0.0,0.0,1,0.6188118811881188,0.008928571428571428,0,0.0,0.0,0,0.0,0.0,14,8.663366336633665,0.09821428571428571,7,4.331683168316832,0.0625,5,3.094059405940594,0.026785714285714284,1,0.6188118811881188,0.008928571428571428,2,1.2376237623762376,0.017857142857142856,11,6.806930693069307,0.09821428571428571,42,25.990099009900987,0.21428571428571427,15,9.282178217821782,0.05357142857142857,14,8.663366336633665,0.08928571428571429,8,4.9504950495049505,0.0625,62,38.366336633663366,0.29464285714285715,8,4.9504950495049505,0.0625,95,58.78712871287129,0.5,26,16.08910891089109,0.15178571428571427
ep_339_whisperx_diarized.gender.host_guest,SPEAKER_00,HOST,female,3881,62,18,4.637979902087091,25,6.441638752898737,3,0.7729966503478485,0.04838709677419355,3,0.7729966503478485,0.03225806451612903,1,0.2576655501159495,0.016129032258064516,3,0.7729966503478485,0.04838709677419355,1,0.2576655501159495,0.016129032258064516,0,0.0,0.0,0,0.0,0.0,37,9.53362535429013,0.3225806451612903,22,5.668642102550889,0.1935483870967742,10,2.5766555011594954,0.12903225806451613,3,0.7729966503478485,0.04838709677419355,1,0.2576655501159495,0.016129032258064516,12,3.091986601391394,0.1935483870967742,132,34.01185261530534,0.6612903225806451,124,31.950528214377737,0.5,51,13.140943055913423,0.3225806451612903,42,10.821953104869879,0.3548387096774194,218,56.17108992527699,0.6612903225806451,14,3.607317701623293,0.16129032258064516,196,50.502447822726104,0.6774193548387096,65,16.74826075753672,0.45161290322580644
ep_339_whisperx_diarized.gender.host_guest,SPEAKER_01,GUEST,female,4823,61,24,4.976155919552146,25,5.183495749533486,1,0.20733982998133943,0.01639344262295082,3,0.6220194899440182,0.04918032786885246,1,0.20733982998133943,0.01639344262295082,2,0.41467965996267886,0.03278688524590164,0,0.0,0.0,0,0.0,0.0,1,0.20733982998133943,0.01639344262295082,67,13.891768608749741,0.5081967213114754,46,9.537632179141614,0.36065573770491804,4,0.8293593199253577,0.04918032786885246,3,0.6220194899440182,0.03278688524590164,2,0.41467965996267886,0.03278688524590164,0,0.0,0.0,158,32.75969313705163,0.6885245901639344,291,60.33589052456977,0.7377049180327869,15,3.110097449720091,0.16393442622950818,136,28.19821687746216,0.6557377049180327,103,21.35600248807796,0.47540983606557374,2,0.41467965996267886,0.03278688524590164,158,32.75969313705163,0.7540983606557377,53,10.989010989010989,0.4098360655737705
ep_340_whisperx_diarized.gender.host_guest,SPEAKER_01,GUEST,male,5086,88,108,21.234762092017302,50,9.830908375933936,2,0.39323633503735744,0.022727272727272728,1,0.19661816751867872,0.011363636363636364,0,0.0,0.0,0,0.0,0.0,0,0.0,0.0,0,0.0,0.0,0,0.0,0.0,138,27.133307117577665,0.5795454545454546,110,21.62799842705466,0.48863636363636365,13,2.5560361777428233,0.10227272727272728,0,0.0,0.0,0,0.0,0.0,0,0.0,0.0,149,29.29610696028313,0.5909090909090909,256,50.33425088478175,0.6136363636363636,82,16.122689736531655,0.375,123,24.184034604797482,0.5681818181818182,76,14.942980731419583,0.38636363636363635,15,2.949272512780181,0.1590909090909091,237,46.598505701926854,0.7272727272727273,26,5.112072355485647,0.2159090909090909
ep_340_whisperx_diarized.gender.host_guest,SPEAKER_00,HOST,female,1409,87,5,3.5486160397444992,5,3.5486160397444992,0,0.0,0.0,0,0.0,0.0,0,0.0,0.0,0,0.0,0.0,1,0.7097232079489,0.011494252873563218,0,0.0,0.0,0,0.0,0.0,18,12.7750177430802,0.14942528735632185,13,9.2264017033357,0.11494252873563218,1,0.7097232079489,0.011494252873563218,1,0.7097232079489,0.011494252873563218,0,0.0,0.0,17,12.065294535131299,0.19540229885057472,40,28.388928317955994,0.3448275862068966,18,12.7750177430802,0.12643678160919541,10,7.0972320794889985,0.08045977011494253,6,4.258339247693399,0.05747126436781609,85,60.3264726756565,0.47126436781609193,9,6.3875088715401,0.08045977011494253,83,58.907026259758695,0.42528735632183906,16,11.3555713271824,0.14942528735632185
ep_341_whisperx_diarized.gender.host_guest,SPEAKER_00,GUEST,female,10550,49,18,1.7061611374407584,38,3.6018957345971563,4,0.3791469194312796,0.04081632653061224,0,0.0,0.0,0,0.0,0.0,6,0.5687203791469194,0.08163265306122448,1,0.0947867298578199,0.02040816326530612,0,0.0,0.0,0,0.0,0.0,118,11.18483412322275,0.5918367346938775,31,2.9383886255924168,0.3877551020408163,21,1.9905213270142181,0.32653061224489793,0,0.0,0.0,7,0.6635071090047393,0.12244897959183673,1,0.0947867298578199,0.02040816326530612,295,27.962085308056874,0.8163265306122449,155,14.691943127962086,0.7346938775510204,109,10.33175355450237,0.673469387755102,38,3.6018957345971563,0.42857142857142855,307,29.09952606635071,0.7755102040816326,61,5.781990521327015,0.5102040816326531,224,21.232227488151658,0.7346938775510204,315,29.85781990521327,0.7959183673469388
ep_341_whisperx_diarized.gender.host_guest,SPEAKER_01,HOST,female,2090,48,5,2.3923444976076556,8,3.827751196172249,3,1.4354066985645932,0.041666666666666664,0,0.0,0.0,0,0.0,0.0,0,0.0,0.0,0,0.0,0.0,0,0.0,0.0,0,0.0,0.0,12,5.741626794258373,0.16666666666666666,4,1.9138755980861244,0.0625,2,0.9569377990430622,0.041666666666666664,1,0.4784688995215311,0.020833333333333332,2,0.9569377990430622,0.041666666666666664,10,4.784688995215311,0.20833333333333334,45,21.5311004784689,0.4583333333333333,11,5.263157894736842,0.1875,34,16.267942583732058,0.3333333333333333,6,2.8708133971291865,0.125,44,21.052631578947366,0.3958333333333333,4,1.9138755980861244,0.0625,85,40.66985645933014,0.5208333333333334,61,29.186602870813395,0.3541666666666667
ep_342_whisperx_diarized.gender.host_guest,SPEAKER_01,HOST,female,1012,35,9,8.893280632411068,4,3.952569169960474,1,0.9881422924901185,0.02857142857142857,1,0.9881422924901185,0.02857142857142857,0,0.0,0.0,0,0.0,0.0,0,0.0,0.0,0,0.0,0.0,0,0.0,0.0,14,13.83399209486166,0.2857142857142857,4,3.952569169960474,0.11428571428571428,0,0.0,0.0,0,0.0,0.0,0,0.0,0.0,10,9.881422924901186,0.2857142857142857,15,14.822134387351777,0.34285714285714286,1,0.9881422924901185,0.02857142857142857,28,27.66798418972332,0.34285714285714286,3,2.9644268774703555,0.08571428571428572,16,15.810276679841897,0.3142857142857143,4,3.952569169960474,0.11428571428571428,62,61.26482213438735,0.7142857142857143,7,6.91699604743083,0.14285714285714285
ep_342_whisperx_diarized.gender.host_guest,SPEAKER_00,GUEST,male,9079,35,39,4.295627271725961,26,2.863751514483974,2,0.2202885780372288,0.05714285714285714,0,0.0,0.0,0,0.0,0.0,4,0.4405771560744576,0.08571428571428572,0,0.0,0.0,0,0.0,0.0,0,0.0,0.0,58,6.388368763079634,0.5714285714285714,7,0.7710100231303006,0.14285714285714285,12,1.3217314682233727,0.2857142857142857,1,0.1101442890186144,0.02857142857142857,0,0.0,0.0,0,0.0,0.0,275,30.289679480118956,0.7428571428571429,69,7.599955942284392,0.5142857142857142,279,30.730256636193413,0.7714285714285715,8,0.8811543121489152,0.17142857142857143,197,21.698424936667035,0.7428571428571429,19,2.0927414913536735,0.37142857142857144,205,22.57957924881595,0.8571428571428571,71,7.820244520321621,0.5142857142857142
ep_343_whisperx_diarized.gender.host_guest,SPEAKER_00,GUEST,female,6876,50,49,7.126236183827807,29,4.217568353694007,2,0.29086678301337987,0.04,0,0.0,0.0,1,0.14543339150668994,0.02,9,1.3089005235602096,0.1,0,0.0,0.0,0,0.0,0.0,0,0.0,0.0,77,11.198371146015125,0.58,9,1.3089005235602096,0.16,11,1.5997673065735891,0.18,0,0.0,0.0,0,0.0,0.0,2,0.29086678301337987,0.04,265,38.539848749272835,0.86,78,11.343804537521814,0.4,136,19.77894124490983,0.5,9,1.3089005235602096,0.12,295,42.90285049447353,0.8,19,2.763234438627109,0.26,248,36.067481093659104,0.82,142,20.651541593949972,0.7
ep_343_whisperx_diarized.gender.host_guest,SPEAKER_01,HOST,female,1688,49,7,4.146919431279621,10,5.924170616113743,0,0.0,0.0,0,0.0,0.0,0,0.0,0.0,0,0.0,0.0,0,0.0,0.0,0,0.0,0.0,0,0.0,0.0,16,9.47867298578199,0.24489795918367346,6,3.554502369668246,0.10204081632653061,2,1.1848341232227488,0.04081632653061224,2,1.1848341232227488,0.04081632653061224,1,0.5924170616113744,0.02040816326530612,14,8.293838862559243,0.2857142857142857,40,23.696682464454973,0.3877551020408163,19,11.255924170616113,0.16326530612244897,16,9.47867298578199,0.20408163265306123,7,4.146919431279621,0.14285714285714285,60,35.54502369668246,0.4489795918367347,3,1.777251184834123,0.061224489795918366,70,41.469194312796205,0.5918367346938775,30,17.77251184834123,0.4489795918367347
ep_344_whisperx_diarized.gender.host_guest,SPEAKER_01,GUEST,female,5788,38,58,10.020732550103663,9,1.5549412577747064,1,0.17277125086385625,0.02631578947368421,0,0.0,0.0,0,0.0,0.0,0,0.0,0.0,0,0.0,0.0,0,0.0,0.0,0,0.0,0.0,135,23.324118866620594,0.7368421052631579,47,8.120248790601245,0.5526315789473685,2,0.3455425017277125,0.05263157894736842,0,0.0,0.0,1,0.17277125086385625,0.02631578947368421,0,0.0,0.0,169,29.198341395991708,0.7368421052631579,111,19.177608845888045,0.6052631578947368,76,13.130615065653075,0.6052631578947368,28,4.8375950241879755,0.42105263157894735,165,28.507256392536284,0.7631578947368421,22,3.8009675190048373,0.39473684210526316,219,37.83690393918452,0.868421052631579,96,16.5860400829302,0.631578947368421
ep_344_whisperx_diarized.gender.host_guest,SPEAKER_00,HOST,female,1500,37,6,4.0,3,2.0,2,1.3333333333333333,0.05405405405405406,0,0.0,0.0,0,0.0,0.0,0,0.0,0.0,0,0.0,0.0,0,0.0,0.0,0,0.0,0.0,17,11.333333333333334,0.35135135135135137,9,6.0,0.1891891891891892,0,0.0,0.0,3,2.0,0.08108108108108109,2,1.3333333333333333,0.05405405405405406,10,6.666666666666667,0.2702702702702703,38,25.333333333333332,0.5675675675675675,10,6.666666666666667,0.13513513513513514,15,10.0,0.35135135135135137,3,2.0,0.05405405405405406,61,40.666666666666664,0.6486486486486487,5,3.3333333333333335,0.13513513513513514,49,32.666666666666664,0.5945945945945946,24,16.0,0.2972972972972973
ep_345_whisperx_diarized.gender.host_guest,SPEAKER_01,GUEST,male,9119,138,67,7.347296852725079,22,2.4125452352231602,1,0.10966114705559821,0.007246376811594203,0,0.0,0.0,0,0.0,0.0,1,0.10966114705559821,0.007246376811594203,0,0.0,0.0,0,0.0,0.0,0,0.0,0.0,96,10.527470117337426,0.36231884057971014,13,1.4255949117227766,0.08695652173913043,7,0.7676280293891874,0.036231884057971016,0,0.0,0.0,1,0.10966114705559821,0.007246376811594203,0,0.0,0.0,354,38.820046057681765,0.6376811594202898,60,6.579668823335892,0.1956521739130435,172,18.86171729356289,0.39855072463768115,17,1.8642394999451695,0.11594202898550725,330,36.18817852834741,0.5942028985507246,36,3.947801294001535,0.2028985507246377,226,24.783419234565194,0.5144927536231884,208,22.809518587564426,0.5
ep_345_whisperx_diarized.gender.host_guest,SPEAKER_00,HOST,female,2254,137,15,6.654835847382431,13,5.767524401064774,0,0.0,0.0,0,0.0,0.0,0,0.0,0.0,0,0.0,0.0,0,0.0,0.0,0,0.0,0.0,0,0.0,0.0,22,9.760425909494232,0.13138686131386862,1,0.4436557231588288,0.0072992700729927005,6,2.6619343389529724,0.043795620437956206,0,0.0,0.0,1,0.4436557231588288,0.0072992700729927005,21,9.316770186335404,0.15328467153284672,72,31.943212067435667,0.40875912408759124,30,13.309671694764862,0.10948905109489052,20,8.873114463176575,0.072992700729927,8,3.5492457852706303,0.051094890510948905,83,36.82342502218278,0.34306569343065696,8,3.5492457852706303,0.058394160583941604,85,37.71073646850044,0.40875912408759124,46,20.408163265306122,0.22627737226277372
ep_346_whisperx_diarized.gender.host_guest,SPEAKER_01,GUEST,female,4091,41,42,10.266438523588365,57,13.933023710584209,1,0.24443901246638963,0.024390243902439025,0,0.0,0.0,0,0.0,0.0,0,0.0,0.0,0,0.0,0.0,0,0.0,0.0,1,0.24443901246638963,0.024390243902439025,80,19.55512099731117,0.6341463414634146,54,13.199706673185041,0.5609756097560976,10,2.4443901246638964,0.17073170731707318,1,0.24443901246638963,0.024390243902439025,1,0.24443901246638963,0.024390243902439025,0,0.0,0.0,144,35.19921779516011,0.8536585365853658,193,47.1767294060132,0.7804878048780488,52,12.710828648252262,0.34146341463414637,51,12.466389635785871,0.6585365853658537,127,31.043754583231483,0.7317073170731707,11,2.688829137130286,0.1951219512195122,254,62.087509166462965,0.926829268292683,40,9.777560498655586,0.4634146341463415
ep_346_whisperx_diarized.gender.host_guest,SPEAKER_00,HOST,female,1506,41,15,9.9601593625498,9,5.9760956175298805,2,1.3280212483399734,0.04878048780487805,2,1.3280212483399734,0.024390243902439025,0,0.0,0.0,1,0.6640106241699867,0.024390243902439025,0,0.0,0.0,1,0.6640106241699867,0.024390243902439025,0,0.0,0.0,30,19.9203187250996,0.5121951219512195,20,13.280212483399735,0.36585365853658536,3,1.9920318725099602,0.07317073170731707,1,0.6640106241699867,0.024390243902439025,0,0.0,0.0,16,10.624169986719787,0.3902439024390244,32,21.248339973439574,0.5121951219512195,19,12.616201859229747,0.2682926829268293,7,4.648074369189907,0.12195121951219512,4,2.6560424966799467,0.0975609756097561,131,86.98539176626826,0.9024390243902439,15,9.9601593625498,0.2682926829268293,76,50.46480743691899,0.6829268292682927,24,15.936254980079681,0.36585365853658536
ep_347_whisperx_diarized.gender.host_guest,SPEAKER_00,GUEST,female,9477,102,27,2.849002849002849,103,10.868418275825682,1,0.10551862403714256,0.00980392156862745,3,0.31655587211142766,0.0196078431372549,2,0.21103724807428512,0.0196078431372549,2,0.21103724807428512,0.0196078431372549,4,0.42207449614857023,0.0392156862745098,1,0.10551862403714256,0.00980392156862745,0,0.0,0.0,120,12.662234884457106,0.47058823529411764,81,8.547008547008549,0.38235294117647056,22,2.3214097288171365,0.12745098039215685,1,0.10551862403714256,0.00980392156862745,1,0.10551862403714256,0.00980392156862745,3,0.31655587211142766,0.029411764705882353,278,29.33417748232563,0.6568627450980392,577,60.884246069431256,0.6862745098039216,75,7.913896802785692,0.22549019607843138,127,13.400865252717104,0.47058823529411764,209,22.053392423762794,0.5196078431372549,14,1.477260736519996,0.08823529411764706,748,78.92793077978263,0.7647058823529411,110,11.607048644085681,0.4215686274509804
ep_347_whisperx_diarized.gender.host_guest,SPEAKER_01,HOST,female,3784,102,15,3.964059196617336,28,7.399577167019027,3,0.7928118393234672,0.029411764705882353,0,0.0,0.0,1,0.2642706131078224,0.00980392156862745,1,0.2642706131078224,0.00980392156862745,0,0.0,0.0,1,0.2642706131078224,0.00980392156862745,0,0.0,0.0,39,10.306553911205075,0.28431372549019607,20,5.2854122621564485,0.16666666666666666,8,2.1141649048625792,0.0784313725490196,2,0.5285412262156448,0.0196078431372549,0,0.0,0.0,12,3.171247357293869,0.11764705882352941,108,28.54122621564482,0.5,137,36.20507399577167,0.4411764705882353,26,6.871035940803383,0.18627450980392157,30,7.928118393234672,0.18627450980392157,204,53.911205073995774,0.6764705882352942,25,6.606765327695561,0.19607843137254902,294,77.6955602536998,0.696078431372549,49,12.949260042283298,0.3235294117647059
ep_348_whisperx_diarized.gender.host_guest,SPEAKER_00,GUEST,male,9685,73,75,7.743933918430563,42,4.336602994321115,7,0.7227671657201858,0.0821917808219178,2,0.20650490449148168,0.0273972602739726,0,0.0,0.0,9,0.9292720702116675,0.0821917808219178,2,0.20650490449148168,0.0273972602739726,0,0.0,0.0,0,0.0,0.0,148,15.281362932369642,0.6027397260273972,102,10.531750129065564,0.547945205479452,14,1.4455343314403717,0.1780821917808219,0,0.0,0.0,2,0.20650490449148168,0.0136986301369863,1,0.10325245224574084,0.0136986301369863,278,28.704181724315955,0.8082191780821918,517,53.38151781104801,0.7808219178082192,81,8.363448631905008,0.3835616438356164,151,15.591120289106867,0.6712328767123288,218,22.509034589571502,0.684931506849315,46,4.749612803304078,0.410958904109589,327,33.763551884357256,0.7671232876712328,136,14.042333505420755,0.589041095890411
ep_348_whisperx_diarized.gender.host_guest,SPEAKER_01,HOST,female,1439,72,2,1.389854065323141,10,6.949270326615705,1,0.6949270326615705,0.013888888888888888,0,0.0,0.0,0,0.0,0.0,2,1.389854065323141,0.027777777777777776,0,0.0,0.0,1,0.6949270326615705,0.013888888888888888,0,0.0,0.0,8,5.559416261292564,0.1111111111111111,8,5.559416261292564,0.1111111111111111,0,0.0,0.0,1,0.6949270326615705,0.013888888888888888,0,0.0,0.0,14,9.728978457261988,0.19444444444444445,32,22.237665045170257,0.3888888888888889,13,9.034051424600417,0.125,10,6.949270326615705,0.08333333333333333,9,6.254343293954135,0.1111111111111111,88,61.153578874218205,0.5138888888888888,8,5.559416261292564,0.1111111111111111,75,52.11952744961779,0.5138888888888888,31,21.542738012508686,0.3194444444444444
ep_349_whisperx_diarized.gender.host_guest,SPEAKER_00,GUEST,female,9833,75,152,15.458151123766909,50,5.084918132818062,3,0.3050950879690837,0.04,2,0.20339672531272246,0.02666666666666667,1,0.10169836265636123,0.013333333333333334,4,0.4067934506254449,0.04,1,0.10169836265636123,0.013333333333333334,0,0.0,0.0,0,0.0,0.0,200,20.33967253127225,0.6,138,14.03437404657785,0.56,25,2.542459066409031,0.24,2,0.20339672531272246,0.013333333333333334,0,0.0,0.0,0,0.0,0.0,325,33.0519678633174,0.6266666666666667,538,54.713719109122344,0.7333333333333333,113,11.49191498016882,0.36,158,16.06834129970507,0.6933333333333334,288,29.289128445032038,0.5866666666666667,26,2.644157429065392,0.22666666666666666,388,39.458964710668155,0.7733333333333333,68,6.915488660632564,0.41333333333333333
ep_349_whisperx_diarized.gender.host_guest,SPEAKER_01,HOST,female,2452,75,21,8.564437194127244,14,5.709624796084829,5,2.039151712887439,0.02666666666666667,0,0.0,0.0,0,0.0,0.0,1,0.4078303425774878,0.013333333333333334,3,1.223491027732463,0.02666666666666667,1,0.4078303425774878,0.013333333333333334,0,0.0,0.0,36,14.68189233278956,0.30666666666666664,23,9.380097879282218,0.2,3,1.223491027732463,0.04,0,0.0,0.0,0,0.0,0.0,9,3.67047308319739,0.12,61,24.87765089722675,0.4666666666666667,58,23.65415986949429,0.3466666666666667,17,6.9331158238172925,0.17333333333333334,16,6.525285481239805,0.2,128,52.20228384991844,0.5866666666666667,15,6.117455138662317,0.17333333333333334,152,61.99021207177814,0.6666666666666666,19,7.748776508972267,0.18666666666666668
ep_350_whisperx_diarized.gender.host_guest,SPEAKER_01,GUEST,female,8394,88,70,8.339289969025495,44,5.24183940910174,2,0.23826542768644268,0.011363636363636364,1,0.11913271384322134,0.011363636363636364,0,0.0,0.0,1,0.11913271384322134,0.011363636363636364,1,0.11913271384322134,0.011363636363636364,0,0.0,0.0,0,0.0,0.0,112,13.34286395044079,0.5340909090909091,92,10.960209673576363,0.4659090909090909,28,3.3357159876101976,0.18181818181818182,0,0.0,0.0,0,0.0,0.0,1,0.11913271384322134,0.011363636363636364,254,30.25970931617822,0.6818181818181818,538,64.09340004765309,0.7386363636363636,66,7.862759113652609,0.23863636363636365,117,13.938527519656898,0.5681818181818182,160,19.061234214915416,0.48863636363636365,19,2.2635215630212056,0.1590909090909091,403,48.010483678818204,0.7386363636363636,101,12.032404098165356,0.48863636363636365
ep_350_whisperx_diarized.gender.host_guest,SPEAKER_00,HOST,female,2768,87,13,4.696531791907515,15,5.41907514450867,1,0.361271676300578,0.011494252873563218,0,0.0,0.0,0,0.0,0.0,0,0.0,0.0,1,0.361271676300578,0.011494252873563218,0,0.0,0.0,0,0.0,0.0,26,9.39306358381503,0.13793103448275862,16,5.780346820809248,0.09195402298850575,2,0.722543352601156,0.022988505747126436,1,0.361271676300578,0.011494252873563218,0,0.0,0.0,8,2.890173410404624,0.09195402298850575,88,31.791907514450866,0.4942528735632184,83,29.985549132947977,0.26436781609195403,20,7.22543352601156,0.13793103448275862,20,7.22543352601156,0.1839080459770115,165,59.60982658959538,0.6551724137931034,14,5.057803468208093,0.14942528735632185,180,65.02890173410404,0.5862068965517241,34,12.283236994219655,0.27586206896551724
ep_351_whisperx_diarized.gender.host_guest,SPEAKER_00,GUEST,female,14074,41,28,1.9894841551797642,12,0.8526360665056132,0,0.0,0.0,0,0.0,0.0,0,0.0,0.0,4,0.28421202216853775,0.07317073170731707,3,0.2131590166264033,0.04878048780487805,0,0.0,0.0,0,0.0,0.0,149,10.586897825778031,0.5609756097560976,32,2.273696177348302,0.2682926829268293,5,0.35526502771067214,0.12195121951219512,2,0.14210601108426887,0.024390243902439025,12,0.8526360665056132,0.14634146341463414,0,0.0,0.0,345,24.513286912036378,0.9512195121951219,263,18.686940457581358,0.5853658536585366,151,10.729003836862299,0.7560975609756098,39,2.771067216143243,0.36585365853658536,730,51.86869404575813,0.9024390243902439,98,6.963194543129174,0.6829268292682927,437,31.050163421912746,0.8536585365853658,187,13.286912036379139,0.6829268292682927
ep_351_whisperx_diarized.gender.host_guest,SPEAKER_01,HOST,female,1136,40,6,5.28169014084507,2,1.7605633802816902,6,5.28169014084507,0.1,0,0.0,0.0,0,0.0,0.0,0,0.0,0.0,1,0.8802816901408451,0.025,0,0.0,0.0,0,0.0,0.0,13,11.443661971830986,0.225,5,4.401408450704226,0.075,0,0.0,0.0,0,0.0,0.0,0,0.0,0.0,13,11.443661971830986,0.325,38,33.45070422535211,0.65,6,5.28169014084507,0.15,22,19.36619718309859,0.375,3,2.640845070422535,0.075,35,30.80985915492958,0.55,5,4.401408450704226,0.125,66,58.098591549295776,0.775,11,9.683098591549294,0.175
ep_352_whisperx_diarized.gender.host_guest,SPEAKER_00,GUEST,female,6676,53,85,12.732174955062911,32,4.793289394847214,3,0.4493708807669263,0.05660377358490566,0,0.0,0.0,0,0.0,0.0,2,0.2995805871779509,0.03773584905660377,1,0.14979029358897544,0.018867924528301886,0,0.0,0.0,0,0.0,0.0,167,25.014979029358898,0.660377358490566,88,13.181545835829839,0.5660377358490566,6,0.8987417615338525,0.07547169811320754,0,0.0,0.0,2,0.2995805871779509,0.03773584905660377,0,0.0,0.0,119,17.825044937088077,0.6981132075471698,246,36.84841222288796,0.7735849056603774,205,30.707010185739964,0.49056603773584906,43,6.440982624325944,0.5094339622641509,181,27.112043139604552,0.5849056603773585,19,2.846015578190533,0.3018867924528302,295,44.188136608747755,0.7924528301886793,67,10.035949670461354,0.5094339622641509
ep_352_whisperx_diarized.gender.host_guest,SPEAKER_01,HOST,female,3503,52,10,2.8546959748786755,19,5.423922352269483,7,1.9982871824150727,0.057692307692307696,1,0.28546959748786754,0.019230769230769232,0,0.0,0.0,1,0.28546959748786754,0.019230769230769232,1,0.28546959748786754,0.019230769230769232,0,0.0,0.0,0,0.0,0.0,36,10.276905509563232,0.4230769230769231,15,4.282043962318013,0.19230769230769232,5,1.4273479874393378,0.09615384615384616,2,0.5709391949757351,0.038461538461538464,1,0.28546959748786754,0.019230769230769232,7,1.9982871824150727,0.1346153846153846,76,21.695689409077932,0.5769230769230769,70,19.98287182415073,0.5,112,31.972594918641164,0.5,36,10.276905509563232,0.36538461538461536,143,40.82215244076506,0.7307692307692307,14,3.9965743648301455,0.23076923076923078,168,47.958892377961746,0.7692307692307693,52,14.844419069369112,0.40384615384615385
ep_353_whisperx_diarized.gender.host_guest,SPEAKER_00,GUEST,female,5937,33,16,2.69496378642412,17,2.8633990230756274,5,0.8421761832575374,0.09090909090909091,1,0.1684352366515075,0.030303030303030304,0,0.0,0.0,0,0.0,0.0,3,0.5053057099545225,0.09090909090909091,1,0.1684352366515075,0.030303030303030304,0,0.0,0.0,74,12.464207512211555,0.6363636363636364,41,6.905844702711808,0.5757575757575758,3,0.5053057099545225,0.09090909090909091,0,0.0,0.0,1,0.1684352366515075,0.030303030303030304,1,0.1684352366515075,0.030303030303030304,161,27.11807310089271,0.8181818181818182,276,46.48812531581606,0.8181818181818182,108,18.19100555836281,0.7575757575757576,85,14.316995115378136,0.7575757575757576,157,26.444332154286677,0.8181818181818182,20,3.3687047330301496,0.30303030303030304,202,34.02391780360452,0.9090909090909091,34,5.726798046151255,0.45454545454545453
ep_353_whisperx_diarized.gender.host_guest,SPEAKER_01,HOST,female,1025,32,1,0.975609756097561,8,7.804878048780488,3,2.926829268292683,0.0625,0,0.0,0.0,0,0.0,0.0,1,0.975609756097561,0.03125,1,0.975609756097561,0.03125,5,4.878048780487805,0.09375,0,0.0,0.0,16,15.609756097560975,0.34375,12,11.707317073170731,0.28125,1,0.975609756097561,0.03125,0,0.0,0.0,0,0.0,0.0,10,9.75609756097561,0.3125,39,38.048780487804876,0.65625,4,3.902439024390244,0.09375,36,35.1219512195122,0.59375,4,3.902439024390244,0.125,73,71.21951219512195,0.8125,5,4.878048780487805,0.125,40,39.02439024390244,0.625,6,5.853658536585366,0.1875
ep_354_whisperx_diarized.gender.host_guest,SPEAKER_01,HOST,female,2326,43,10,4.299226139294927,18,7.738607050730868,3,1.2897678417884781,0.046511627906976744,0,0.0,0.0,0,0.0,0.0,0,0.0,0.0,0,0.0,0.0,0,0.0,0.0,0,0.0,0.0,34,14.617368873602752,0.5348837209302325,23,9.888220120378332,0.3953488372093023,1,0.4299226139294927,0.023255813953488372,1,0.4299226139294927,0.023255813953488372,7,3.0094582975064488,0.13953488372093023,9,3.869303525365434,0.20930232558139536,66,28.374892519346517,0.7906976744186046,52,22.35597592433362,0.5116279069767442,16,6.878761822871883,0.3023255813953488,11,4.729148753224419,0.18604651162790697,165,70.9372312983663,0.9302325581395349,5,2.1496130696474633,0.09302325581395349,97,41.70249355116079,0.7906976744186046,13,5.588993981083405,0.18604651162790697
ep_354_whisperx_diarized.gender.host_guest,SPEAKER_00,GUEST,female,6625,43,49,7.39622641509434,47,7.09433962264151,3,0.4528301886792453,0.06976744186046512,0,0.0,0.0,0,0.0,0.0,0,0.0,0.0,1,0.15094339622641512,0.023255813953488372,0,0.0,0.0,0,0.0,0.0,89,13.433962264150944,0.7441860465116279,52,7.849056603773585,0.5348837209302325,18,2.716981132075472,0.37209302325581395,0,0.0,0.0,1,0.15094339622641512,0.023255813953488372,0,0.0,0.0,224,33.81132075471698,0.8372093023255814,265,40.0,0.7674418604651163,183,27.622641509433965,0.5348837209302325,44,6.641509433962264,0.4883720930232558,162,24.452830188679243,0.7441860465116279,9,1.358490566037736,0.16279069767441862,304,45.886792452830186,0.9069767441860465,38,5.735849056603773,0.46511627906976744
ep_355_whisperx_diarized.gender.host_guest,SPEAKER_01,HOST,female,1983,40,15,7.564296520423601,11,5.547150781643974,6,3.0257186081694405,0.125,0,0.0,0.0,1,0.5042864346949067,0.025,0,0.0,0.0,0,0.0,0.0,0,0.0,0.0,0,0.0,0.0,29,14.624306606152295,0.425,17,8.572869389813414,0.325,2,1.0085728693898135,0.05,0,0.0,0.0,2,1.0085728693898135,0.05,10,5.042864346949067,0.25,59,29.752899646999495,0.675,35,17.650025214321733,0.25,28,14.120020171457387,0.375,25,12.607160867372668,0.375,131,66.06152294503278,0.775,7,3.530005042864347,0.175,79,39.83862834089763,0.65,16,8.068582955118508,0.275
ep_355_whisperx_diarized.gender.host_guest,SPEAKER_00,GUEST,female,8199,39,87,10.611050128064399,82,10.001219660934261,3,0.3658982802780827,0.07692307692307693,1,0.12196609342602757,0.02564102564102564,0,0.0,0.0,1,0.12196609342602757,0.02564102564102564,0,0.0,0.0,0,0.0,0.0,0,0.0,0.0,119,14.51396511769728,0.6923076923076923,77,9.391389193804121,0.6923076923076923,12,1.4635931211123308,0.2564102564102564,1,0.12196609342602757,0.02564102564102564,2,0.24393218685205514,0.05128205128205128,0,0.0,0.0,281,34.27247225271375,0.8461538461538461,482,58.78765703134529,0.8461538461538461,50,6.098304671301378,0.41025641025641024,101,12.318575436028784,0.7435897435897436,152,18.53884620075619,0.6923076923076923,17,2.0734235882424685,0.3333333333333333,517,63.05647030125625,0.8974358974358975,127,15.4896938651055,0.8205128205128205
ep_356_whisperx_diarized.gender.host_guest,SPEAKER_00,HOST,female,2544,52,18,7.0754716981132075,15,5.89622641509434,3,1.1792452830188678,0.038461538461538464,0,0.0,0.0,0,0.0,0.0,1,0.39308176100628933,0.019230769230769232,0,0.0,0.0,0,0.0,0.0,0,0.0,0.0,37,14.544025157232705,0.4230769230769231,28,11.0062893081761,0.38461538461538464,3,1.1792452830188678,0.057692307692307696,2,0.7861635220125787,0.038461538461538464,3,1.1792452830188678,0.038461538461538464,5,1.9654088050314464,0.09615384615384616,63,24.764150943396228,0.5576923076923077,55,21.61949685534591,0.36538461538461536,29,11.39937106918239,0.23076923076923078,15,5.89622641509434,0.23076923076923078,186,73.11320754716981,0.7884615384615384,6,2.3584905660377355,0.09615384615384616,106,41.666666666666664,0.5576923076923077,31,12.185534591194969,0.3076923076923077
ep_356_whisperx_diarized.gender.host_guest,SPEAKER_01,GUEST,female,8026,52,81,10.092200348866186,79,9.843010216795415,7,0.872165462247695,0.07692307692307693,7,0.872165462247695,0.057692307692307696,0,0.0,0.0,1,0.124595066035385,0.019230769230769232,1,0.124595066035385,0.019230769230769232,0,0.0,0.0,0,0.0,0.0,148,18.44006977323698,0.6538461538461539,100,12.459506603538498,0.5769230769230769,16,1.99352105656616,0.23076923076923078,1,0.124595066035385,0.019230769230769232,4,0.49838026414154,0.057692307692307696,0,0.0,0.0,279,34.762023423872414,0.8076923076923077,444,55.32020931971094,0.8076923076923077,77,9.593820084724646,0.4423076923076923,114,14.20383752803389,0.6923076923076923,215,26.787939197607773,0.7692307692307693,35,4.3608273112384754,0.40384615384615385,227,28.283079990032395,0.7307692307692307,140,17.443309244953902,0.6538461538461539
ep_357_whisperx_diarized.gender.host_guest,SPEAKER_01,HOST,female,1806,72,7,3.875968992248062,11,6.090808416389812,6,3.3222591362126246,0.013888888888888888,0,0.0,0.0,1,0.5537098560354374,0.013888888888888888,0,0.0,0.0,0,0.0,0.0,0,0.0,0.0,0,0.0,0.0,18,9.966777408637872,0.18055555555555555,8,4.4296788482834994,0.08333333333333333,4,2.2148394241417497,0.05555555555555555,2,1.1074197120708749,0.027777777777777776,2,1.1074197120708749,0.027777777777777776,18,9.966777408637872,0.25,75,41.52823920265781,0.5972222222222222,21,11.627906976744185,0.18055555555555555,15,8.305647840531561,0.1388888888888889,19,10.520487264673312,0.2222222222222222,133,73.64341085271319,0.6944444444444444,15,8.305647840531561,0.16666666666666666,98,54.263565891472865,0.6111111111111112,22,12.181616832779625,0.16666666666666666
ep_357_whisperx_diarized.gender.host_guest,SPEAKER_00,GUEST,female,5141,71,20,3.890293717175647,8,1.5561174868702585,2,0.38902937171756463,0.028169014084507043,0,0.0,0.0,0,0.0,0.0,0,0.0,0.0,0,0.0,0.0,0,0.0,0.0,0,0.0,0.0,45,8.753160863645205,0.30985915492957744,27,5.251896518187123,0.2112676056338028,7,1.3616028010114762,0.07042253521126761,0,0.0,0.0,4,0.7780587434351293,0.028169014084507043,2,0.38902937171756463,0.028169014084507043,192,37.346819684886206,0.6197183098591549,271,52.713479867730015,0.7323943661971831,74,14.394086753549892,0.3380281690140845,130,25.286909161641702,0.6056338028169014,65,12.643454580820851,0.323943661971831,13,2.5286909161641704,0.15492957746478872,158,30.73332036568761,0.6619718309859155,61,11.865395837385723,0.352112676056338
ep_358_whisperx_diarized.gender.host_guest,SPEAKER_01,GUEST,female,8254,49,55,6.663435909861885,72,8.723043372910103,7,0.848073661255149,0.08163265306122448,4,0.484613520717228,0.04081632653061224,1,0.121153380179307,0.02040816326530612,1,0.121153380179307,0.02040816326530612,0,0.0,0.0,1,0.121153380179307,0.02040816326530612,0,0.0,0.0,120,14.53840562151684,0.6122448979591837,76,9.207656893627332,0.5510204081632653,14,1.696147322510298,0.2653061224489796,1,0.121153380179307,0.02040816326530612,3,0.36346014053792103,0.061224489795918366,0,0.0,0.0,279,33.801793070026655,0.6530612244897959,477,57.79016234552944,0.7346938775510204,86,10.419190695420403,0.40816326530612246,119,14.417252241337534,0.6530612244897959,249,30.167191664647444,0.7346938775510204,24,2.9076811243033682,0.30612244897959184,531,64.33244487521202,0.8775510204081632,106,12.842258299006541,0.6326530612244898
ep_358_whisperx_diarized.gender.host_guest,SPEAKER_00,HOST,female,1309,49,14,10.695187165775401,3,2.291825821237586,5,3.8197097020626436,0.08163265306122448,0,0.0,0.0,0,0.0,0.0,0,0.0,0.0,0,0.0,0.0,0,0.0,0.0,0,0.0,0.0,19,14.514896867838043,0.22448979591836735,13,9.931245225362872,0.20408163265306123,1,0.7639419404125286,0.02040816326530612,1,0.7639419404125286,0.02040816326530612,3,2.291825821237586,0.04081632653061224,5,3.8197097020626436,0.10204081632653061,43,32.84950343773873,0.46938775510204084,22,16.80672268907563,0.32653061224489793,20,15.278838808250574,0.2653061224489796,14,10.695187165775401,0.22448979591836735,84,64.1711229946524,0.5510204081632653,8,6.111535523300229,0.14285714285714285,86,65.69900687547747,0.6530612244897959,17,12.987012987012989,0.2653061224489796
ep_359_whisperx_diarized.gender.host_guest,SPEAKER_01,HOST,female,1580,50,12,7.594936708860759,7,4.4303797468354436,4,2.5316455696202533,0.06,0,0.0,0.0,0,0.0,0.0,1,0.6329113924050633,0.02,0,0.0,0.0,1,0.6329113924050633,0.02,0,0.0,0.0,25,15.822784810126583,0.28,17,10.759493670886076,0.24,0,0.0,0.0,4,2.5316455696202533,0.08,2,1.2658227848101267,0.04,8,5.063291139240507,0.16,40,25.31645569620253,0.46,19,12.025316455696203,0.2,20,12.658227848101266,0.22,6,3.7974683544303796,0.12,128,81.0126582278481,0.66,7,4.4303797468354436,0.14,83,52.53164556962025,0.6,18,11.39240506329114,0.28
ep_359_whisperx_diarized.gender.host_guest,SPEAKER_00,GUEST,female,7726,49,101,13.072741392699974,61,7.895418068858399,2,0.2588661661920787,0.04081632653061224,0,0.0,0.0,0,0.0,0.0,2,0.2588661661920787,0.04081632653061224,0,0.0,0.0,0,0.0,0.0,0,0.0,0.0,186,24.074553455863317,0.7755102040816326,142,18.379497799637587,0.7142857142857143,14,1.8120631633445508,0.22448979591836735,2,0.2588661661920787,0.04081632653061224,0,0.0,0.0,0,0.0,0.0,242,31.32280610924152,0.8163265306122449,542,70.15273103805332,0.8979591836734694,79,10.225213564587108,0.42857142857142855,83,10.742945896971266,0.5714285714285714,256,33.13486927258607,0.7551020408163265,26,3.365260160497023,0.32653061224489793,261,33.782034688066275,0.8571428571428571,94,12.1667098110277,0.6122448979591837
ep_360_whisperx_diarized.gender.host_guest,SPEAKER_00,GUEST,female,8652,51,30,3.4674063800277395,53,6.125751271382339,6,0.6934812760055479,0.0784313725490196,1,0.1155802126675913,0.0196078431372549,0,0.0,0.0,2,0.2311604253351826,0.0392156862745098,1,0.1155802126675913,0.0196078431372549,0,0.0,0.0,1,0.1155802126675913,0.0196078431372549,84,9.70873786407767,0.6274509803921569,45,5.201109570041609,0.4117647058823529,14,1.6181229773462784,0.23529411764705882,0,0.0,0.0,4,0.4623208506703652,0.0784313725490196,3,0.34674063800277394,0.058823529411764705,253,29.2417938049006,0.8235294117647058,503,58.13684697179843,0.8823529411764706,77,8.89967637540453,0.5490196078431373,135,15.603328710124826,0.7254901960784313,279,32.246879334257976,0.8235294117647058,44,5.085529357374018,0.49019607843137253,411,47.503467406380025,0.9019607843137255,148,17.105871474803514,0.6470588235294118
ep_360_whisperx_diarized.gender.host_guest,SPEAKER_01,HOST,female,1422,50,7,4.922644163150492,10,7.032348804500703,0,0.0,0.0,0,0.0,0.0,0,0.0,0.0,0,0.0,0.0,0,0.0,0.0,0,0.0,0.0,0,0.0,0.0,12,8.438818565400844,0.16,8,5.625879043600563,0.12,1,0.7032348804500703,0.02,0,0.0,0.0,2,1.4064697609001406,0.04,8,5.625879043600563,0.16,34,23.90998593530239,0.46,30,21.09704641350211,0.32,5,3.5161744022503516,0.1,7,4.922644163150492,0.14,102,71.72995780590718,0.56,5,3.5161744022503516,0.1,53,37.271448663853725,0.44,13,9.142053445850914,0.22
ep_361_whisperx_diarized.gender.host_guest,SPEAKER_01,HOST,female,1283,46,10,7.79423226812159,8,6.235385814497272,1,0.779423226812159,0.021739130434782608,0,0.0,0.0,0,0.0,0.0,0,0.0,0.0,0,0.0,0.0,0,0.0,0.0,0,0.0,0.0,28,21.823850350740454,0.3695652173913043,18,14.029618082618862,0.2826086956521739,5,3.897116134060795,0.08695652173913043,0,0.0,0.0,2,1.558846453624318,0.043478260869565216,9,7.014809041309431,0.1956521739130435,40,31.17692907248636,0.6521739130434783,21,16.36788776305534,0.2391304347826087,7,5.455962587685113,0.13043478260869565,3,2.3382696804364773,0.06521739130434782,87,67.80982073265783,0.5869565217391305,6,4.676539360872955,0.13043478260869565,68,53.00077942322681,0.5652173913043478,19,14.809041309431022,0.2608695652173913
ep_361_whisperx_diarized.gender.host_guest,SPEAKER_00,GUEST,male,3997,46,42,10.507880910683012,30,7.505629221916437,0,0.0,0.0,0,0.0,0.0,0,0.0,0.0,0,0.0,0.0,0,0.0,0.0,0,0.0,0.0,0,0.0,0.0,65,16.262196647485613,0.6086956521739131,39,9.75731798849137,0.43478260869565216,4,1.0007505629221916,0.08695652173913043,0,0.0,0.0,0,0.0,0.0,0,0.0,0.0,94,23.5176382286715,0.717391304347826,129,32.27420565424068,0.717391304347826,73,18.263697773329998,0.391304347826087,66,16.51238428821616,0.6086956521739131,179,44.78358769076807,0.6304347826086957,25,6.254691018263697,0.30434782608695654,126,31.523642732049037,0.782608695652174,48,12.0090067550663,0.4782608695652174
ep_362_whisperx_diarized.gender.host_guest,SPEAKER_00,HOST,female,1516,47,11,7.255936675461742,13,8.575197889182057,1,0.6596306068601583,0.02127659574468085,0,0.0,0.0,0,0.0,0.0,0,0.0,0.0,0,0.0,0.0,0,0.0,0.0,0,0.0,0.0,28,18.469656992084435,0.3404255319148936,24,15.8311345646438,0.2765957446808511,1,0.6596306068601583,0.02127659574468085,0,0.0,0.0,0,0.0,0.0,5,3.2981530343007917,0.10638297872340426,62,40.89709762532981,0.6808510638297872,47,31.00263852242744,0.3191489361702128,8,5.277044854881266,0.14893617021276595,8,5.277044854881266,0.1276595744680851,113,74.53825857519789,0.6170212765957447,1,0.6596306068601583,0.02127659574468085,80,52.770448548812666,0.5106382978723404,15,9.894459102902376,0.2553191489361702
ep_362_whisperx_diarized.gender.host_guest,SPEAKER_01,GUEST,male,5178,47,61,11.780610274237159,35,6.759366550791811,3,0.5793742757821553,0.06382978723404255,1,0.19312475859405176,0.02127659574468085,0,0.0,0.0,0,0.0,0.0,0,0.0,0.0,0,0.0,0.0,0,0.0,0.0,113,21.823097721127848,0.48936170212765956,78,15.063731170336037,0.3829787234042553,5,0.9656237929702588,0.06382978723404255,2,0.3862495171881035,0.0425531914893617,4,0.772499034376207,0.06382978723404255,1,0.19312475859405176,0.02127659574468085,157,30.320587099266127,0.6595744680851063,137,26.45809192738509,0.46808510638297873,97,18.73310158362302,0.3191489361702128,65,12.553109308613363,0.6382978723404256,147,28.389339513325606,0.6170212765957447,21,4.055619930475086,0.19148936170212766,181,34.95558130552337,0.6595744680851063,64,12.359984550019313,0.5106382978723404
ep_363_whisperx_diarized.gender.host_guest,SPEAKER_00,HOST,female,1533,42,16,10.437051532941943,7,4.5662100456621,1,0.6523157208088715,0.023809523809523808,0,0.0,0.0,0,0.0,0.0,0,0.0,0.0,0,0.0,0.0,0,0.0,0.0,0,0.0,0.0,32,20.874103065883887,0.38095238095238093,23,15.003261578604043,0.30952380952380953,2,1.304631441617743,0.047619047619047616,3,1.9569471624266144,0.07142857142857142,2,1.304631441617743,0.023809523809523808,5,3.2615786040443573,0.11904761904761904,50,32.615786040443574,0.5714285714285714,72,46.96673189823875,0.5,18,11.741682974559687,0.2619047619047619,16,10.437051532941943,0.2619047619047619,74,48.271363339856485,0.6666666666666666,3,1.9569471624266144,0.07142857142857142,80,52.18525766470972,0.6428571428571429,14,9.1324200913242,0.2619047619047619
ep_363_whisperx_diarized.gender.host_guest,SPEAKER_01,GUEST,female,5985,42,67,11.194653299916459,59,9.857978279030911,0,0.0,0.0,0,0.0,0.0,0,0.0,0.0,1,0.16708437761069342,0.023809523809523808,0,0.0,0.0,0,0.0,0.0,0,0.0,0.0,106,17.7109440267335,0.7619047619047619,70,11.695906432748536,0.7380952380952381,21,3.5087719298245617,0.3333333333333333,0,0.0,0.0,2,0.33416875522138684,0.047619047619047616,1,0.16708437761069342,0.023809523809523808,208,34.753550543024225,0.8809523809523809,189,31.578947368421055,0.8571428571428571,132,22.05513784461153,0.6190476190476191,46,7.685881370091897,0.5238095238095238,330,55.13784461152882,0.8571428571428571,12,2.0050125313283207,0.19047619047619047,269,44.945697577276526,0.9047619047619048,55,9.189640768588136,0.5952380952380952
ep_364_whisperx_diarized.gender.host_guest,SPEAKER_01,GUEST,female,5185,52,49,9.450337512054002,56,10.800385728061716,0,0.0,0.0,0,0.0,0.0,0,0.0,0.0,0,0.0,0.0,0,0.0,0.0,0,0.0,0.0,0,0.0,0.0,106,20.443587270973964,0.7115384615384616,59,11.378977820636452,0.5961538461538461,14,2.700096432015429,0.23076923076923078,0,0.0,0.0,1,0.19286403085824494,0.019230769230769232,0,0.0,0.0,136,26.229508196721312,0.7884615384615384,289,55.73770491803279,0.9038461538461539,50,9.643201542912246,0.36538461538461536,41,7.907425265188043,0.46153846153846156,134,25.84378013500482,0.7115384615384616,21,4.050144648023143,0.23076923076923078,380,73.28833172613308,0.9038461538461539,54,10.414657666345226,0.4230769230769231
ep_364_whisperx_diarized.gender.host_guest,SPEAKER_00,HOST,female,1859,51,14,7.530930607853684,10,5.3792361484669176,0,0.0,0.0,0,0.0,0.0,0,0.0,0.0,0,0.0,0.0,0,0.0,0.0,0,0.0,0.0,0,0.0,0.0,24,12.910166756320603,0.19607843137254902,17,9.14470145239376,0.17647058823529413,4,2.151694459386767,0.0784313725490196,0,0.0,0.0,1,0.5379236148466917,0.0196078431372549,8,4.303388918773534,0.1568627450980392,63,33.88918773534158,0.6274509803921569,60,32.2754168908015,0.3333333333333333,24,12.910166756320603,0.21568627450980393,12,6.455083378160301,0.19607843137254902,99,53.25443786982249,0.6078431372549019,14,7.530930607853684,0.23529411764705882,131,70.46799354491662,0.6274509803921569,20,10.758472296933835,0.23529411764705882
ep_365_whisperx_diarized.gender.host_guest,SPEAKER_01,HOST,female,1457,35,21,14.413177762525738,10,6.863417982155114,0,0.0,0.0,0,0.0,0.0,0,0.0,0.0,0,0.0,0.0,0,0.0,0.0,0,0.0,0.0,0,0.0,0.0,42,28.826355525051476,0.37142857142857144,27,18.531228551818806,0.34285714285714286,4,2.7453671928620453,0.08571428571428572,2,1.3726835964310227,0.05714285714285714,0,0.0,0.0,5,3.431708991077557,0.14285714285714285,45,30.885380919698008,0.6,73,50.10295126973233,0.5428571428571428,16,10.981468771448181,0.14285714285714285,11,7.549759780370625,0.2571428571428571,84,57.65271105010295,0.7142857142857143,3,2.0590253946465342,0.08571428571428572,64,43.925875085792725,0.5428571428571428,25,17.158544955387786,0.4
ep_365_whisperx_diarized.gender.host_guest,SPEAKER_00,GUEST,female,5281,35,65,12.30827494792653,55,10.414694186707063,0,0.0,0.0,0,0.0,0.0,0,0.0,0.0,1,0.1893580761219466,0.02857142857142857,0,0.0,0.0,0,0.0,0.0,0,0.0,0.0,116,21.96553683014581,0.6285714285714286,83,15.716720318121567,0.5428571428571428,9,1.7042226850975193,0.2,2,0.3787161522438932,0.05714285714285714,0,0.0,0.0,1,0.1893580761219466,0.02857142857142857,181,34.273811778072336,0.7142857142857143,266,50.3692482484378,0.7142857142857143,67,12.686991100170422,0.5142857142857142,69,13.065707252414317,0.7142857142857143,185,35.03124408256012,0.7142857142857143,26,4.923309979170612,0.4,224,42.41620905131604,0.7714285714285715,58,10.982768415072904,0.6
ep_366_whisperx_diarized.gender.host_guest,SPEAKER_00,GUEST,male,4477,63,38,8.487826669644852,27,6.030824212642394,1,0.2233638597274961,0.015873015873015872,0,0.0,0.0,0,0.0,0.0,0,0.0,0.0,0,0.0,0.0,0,0.0,0.0,0,0.0,0.0,67,14.965378601742238,0.49206349206349204,43,9.60464596828233,0.38095238095238093,6,1.3401831583649766,0.09523809523809523,0,0.0,0.0,2,0.4467277194549922,0.031746031746031744,1,0.2233638597274961,0.015873015873015872,144,32.164395800759436,0.6349206349206349,158,35.291489836944386,0.5555555555555556,100,22.33638597274961,0.42857142857142855,49,10.944829126647308,0.49206349206349204,103,23.006477551932097,0.5396825396825397,17,3.7971856153674333,0.23809523809523808,221,49.36341299977664,0.6507936507936508,57,12.731740004467277,0.5079365079365079
ep_366_whisperx_diarized.gender.host_guest,SPEAKER_01,HOST,female,1851,62,9,4.862236628849271,8,4.321988114532685,0,0.0,0.0,0,0.0,0.0,0,0.0,0.0,0,0.0,0.0,0,0.0,0.0,0,0.0,0.0,0,0.0,0.0,29,15.667206915180982,0.2903225806451613,18,9.724473257698541,0.22580645161290322,2,1.0804970286331712,0.03225806451612903,0,0.0,0.0,0,0.0,0.0,18,9.724473257698541,0.2903225806451613,59,31.874662344678555,0.4838709677419355,46,24.85143165856294,0.24193548387096775,13,7.023230686115613,0.14516129032258066,8,4.321988114532685,0.0967741935483871,122,65.91031874662346,0.6451612903225806,7,3.7817396002160995,0.11290322580645161,111,59.967585089141004,0.5967741935483871,24,12.965964343598054,0.25806451612903225
ep_367_whisperx_diarized.gender.host_guest,SPEAKER_00,HOST,female,1924,38,12,6.237006237006238,18,9.355509355509357,1,0.5197505197505198,0.02631578947368421,1,0.5197505197505198,0.02631578947368421,0,0.0,0.0,0,0.0,0.0,1,0.5197505197505198,0.02631578947368421,0,0.0,0.0,0,0.0,0.0,30,15.592515592515593,0.34210526315789475,20,10.395010395010395,0.3157894736842105,3,1.5592515592515594,0.07894736842105263,1,0.5197505197505198,0.02631578947368421,0,0.0,0.0,5,2.598752598752599,0.13157894736842105,47,24.42827442827443,0.6052631578947368,88,45.73804573804574,0.5789473684210527,25,12.993762993762994,0.2631578947368421,12,6.237006237006238,0.2631578947368421,113,58.731808731808734,0.6842105263157895,5,2.598752598752599,0.13157894736842105,104,54.054054054054056,0.7631578947368421,27,14.033264033264034,0.42105263157894735
ep_367_whisperx_diarized.gender.host_guest,SPEAKER_01,GUEST,female,4518,37,38,8.4108012394865,21,4.648074369189907,0,0.0,0.0,0,0.0,0.0,0,0.0,0.0,0,0.0,0.0,0,0.0,0.0,0,0.0,0.0,0,0.0,0.0,85,18.813634351482957,0.5675675675675675,52,11.509517485613104,0.4864864864864865,8,1.7706949977866313,0.16216216216216217,1,0.2213368747233289,0.02702702702702703,1,0.2213368747233289,0.02702702702702703,1,0.2213368747233289,0.02702702702702703,153,33.86454183266932,0.7837837837837838,128,28.3311199645861,0.6756756756756757,200,44.26737494466578,0.6756756756756757,39,8.632138114209827,0.5945945945945946,102,22.57636122177955,0.6756756756756757,12,2.6560424966799467,0.21621621621621623,189,41.83266932270916,0.8378378378378378,53,11.730854360336432,0.5135135135135135
ep_368_whisperx_diarized.gender.host_guest,SPEAKER_00,HOST,female,1859,45,15,8.068854222700375,12,6.455083378160301,0,0.0,0.0,1,0.5379236148466917,0.022222222222222223,0,0.0,0.0,0,0.0,0.0,0,0.0,0.0,1,0.5379236148466917,0.022222222222222223,0,0.0,0.0,33,17.75147928994083,0.4444444444444444,24,12.910166756320603,0.4,4,2.151694459386767,0.08888888888888889,2,1.0758472296933834,0.044444444444444446,1,0.5379236148466917,0.022222222222222223,9,4.841312533620226,0.2,65,34.96503496503497,0.6888888888888889,77,41.42011834319527,0.5111111111111111,19,10.220548682087143,0.24444444444444444,26,13.986013986013987,0.4,116,62.39913932221624,0.7333333333333333,7,3.765465303926842,0.15555555555555556,119,64.01291016675633,0.6666666666666666,20,10.758472296933835,0.24444444444444444
ep_368_whisperx_diarized.gender.host_guest,SPEAKER_01,GUEST,male,4752,45,59,12.415824915824917,33,6.944444444444444,0,0.0,0.0,3,0.6313131313131314,0.06666666666666667,0,0.0,0.0,0,0.0,0.0,0,0.0,0.0,0,0.0,0.0,0,0.0,0.0,120,25.252525252525253,0.7555555555555555,78,16.414141414141415,0.6444444444444445,11,2.314814814814815,0.2,3,0.6313131313131314,0.044444444444444446,1,0.21043771043771042,0.022222222222222223,1,0.21043771043771042,0.022222222222222223,166,34.93265993265993,0.8444444444444444,329,69.23400673400673,0.8222222222222222,22,4.62962962962963,0.2222222222222222,40,8.417508417508417,0.5111111111111111,163,34.3013468013468,0.6222222222222222,9,1.893939393939394,0.15555555555555556,176,37.03703703703704,0.7777777777777778,43,9.048821548821548,0.4666666666666667
ep_369_whisperx_diarized.gender.host_guest,SPEAKER_00,HOST,female,7135,30,35,4.905395935529082,37,5.185704274702172,1,0.1401541695865452,0.03333333333333333,1,0.1401541695865452,0.03333333333333333,0,0.0,0.0,1,0.1401541695865452,0.03333333333333333,0,0.0,0.0,0,0.0,0.0,0,0.0,0.0,81,11.352487736510161,0.5,50,7.00770847932726,0.43333333333333335,11,1.5416958654519972,0.23333333333333334,3,0.4204625087596356,0.06666666666666667,0,0.0,0.0,4,0.5606166783461808,0.13333333333333333,203,28.451296426068673,0.7666666666666667,186,26.068675543097406,0.7666666666666667,196,27.470217238962856,0.6666666666666666,54,7.568325157673441,0.5666666666666667,218,30.553608969866854,0.7666666666666667,18,2.522775052557814,0.5,428,59.98598458304134,0.8,57,7.988787666433076,0.5
ep_369_whisperx_diarized.gender.host_guest,SPEAKER_01,GUEST,male,2455,29,46,18.73727087576375,19,7.739307535641547,0,0.0,0.0,0,0.0,0.0,0,0.0,0.0,0,0.0,0.0,0,0.0,0.0,0,0.0,0.0,0,0.0,0.0,60,24.43991853360489,0.5862068965517241,41,16.70061099796334,0.5172413793103449,7,2.8513238289205702,0.1724137931034483,1,0.4073319755600815,0.034482758620689655,1,0.4073319755600815,0.034482758620689655,0,0.0,0.0,50,20.366598778004075,0.5862068965517241,64,26.069246435845216,0.5862068965517241,79,32.17922606924643,0.5517241379310345,19,7.739307535641547,0.4482758620689655,50,20.366598778004075,0.5172413793103449,2,0.814663951120163,0.06896551724137931,145,59.063136456211815,0.7586206896551724,31,12.627291242362524,0.41379310344827586
ep_370_whisperx_diarized.gender.host_guest,SPEAKER_00,GUEST,female,5662,36,30,5.298481102084069,40,7.064641469445426,1,0.17661603673613563,0.027777777777777776,3,0.5298481102084069,0.08333333333333333,0,0.0,0.0,1,0.17661603673613563,0.027777777777777776,1,0.17661603673613563,0.027777777777777776,0,0.0,0.0,0,0.0,0.0,72,12.716354645001767,0.5555555555555556,34,6.004945249028612,0.4444444444444444,11,1.942776404097492,0.19444444444444445,0,0.0,0.0,4,0.7064641469445425,0.05555555555555555,0,0.0,0.0,170,30.02472624514306,0.8611111111111112,292,51.57188272695161,0.8888888888888888,50,8.830801836806783,0.5277777777777778,66,11.656658424584952,0.6388888888888888,167,29.494878134934652,0.8055555555555556,26,4.592016955139527,0.3333333333333333,169,29.848110208406926,0.7777777777777778,100,17.661603673613566,0.75
ep_370_whisperx_diarized.gender.host_guest,SPEAKER_01,HOST,female,1363,36,9,6.603081438004402,14,10.271460014673513,2,1.467351430667645,0.027777777777777776,0,0.0,0.0,0,0.0,0.0,0,0.0,0.0,0,0.0,0.0,0,0.0,0.0,0,0.0,0.0,21,15.40719002201027,0.25,15,11.005135730007337,0.2222222222222222,1,0.7336757153338225,0.027777777777777776,0,0.0,0.0,2,1.467351430667645,0.05555555555555555,3,2.201027146001467,0.08333333333333333,43,31.548055759354362,0.5,90,66.03081438004402,0.5,5,3.668378576669112,0.1111111111111111,26,19.075568598679386,0.3333333333333333,57,41.81951577402788,0.5,3,2.201027146001467,0.08333333333333333,62,45.48789435069699,0.5555555555555556,13,9.537784299339693,0.25
ep_371_whisperx_diarized.gender.host_guest,SPEAKER_01,GUEST,female,5510,48,39,7.078039927404719,42,7.622504537205082,0,0.0,0.0,1,0.18148820326678763,0.020833333333333332,0,0.0,0.0,1,0.18148820326678763,0.020833333333333332,0,0.0,0.0,0,0.0,0.0,0,0.0,0.0,85,15.426497277676951,0.6041666666666666,63,11.433756805807622,0.5208333333333334,12,2.177858439201452,0.25,0,0.0,0.0,1,0.18148820326678763,0.020833333333333332,2,0.36297640653357527,0.041666666666666664,182,33.03085299455535,0.7083333333333334,403,73.13974591651542,0.875,33,5.989110707803993,0.2708333333333333,114,20.689655172413794,0.5833333333333334,161,29.219600725952812,0.5416666666666666,74,13.430127041742287,0.5833333333333334,330,59.89110707803993,0.8125,120,21.77858439201452,0.6666666666666666
ep_371_whisperx_diarized.gender.host_guest,SPEAKER_00,HOST,female,1450,47,8,5.517241379310344,9,6.206896551724138,1,0.689655172413793,0.02127659574468085,0,0.0,0.0,0,0.0,0.0,1,0.689655172413793,0.02127659574468085,0,0.0,0.0,0,0.0,0.0,0,0.0,0.0,24,16.551724137931036,0.2553191489361702,15,10.344827586206897,0.23404255319148937,3,2.0689655172413794,0.06382978723404255,0,0.0,0.0,0,0.0,0.0,3,2.0689655172413794,0.06382978723404255,48,33.10344827586207,0.425531914893617,64,44.137931034482754,0.44680851063829785,9,6.206896551724138,0.1702127659574468,33,22.758620689655174,0.425531914893617,87,60.0,0.6170212765957447,11,7.586206896551724,0.2127659574468085,84,57.931034482758626,0.5531914893617021,40,27.586206896551722,0.40425531914893614
ep_372_whisperx_diarized.gender.host_guest,SPEAKER_01,GUEST,male,2909,44,73,25.09453420419388,47,16.15675489859058,0,0.0,0.0,2,0.6875214850464078,0.045454545454545456,0,0.0,0.0,0,0.0,0.0,0,0.0,0.0,0,0.0,0.0,0,0.0,0.0,102,35.063595737366796,0.7954545454545454,58,19.938123066345824,0.6363636363636364,0,0.0,0.0,0,0.0,0.0,1,0.3437607425232039,0.022727272727272728,0,0.0,0.0,49,16.844276383636988,0.5454545454545454,135,46.407700240632515,0.7727272727272727,11,3.781368167755242,0.1590909090909091,40,13.750429700928153,0.5909090909090909,18,6.18769336541767,0.2727272727272727,2,0.6875214850464078,0.045454545454545456,165,56.720522516328636,0.8181818181818182,27,9.281540048126503,0.3409090909090909
ep_372_whisperx_diarized.gender.host_guest,SPEAKER_00,HOST,male,1457,43,10,6.863417982155114,8,5.490734385724091,0,0.0,0.0,0,0.0,0.0,0,0.0,0.0,0,0.0,0.0,0,0.0,0.0,0,0.0,0.0,0,0.0,0.0,35,24.021962937542895,0.4186046511627907,27,18.531228551818806,0.3488372093023256,5,3.431708991077557,0.023255813953488372,0,0.0,0.0,2,1.3726835964310227,0.046511627906976744,10,6.863417982155114,0.23255813953488372,23,15.785861358956762,0.27906976744186046,11,7.549759780370625,0.11627906976744186,4,2.7453671928620453,0.09302325581395349,9,6.177076183939602,0.16279069767441862,107,73.43857240905972,0.8604651162790697,10,6.863417982155114,0.16279069767441862,73,50.10295126973233,0.627906976744186,10,6.863417982155114,0.13953488372093023
ep_373_whisperx_diarized.gender.host_guest,SPEAKER_01,GUEST,female,12921,218,53,4.101849702035446,51,3.947062920826561,0,0.0,0.0,1,0.07739339060444238,0.0045871559633027525,3,0.23218017181332715,0.013761467889908258,1,0.07739339060444238,0.0045871559633027525,2,0.15478678120888476,0.009174311926605505,0,0.0,0.0,0,0.0,0.0,103,7.971519232257566,0.26146788990825687,45,3.482702577199907,0.15137614678899083,10,0.7739339060444238,0.045871559633027525,2,0.15478678120888476,0.009174311926605505,3,0.23218017181332715,0.013761467889908258,6,0.4643603436266543,0.027522935779816515,387,29.9512421639192,0.44495412844036697,336,26.00417924309264,0.38073394495412843,87,6.733224982586488,0.19724770642201836,137,10.602894512808605,0.2798165137614679,404,31.266929804194724,0.43119266055045874,90,6.965405154399814,0.2889908256880734,417,32.27304388205248,0.5779816513761468,292,22.598870056497177,0.45871559633027525
ep_373_whisperx_diarized.gender.host_guest,SPEAKER_00,HOST,male,5393,217,40,7.417022065640645,28,5.191915445948452,1,0.18542555164101615,0.004608294930875576,1,0.18542555164101615,0.004608294930875576,4,0.7417022065640646,0.018433179723502304,2,0.3708511032820323,0.004608294930875576,0,0.0,0.0,2,0.3708511032820323,0.009216589861751152,1,0.18542555164101615,0.004608294930875576,55,10.198405340255887,0.17050691244239632,30,5.562766549230484,0.10599078341013825,11,2.0396810680511774,0.041474654377880185,2,0.3708511032820323,0.009216589861751152,4,0.7417022065640646,0.013824884792626729,11,2.0396810680511774,0.05069124423963134,150,27.81383274615242,0.2903225806451613,211,39.1247913962544,0.28110599078341014,51,9.456703133691823,0.1382488479262673,98,18.171704060819582,0.2350230414746544,153,28.370109401075467,0.3087557603686636,36,6.6753198590765805,0.14285714285714285,234,43.38957908399777,0.46543778801843316,136,25.21787502317819,0.31797235023041476
ep_374_whisperx_diarized.gender.host_guest,SPEAKER_01,HOST,male,8081,335,31,3.8361588912263334,23,2.846182403167925,0,0.0,0.0,2,0.24749412201460216,0.005970149253731343,3,0.37124118302190323,0.008955223880597015,1,0.12374706100730108,0.0029850746268656717,1,0.12374706100730108,0.0029850746268656717,1,0.12374706100730108,0.0029850746268656717,2,0.24749412201460216,0.005970149253731343,63,7.796064843459968,0.12835820895522387,33,4.083653013240935,0.07761194029850746,9,1.1137235490657096,0.026865671641791045,0,0.0,0.0,4,0.4949882440292043,0.011940298507462687,23,2.846182403167925,0.06865671641791045,243,30.07053582477416,0.3373134328358209,193,23.88318277440911,0.2208955223880597,73,9.033535453532979,0.11343283582089553,122,15.097141442890731,0.20298507462686566,193,23.88318277440911,0.3253731343283582,52,6.434847172379656,0.11641791044776119,316,39.10407127830714,0.43283582089552236,153,18.933300334117064,0.25671641791044775
ep_374_whisperx_diarized.gender.host_guest,SPEAKER_00,GUEST,female,10437,334,36,3.4492670307559643,55,5.269713519210502,7,0.670690811535882,0.014970059880239521,4,0.38325189230621826,0.011976047904191617,3,0.2874389192296637,0.008982035928143712,2,0.19162594615310913,0.005988023952095809,1,0.09581297307655456,0.0029940119760479044,0,0.0,0.0,1,0.09581297307655456,0.0029940119760479044,88,8.431541630736803,0.1497005988023952,37,3.5450800038325188,0.07784431137724551,21,2.012072434607646,0.059880239520958084,0,0.0,0.0,2,0.19162594615310913,0.005988023952095809,6,0.5748778384593274,0.017964071856287425,424,40.624700584459134,0.5209580838323353,343,32.863849765258216,0.2874251497005988,188,18.01283893839226,0.23652694610778444,141,13.509629203794194,0.24251497005988024,187,17.917025965315705,0.2634730538922156,46,4.40739676152151,0.10479041916167664,415,39.76238382677015,0.4880239520958084,259,24.81556002682763,0.33532934131736525
ep_375_whisperx_diarized.gender.host_guest,SPEAKER_01,GUEST,male,10231,113,55,5.375818590558108,18,1.7593588114553806,0,0.0,0.0,0,0.0,0.0,0,0.0,0.0,0,0.0,0.0,0,0.0,0.0,0,0.0,0.0,0,0.0,0.0,92,8.992278369660834,0.37168141592920356,17,1.661616655263415,0.1415929203539823,13,1.2706480304955527,0.10619469026548672,0,0.0,0.0,4,0.39096862476786237,0.035398230088495575,1,0.09774215619196559,0.008849557522123894,323,31.570716450004888,0.6106194690265486,79,7.721630339165282,0.336283185840708,110,10.751637181116216,0.3274336283185841,49,4.789365653406314,0.3008849557522124,262,25.608444922294986,0.5929203539823009,51,4.984849965790245,0.26548672566371684,236,23.06714886130388,0.6548672566371682,164,16.029713615482358,0.48672566371681414
ep_375_whisperx_diarized.gender.host_guest,SPEAKER_00,HOST,male,3685,113,45,12.211668928086839,12,3.2564450474898234,2,0.542740841248304,0.017699115044247787,2,0.542740841248304,0.017699115044247787,0,0.0,0.0,2,0.542740841248304,0.008849557522123894,1,0.271370420624152,0.008849557522123894,0,0.0,0.0,0,0.0,0.0,66,17.910447761194032,0.2831858407079646,25,6.784260515603799,0.13274336283185842,5,1.3568521031207597,0.035398230088495575,3,0.8141112618724559,0.017699115044247787,2,0.542740841248304,0.017699115044247787,8,2.170963364993216,0.07079646017699115,93,25.237449118046133,0.37168141592920356,112,30.39348710990502,0.2743362831858407,28,7.598371777476255,0.1415929203539823,42,11.397557666214382,0.23008849557522124,97,26.322930800542743,0.37168141592920356,15,4.07055630936228,0.13274336283185842,160,43.41926729986431,0.504424778761062,68,18.453188602442335,0.30973451327433627
ep_376_whisperx_diarized.gender.host_guest,SPEAKER_01,HOST,male,1845,43,8,4.336043360433604,7,3.794037940379404,0,0.0,0.0,0,0.0,0.0,0,0.0,0.0,1,0.5420054200542005,0.023255813953488372,1,0.5420054200542005,0.023255813953488372,0,0.0,0.0,0,0.0,0.0,17,9.21409214092141,0.2558139534883721,3,1.6260162601626016,0.06976744186046512,3,1.6260162601626016,0.06976744186046512,0,0.0,0.0,0,0.0,0.0,12,6.504065040650406,0.27906976744186046,43,23.306233062330623,0.5348837209302325,25,13.550135501355014,0.27906976744186046,10,5.420054200542006,0.13953488372093023,11,5.9620596205962055,0.13953488372093023,52,28.18428184281843,0.4418604651162791,6,3.252032520325203,0.11627906976744186,113,61.24661246612466,0.46511627906976744,50,27.100271002710027,0.4883720930232558
ep_376_whisperx_diarized.gender.host_guest,SPEAKER_00,GUEST,male,11498,43,34,2.9570360062619585,27,2.348234475560967,0,0.0,0.0,2,0.17394329448599757,0.046511627906976744,0,0.0,0.0,0,0.0,0.0,1,0.08697164724299879,0.023255813953488372,0,0.0,0.0,0,0.0,0.0,85,7.392590015654897,0.6046511627906976,28,2.435206122803966,0.32558139534883723,13,1.1306314141589842,0.20930232558139536,0,0.0,0.0,1,0.08697164724299879,0.023255813953488372,1,0.08697164724299879,0.023255813953488372,356,30.961906418507567,0.8604651162790697,173,15.04609497303879,0.6046511627906976,103,8.958079666028874,0.5348837209302325,61,5.305270481822926,0.4883720930232558,370,32.179509479909555,0.813953488372093,30,2.6091494172899634,0.3953488372093023,334,29.048530179161595,0.7441860465116279,273,23.74325969733867,0.7674418604651163
ep_377_whisperx_diarized.gender.host_guest,SPEAKER_00,GUEST,male,16487,50,82,4.973615575908291,20,1.2130769697337296,0,0.0,0.0,3,0.18196154546005944,0.04,0,0.0,0.0,2,0.12130769697337296,0.02,0,0.0,0.0,0,0.0,0.0,2,0.12130769697337296,0.04,240,14.556923636804756,0.78,85,5.155577121368351,0.54,8,0.48523078789349183,0.14,4,0.24261539394674592,0.08,8,0.48523078789349183,0.1,2,0.12130769697337296,0.04,441,26.748347182628738,0.8,492,29.84169345544975,0.84,259,15.709346758051797,0.56,189,11.463577363983745,0.82,282,17.10438527324559,0.72,36,2.1835385455207135,0.38,395,23.958270152241163,0.82,397,24.079577849214534,0.86
ep_377_whisperx_diarized.gender.host_guest,SPEAKER_01,HOST,male,2901,50,15,5.170630816959669,4,1.3788348845225784,0,0.0,0.0,3,1.0341261633919339,0.06,1,0.3447087211306446,0.02,0,0.0,0.0,0,0.0,0.0,0,0.0,0.0,0,0.0,0.0,34,11.720096518441917,0.38,22,7.583591864874181,0.28,4,1.3788348845225784,0.06,1,0.3447087211306446,0.02,1,0.3447087211306446,0.02,9,3.102378490175801,0.18,42,14.477766287487073,0.48,52,17.924853498793517,0.44,17,5.860048259220958,0.24,46,15.85660117200965,0.34,112,38.60737676663219,0.78,17,5.860048259220958,0.3,97,33.43674594967253,0.56,62,21.371940710099963,0.52
ep_378_whisperx_diarized.gender.host_guest,SPEAKER_00,HOST,male,3959,106,24,6.0621369032583985,15,3.788835564536499,0,0.0,0.0,1,0.2525890376357666,0.009433962264150943,2,0.5051780752715332,0.018867924528301886,0,0.0,0.0,0,0.0,0.0,0,0.0,0.0,0,0.0,0.0,48,12.124273806516797,0.29245283018867924,23,5.809547865622632,0.16981132075471697,5,1.2629451881788332,0.02830188679245283,1,0.2525890376357666,0.009433962264150943,2,0.5051780752715332,0.018867924528301886,12,3.0310684516291992,0.11320754716981132,92,23.238191462490526,0.4528301886792453,92,23.238191462490526,0.33962264150943394,41,10.35615054306643,0.2169811320754717,33,8.335438241980297,0.20754716981132076,146,36.87799949482193,0.4716981132075472,19,4.799191715079566,0.16981132075471697,144,36.37282141955039,0.5660377358490566,82,20.71230108613286,0.3867924528301887
ep_378_whisperx_diarized.gender.host_guest,SPEAKER_01,GUEST,male,9163,106,59,6.438939212048456,42,4.583651642475172,1,0.10913456291607551,0.009433962264150943,0,0.0,0.0,1,0.10913456291607551,0.009433962264150943,3,0.32740368874822656,0.02830188679245283,0,0.0,0.0,0,0.0,0.0,0,0.0,0.0,130,14.187493179089818,0.37735849056603776,41,4.474517079559096,0.2358490566037736,19,2.073556695405435,0.11320754716981132,1,0.10913456291607551,0.009433962264150943,1,0.10913456291607551,0.009433962264150943,2,0.21826912583215102,0.018867924528301886,218,23.791334715704465,0.5754716981132075,218,23.791334715704465,0.5283018867924528,198,21.608643457382954,0.3490566037735849,78,8.51249590745389,0.4339622641509434,218,23.791334715704465,0.42452830188679247,19,2.073556695405435,0.11320754716981132,203,22.15431627196333,0.49056603773584906,149,16.261049874495253,0.3584905660377358
ep_379_whisperx_diarized.gender.host_guest,SPEAKER_01,GUEST,female,9318,222,45,4.829362524146813,45,4.829362524146813,1,0.1073191672032625,0.0045045045045045045,3,0.3219575016097875,0.009009009009009009,0,0.0,0.0,2,0.214638334406525,0.009009009009009009,0,0.0,0.0,0,0.0,0.0,1,0.1073191672032625,0.0045045045045045045,104,11.161193389139301,0.27927927927927926,56,6.009873363382701,0.19369369369369369,9,0.9658725048293626,0.04054054054054054,0,0.0,0.0,1,0.1073191672032625,0.0045045045045045045,6,0.643915003219575,0.02702702702702703,374,40.137368534020176,0.5405405405405406,130,13.951491736424124,0.30180180180180183,243,26.07855763039279,0.3108108108108108,82,8.800171710667525,0.2747747747747748,209,22.429705945481864,0.3153153153153153,45,4.829362524146813,0.15315315315315314,298,31.981111826572228,0.5540540540540541,254,27.259068469628676,0.4369369369369369
ep_379_whisperx_diarized.gender.host_guest,SPEAKER_00,HOST,male,4366,222,23,5.267979844251031,29,6.642235455794777,2,0.45808520384791573,0.009009009009009009,0,0.0,0.0,2,0.45808520384791573,0.009009009009009009,4,0.9161704076958315,0.013513513513513514,1,0.22904260192395787,0.0045045045045045045,0,0.0,0.0,0,0.0,0.0,46,10.535959688502063,0.13963963963963963,28,6.41319285387082,0.0945945945945946,7,1.603298213467705,0.03153153153153153,3,0.6871278057718735,0.009009009009009009,4,0.9161704076958315,0.018018018018018018,15,3.435639028859368,0.06756756756756757,116,26.56894182317911,0.2702702702702703,89,20.38479157123225,0.16216216216216217,54,12.368300503893725,0.13063063063063063,49,11.223087494273935,0.17117117117117117,137,31.37883646358223,0.2927927927927928,48,10.994044892349976,0.17117117117117117,203,46.49564819056345,0.4594594594594595,147,33.6692624828218,0.32882882882882886
ep_380_whisperx_diarized.gender.host_guest,SPEAKER_00,HOST,male,2075,68,11,5.301204819277109,9,4.337349397590361,0,0.0,0.0,1,0.4819277108433735,0.014705882352941176,0,0.0,0.0,1,0.4819277108433735,0.014705882352941176,0,0.0,0.0,0,0.0,0.0,0,0.0,0.0,24,11.566265060240964,0.19117647058823528,10,4.819277108433735,0.08823529411764706,2,0.963855421686747,0.029411764705882353,1,0.4819277108433735,0.014705882352941176,5,2.4096385542168677,0.04411764705882353,5,2.4096385542168677,0.07352941176470588,52,25.06024096385542,0.35294117647058826,47,22.650602409638555,0.25,10,4.819277108433735,0.11764705882352941,21,10.120481927710843,0.22058823529411764,56,26.987951807228914,0.35294117647058826,9,4.337349397590361,0.11764705882352941,38,18.313253012048193,0.3235294117647059,56,26.987951807228914,0.4117647058823529
ep_380_whisperx_diarized.gender.host_guest,SPEAKER_01,GUEST,male,11965,68,26,2.173004596740493,33,2.758044295862933,4,0.3343083994985374,0.04411764705882353,0,0.0,0.0,5,0.41788549937317176,0.07352941176470588,0,0.0,0.0,0,0.0,0.0,0,0.0,0.0,0,0.0,0.0,72,6.0175511909736725,0.45588235294117646,19,1.5879648976180527,0.19117647058823528,13,1.0865022983702466,0.1323529411764706,0,0.0,0.0,1,0.08357709987463435,0.014705882352941176,0,0.0,0.0,227,18.972001671542,0.75,87,7.271207689093189,0.4264705882352941,150,12.536564981195152,0.5588235294117647,46,3.84454659423318,0.4117647058823529,266,22.231508566652735,0.6911764705882353,40,3.343083994985374,0.3382352941176471,281,23.485165064772254,0.7205882352941176,271,22.64939406602591,0.75
ep_381_whisperx_diarized.gender.host_guest,SPEAKER_00,HOST,male,4393,129,40,9.105394946505806,14,3.1868882312770315,2,0.45526974732529024,0.015503875968992248,0,0.0,0.0,0,0.0,0.0,1,0.22763487366264512,0.007751937984496124,1,0.22763487366264512,0.007751937984496124,6,1.3658092419758707,0.031007751937984496,0,0.0,0.0,71,16.162076030047803,0.3333333333333333,38,8.650125199180515,0.2248062015503876,4,0.9105394946505805,0.023255813953488372,0,0.0,0.0,3,0.6829046209879354,0.023255813953488372,10,2.2763487366264514,0.07751937984496124,58,13.202822672433417,0.26356589147286824,99,22.53585249260187,0.34108527131782945,22,5.007967220578192,0.12403100775193798,80,18.21078989301161,0.35658914728682173,143,32.55178693375825,0.49612403100775193,43,9.78829956749374,0.21705426356589147,123,27.99908946050535,0.4418604651162791,73,16.617345777373096,0.35658914728682173
ep_381_whisperx_diarized.gender.host_guest,SPEAKER_01,GUEST,male,13864,128,111,8.006347374495094,64,4.616272360069244,5,0.3606462781304097,0.0234375,3,0.21638776687824582,0.0234375,1,0.07212925562608194,0.0078125,0,0.0,0.0,1,0.07212925562608194,0.0078125,0,0.0,0.0,1,0.07212925562608194,0.0078125,170,12.26197345643393,0.5390625,84,6.0588574725908835,0.390625,16,1.154068090017311,0.09375,4,0.28851702250432776,0.0234375,0,0.0,0.0,3,0.21638776687824582,0.0234375,248,17.88805539526832,0.6484375,388,27.98615118291979,0.65625,164,11.829197922677437,0.4765625,218,15.724177726485863,0.625,393,28.3467974610502,0.7265625,113,8.15060588574726,0.40625,332,23.946912867859204,0.6953125,244,17.599538372763995,0.6484375
ep_382_whisperx_diarized.gender.host_guest,SPEAKER_01,HOST,male,5066,117,17,3.3557046979865772,14,2.7635215159889457,3,0.5921831819976313,0.017094017094017096,7,1.3817607579944728,0.02564102564102564,1,0.1973943939992104,0.008547008547008548,0,0.0,0.0,0,0.0,0.0,0,0.0,0.0,0,0.0,0.0,50,9.869719699960521,0.23931623931623933,23,4.540071061981839,0.15384615384615385,3,0.5921831819976313,0.02564102564102564,0,0.0,0.0,4,0.7895775759968416,0.02564102564102564,5,0.9869719699960521,0.042735042735042736,108,21.318594551914725,0.48717948717948717,134,26.450848795894196,0.4358974358974359,40,7.895775759968417,0.1452991452991453,66,13.028030003947888,0.3418803418803419,183,36.123174101855504,0.4444444444444444,46,9.080142123963679,0.20512820512820512,305,60.20529016975918,0.5982905982905983,130,25.661271219897355,0.5299145299145299
ep_382_whisperx_diarized.gender.host_guest,SPEAKER_00,GUEST,male,10912,116,29,2.6576246334310847,14,1.282991202346041,0,0.0,0.0,1,0.09164222873900293,0.008620689655172414,0,0.0,0.0,1,0.09164222873900293,0.008620689655172414,0,0.0,0.0,0,0.0,0.0,0,0.0,0.0,162,14.846041055718477,0.4482758620689655,106,9.714076246334312,0.3706896551724138,3,0.27492668621700883,0.02586206896551724,0,0.0,0.0,3,0.27492668621700883,0.02586206896551724,2,0.18328445747800587,0.017241379310344827,255,23.368768328445746,0.5775862068965517,528,48.387096774193544,0.5775862068965517,82,7.5146627565982405,0.27586206896551724,248,22.727272727272727,0.5603448275862069,310,28.409090909090907,0.5258620689655172,53,4.857038123167156,0.31896551724137934,524,48.02052785923753,0.6120689655172413,280,25.65982404692082,0.5689655172413793
ep_383_whisperx_diarized.gender.host_guest,SPEAKER_00,GUEST,female,10523,132,25,2.3757483607336307,43,4.086287180461845,0,0.0,0.0,3,0.28508980328803574,0.022727272727272728,2,0.1900598688586905,0.015151515151515152,10,0.9502993442934524,0.045454545454545456,3,0.28508980328803574,0.022727272727272728,0,0.0,0.0,0,0.0,0.0,99,9.40796350850518,0.38636363636363635,46,4.371376983749881,0.22727272727272727,20,1.9005986885869048,0.12121212121212122,3,0.28508980328803574,0.022727272727272728,8,0.760239475434762,0.05303030303030303,7,0.6652095410054167,0.05303030303030303,396,37.63185403402072,0.5984848484848485,242,22.99724413190155,0.4318181818181818,107,10.168202983939942,0.3181818181818182,78,7.412334885488929,0.2878787878787879,357,33.92568659127625,0.6136363636363636,35,3.3260477050270834,0.21212121212121213,293,27.843770787798157,0.5909090909090909,216,20.52646583673857,0.4621212121212121
ep_383_whisperx_diarized.gender.host_guest,SPEAKER_01,HOST,male,5104,132,31,6.073667711598746,21,4.114420062695925,0,0.0,0.0,3,0.5877742946708464,0.022727272727272728,8,1.567398119122257,0.05303030303030303,0,0.0,0.0,1,0.19592476489028213,0.007575757575757576,0,0.0,0.0,0,0.0,0.0,71,13.910658307210031,0.25757575757575757,24,4.702194357366771,0.12878787878787878,8,1.567398119122257,0.030303030303030304,1,0.19592476489028213,0.007575757575757576,10,1.9592476489028212,0.06818181818181818,12,2.3510971786833856,0.09090909090909091,120,23.510971786833856,0.32575757575757575,174,34.090909090909086,0.36363636363636365,27,5.289968652037618,0.09848484848484848,65,12.735109717868339,0.21212121212121213,180,35.26645768025078,0.36363636363636365,22,4.310344827586206,0.13636363636363635,176,34.48275862068965,0.49242424242424243,112,21.9435736677116,0.3712121212121212
ep_384_whisperx_diarized.gender.host_guest,SPEAKER_01,GUEST,male,9557,123,10,1.0463534581981793,22,2.3019776080359944,0,0.0,0.0,3,0.3139060374594538,0.016260162601626018,1,0.10463534581981794,0.008130081300813009,0,0.0,0.0,2,0.20927069163963588,0.016260162601626018,0,0.0,0.0,1,0.10463534581981794,0.008130081300813009,77,8.056921628125982,0.3333333333333333,47,4.917861253531443,0.21951219512195122,7,0.7324474207387256,0.056910569105691054,1,0.10463534581981794,0.008130081300813009,13,1.3602594956576333,0.07317073170731707,7,0.7324474207387256,0.056910569105691054,168,17.57873809772941,0.5528455284552846,254,26.577377838233755,0.6097560975609756,155,16.21847860207178,0.37398373983739835,221,23.124411426179762,0.6016260162601627,249,26.054201109134667,0.5853658536585366,57,5.964214711729622,0.2682926829268293,219,22.915140734540127,0.5528455284552846,268,28.042272679711207,0.5934959349593496
ep_384_whisperx_diarized.gender.host_guest,SPEAKER_00,HOST,male,4043,123,14,3.462775166955231,12,2.968093000247341,1,0.2473410833539451,0.008130081300813009,4,0.9893643334157805,0.024390243902439025,0,0.0,0.0,1,0.2473410833539451,0.008130081300813009,1,0.2473410833539451,0.008130081300813009,1,0.2473410833539451,0.008130081300813009,0,0.0,0.0,37,9.151620084095969,0.2032520325203252,20,4.946821667078902,0.14634146341463414,9,2.226069750185506,0.06504065040650407,1,0.2473410833539451,0.008130081300813009,1,0.2473410833539451,0.008130081300813009,7,1.7313875834776156,0.056910569105691054,66,16.324511501360377,0.34146341463414637,112,27.70220133564185,0.3089430894308943,48,11.872372000989364,0.22764227642276422,81,20.034627751669554,0.3902439024390244,128,31.659658669304974,0.5203252032520326,24,5.936186000494682,0.12195121951219512,98,24.239426168686617,0.44715447154471544,180,44.52139500371011,0.44715447154471544
ep_385_whisperx_diarized.gender.host_guest,SPEAKER_00,GUEST,male,7283,87,23,3.1580392695317863,33,4.531099821502128,1,0.13730605519703418,0.011494252873563218,0,0.0,0.0,2,0.27461211039406835,0.022988505747126436,0,0.0,0.0,0,0.0,0.0,0,0.0,0.0,0,0.0,0.0,83,11.396402581353838,0.3448275862068966,58,7.963751201427984,0.28735632183908044,9,1.2357544967733078,0.08045977011494253,1,0.13730605519703418,0.011494252873563218,3,0.41191816559110256,0.022988505747126436,2,0.27461211039406835,0.022988505747126436,177,24.30317176987505,0.6551724137931034,226,31.031168474529725,0.5632183908045977,47,6.453384594260608,0.25287356321839083,160,21.968968831525473,0.5632183908045977,204,28.010435260194974,0.6091954022988506,36,4.943017987093231,0.22988505747126436,285,39.13222573115474,0.7241379310344828,123,16.888644789235205,0.5402298850574713
ep_385_whisperx_diarized.gender.host_guest,SPEAKER_01,HOST,male,4099,86,29,7.0748963161746765,17,4.147353012929983,0,0.0,0.0,0,0.0,0.0,5,1.2198097096852891,0.05813953488372093,1,0.2439619419370578,0.011627906976744186,0,0.0,0.0,0,0.0,0.0,0,0.0,0.0,50,12.198097096852893,0.3023255813953488,25,6.099048548426446,0.19767441860465115,10,2.4396194193705782,0.10465116279069768,0,0.0,0.0,6,1.463771651622347,0.03488372093023256,7,1.7077335935594047,0.08139534883720931,74,18.053183703342278,0.4069767441860465,157,38.302024884118076,0.4418604651162791,20,4.8792388387411565,0.1511627906976744,88,21.468650890461088,0.4883720930232558,138,33.666747987313975,0.4418604651162791,29,7.0748963161746765,0.23255813953488372,187,45.620883142229815,0.6511627906976745,78,19.02903147109051,0.3488372093023256
ep_386_whisperx_diarized.gender.host_guest,SPEAKER_00,GUEST,male,11173,89,37,3.311554640651571,19,1.7005280587129687,0,0.0,0.0,4,0.3580059070974671,0.033707865168539325,0,0.0,0.0,0,0.0,0.0,0,0.0,0.0,1,0.08950147677436678,0.011235955056179775,2,0.17900295354873355,0.02247191011235955,86,7.6971270025955425,0.4044943820224719,30,2.6850443032310034,0.20224719101123595,11,0.9845162445180344,0.10112359550561797,0,0.0,0.0,5,0.44750738387183386,0.0449438202247191,7,0.6265103374205674,0.07865168539325842,217,19.42182046003759,0.5730337078651685,111,9.934663921954712,0.38202247191011235,130,11.635191980667681,0.39325842696629215,65,5.817595990333841,0.38202247191011235,142,12.709209701960082,0.4943820224719101,30,2.6850443032310034,0.2247191011235955,268,23.986395775530298,0.7078651685393258,367,32.84704197619261,0.6853932584269663
ep_386_whisperx_diarized.gender.host_guest,SPEAKER_01,HOST,male,5480,89,26,4.744525547445255,17,3.102189781021898,1,0.18248175182481752,0.011235955056179775,2,0.36496350364963503,0.02247191011235955,0,0.0,0.0,0,0.0,0.0,0,0.0,0.0,0,0.0,0.0,1,0.18248175182481752,0.011235955056179775,69,12.591240875912408,0.34831460674157305,33,6.021897810218978,0.25842696629213485,17,3.102189781021898,0.15730337078651685,0,0.0,0.0,1,0.18248175182481752,0.011235955056179775,7,1.2773722627737227,0.07865168539325842,111,20.255474452554747,0.5168539325842697,92,16.78832116788321,0.3258426966292135,67,12.226277372262773,0.2808988764044944,57,10.401459854014599,0.3707865168539326,90,16.423357664233578,0.43820224719101125,29,5.291970802919709,0.19101123595505617,135,24.635036496350367,0.4943820224719101,172,31.386861313868614,0.5280898876404494
ep_387_whisperx_diarized.gender.host_guest,SPEAKER_01,GUEST,male,992,6,11,11.088709677419356,11,11.088709677419356,0,0.0,0.0,0,0.0,0.0,0,0.0,0.0,0,0.0,0.0,0,0.0,0.0,0,0.0,0.0,0,0.0,0.0,18,18.145161290322584,0.8333333333333334,9,9.072580645161292,0.6666666666666666,1,1.0080645161290323,0.16666666666666666,0,0.0,0.0,0,0.0,0.0,1,1.0080645161290323,0.16666666666666666,33,33.266129032258064,1.0,20,20.161290322580644,0.8333333333333334,13,13.10483870967742,0.6666666666666666,7,7.056451612903226,0.6666666666666666,50,50.40322580645161,1.0,3,3.0241935483870965,0.5,27,27.217741935483872,0.6666666666666666,3,3.0241935483870965,0.3333333333333333
ep_387_whisperx_diarized.gender.host_guest,SPEAKER_00,HOST,male,853,6,9,10.550996483001173,5,5.861664712778429,1,1.1723329425556857,0.16666666666666666,0,0.0,0.0,0,0.0,0.0,0,0.0,0.0,1,1.1723329425556857,0.16666666666666666,0,0.0,0.0,0,0.0,0.0,18,21.101992966002346,1.0,11,12.895662368112545,0.8333333333333334,1,1.1723329425556857,0.16666666666666666,0,0.0,0.0,0,0.0,0.0,3,3.5169988276670576,0.5,18,21.101992966002346,0.8333333333333334,25,29.308323563892145,1.0,5,5.861664712778429,0.5,5,5.861664712778429,0.5,34,39.859320046893316,1.0,5,5.861664712778429,0.5,44,51.58264947245018,1.0,6,7.033997655334115,0.6666666666666666
ep_388_whisperx_diarized.gender.host_guest,SPEAKER_00,GUEST,male,9164,66,46,5.019642077695329,47,5.128764731558271,0,0.0,0.0,0,0.0,0.0,0,0.0,0.0,0,0.0,0.0,0,0.0,0.0,0,0.0,0.0,0,0.0,0.0,96,10.475774770842426,0.5757575757575758,45,4.910519423832388,0.4090909090909091,2,0.21824530772588388,0.030303030303030304,2,0.21824530772588388,0.015151515151515152,2,0.21824530772588388,0.030303030303030304,0,0.0,0.0,251,27.389786119598426,0.6666666666666666,304,33.17328677433435,0.5909090909090909,133,14.513312963771279,0.4393939393939394,111,12.112614578786555,0.5757575757575758,261,28.481012658227847,0.6515151515151515,33,3.6010475774770843,0.3333333333333333,328,35.79223046704496,0.6666666666666666,120,13.094718463553033,0.5454545454545454
ep_388_whisperx_diarized.gender.host_guest,SPEAKER_01,HOST,male,4064,66,27,6.643700787401575,7,1.7224409448818898,0,0.0,0.0,3,0.7381889763779528,0.015151515151515152,0,0.0,0.0,1,0.24606299212598426,0.015151515151515152,0,0.0,0.0,0,0.0,0.0,0,0.0,0.0,48,11.811023622047244,0.36363636363636365,29,7.1358267716535435,0.24242424242424243,0,0.0,0.0,0,0.0,0.0,2,0.4921259842519685,0.030303030303030304,8,1.968503937007874,0.12121212121212122,94,23.12992125984252,0.5151515151515151,100,24.606299212598426,0.3787878787878788,29,7.1358267716535435,0.19696969696969696,53,13.041338582677165,0.36363636363636365,124,30.511811023622048,0.5454545454545454,16,3.937007874015748,0.16666666666666666,159,39.124015748031496,0.5909090909090909,83,20.423228346456693,0.45454545454545453
ep_389_whisperx_diarized.gender.host_guest,SPEAKER_01,GUEST,female,14866,176,141,9.484730256962195,45,3.0270415713709133,2,0.1345351809498184,0.011363636363636364,0,0.0,0.0,1,0.0672675904749092,0.005681818181818182,0,0.0,0.0,0,0.0,0.0,0,0.0,0.0,2,0.1345351809498184,0.011363636363636364,203,13.655320866406566,0.4147727272727273,160,10.76281447598547,0.38636363636363635,2,0.1345351809498184,0.011363636363636364,2,0.1345351809498184,0.011363636363636364,7,0.4708731333243643,0.03409090909090909,8,0.5381407237992736,0.045454545454545456,257,17.28777075205166,0.4602272727272727,299,20.11300955199785,0.44886363636363635,70,4.708731333243644,0.17613636363636365,258,17.35503834252657,0.48863636363636365,292,19.64213641867348,0.4715909090909091,98,6.592223866541101,0.26136363636363635,667,44.86748284676443,0.6761363636363636,341,22.938248351944033,0.5738636363636364
ep_389_whisperx_diarized.gender.host_guest,SPEAKER_00,HOST,male,8422,175,63,7.480408454048919,48,5.699358822132511,4,0.4749465685110425,0.017142857142857144,3,0.3562099263832819,0.011428571428571429,0,0.0,0.0,1,0.11873664212776062,0.005714285714285714,2,0.23747328425552125,0.011428571428571429,0,0.0,0.0,2,0.23747328425552125,0.011428571428571429,115,13.654713844692473,0.30857142857142855,70,8.311564948943245,0.18857142857142858,20,2.3747328425552126,0.09714285714285714,1,0.11873664212776062,0.005714285714285714,1,0.11873664212776062,0.005714285714285714,6,0.7124198527665638,0.03428571428571429,177,21.01638565661363,0.3485714285714286,179,21.253858940869154,0.35428571428571426,112,13.29850391830919,0.18857142857142858,131,15.554500118736643,0.35428571428571426,185,21.966278793635716,0.34285714285714286,55,6.530515317026834,0.2057142857142857,367,43.57634766088815,0.5828571428571429,187,22.203752077891238,0.4342857142857143
ep_390_whisperx_diarized.gender.host_guest,SPEAKER_01,GUEST,male,18465,154,24,1.2997562956945572,10,0.5415651232060655,0,0.0,0.0,5,0.27078256160303277,0.025974025974025976,0,0.0,0.0,1,0.05415651232060655,0.006493506493506494,0,0.0,0.0,0,0.0,0.0,1,0.05415651232060655,0.006493506493506494,90,4.87408610885459,0.2792207792207792,45,2.437043054427295,0.16233766233766234,2,0.1083130246412131,0.012987012987012988,0,0.0,0.0,8,0.4332520985648524,0.045454545454545456,5,0.27078256160303277,0.032467532467532464,477,25.83265637692933,0.7207792207792207,348,18.84646628757108,0.487012987012987,343,18.575683725968048,0.44155844155844154,340,18.41321418900623,0.5584415584415584,331,17.92580557812077,0.5844155844155844,81,4.3866774979691305,0.2597402597402597,324,17.546709991876522,0.6233766233766234,401,21.71676144056323,0.6753246753246753
ep_390_whisperx_diarized.gender.host_guest,SPEAKER_00,HOST,male,3412,153,10,2.9308323563892147,3,0.8792497069167644,1,0.2930832356389214,0.006535947712418301,0,0.0,0.0,3,0.8792497069167644,0.013071895424836602,0,0.0,0.0,2,0.5861664712778428,0.013071895424836602,0,0.0,0.0,0,0.0,0.0,24,7.033997655334115,0.12418300653594772,13,3.8100820633059787,0.06535947712418301,2,0.5861664712778428,0.013071895424836602,0,0.0,0.0,4,1.1723329425556857,0.0196078431372549,11,3.223915592028136,0.0718954248366013,94,27.549824150058615,0.47058823529411764,63,18.46424384525205,0.20915032679738563,24,7.033997655334115,0.1111111111111111,62,18.17116060961313,0.2222222222222222,105,30.77373974208675,0.3660130718954248,8,2.3446658851113713,0.0392156862745098,87,25.49824150058617,0.22875816993464052,73,21.395076201641267,0.27450980392156865
ep_391_whisperx_diarized.gender.host_guest,SPEAKER_00,HOST,male,3286,83,33,10.042604990870359,10,3.0432136335970785,2,0.6086427267194157,0.024096385542168676,1,0.30432136335970783,0.012048192771084338,0,0.0,0.0,1,0.30432136335970783,0.012048192771084338,1,0.30432136335970783,0.012048192771084338,0,0.0,0.0,1,0.30432136335970783,0.012048192771084338,52,15.82471089470481,0.2891566265060241,26,7.912355447352405,0.1686746987951807,5,1.5216068167985393,0.04819277108433735,0,0.0,0.0,2,0.6086427267194157,0.024096385542168676,7,2.1302495435179547,0.08433734939759036,80,24.345709068776628,0.43373493975903615,58,17.650639074863054,0.20481927710843373,48,14.607425441265978,0.24096385542168675,48,14.607425441265978,0.2891566265060241,88,26.78027997565429,0.43373493975903615,16,4.869141813755325,0.14457831325301204,137,41.692026780279974,0.5301204819277109,63,19.172245891661596,0.40963855421686746
ep_391_whisperx_diarized.gender.host_guest,SPEAKER_01,GUEST,male,11245,82,103,9.159626500666963,27,2.4010671409515343,1,0.0889284126278346,0.012195121951219513,1,0.0889284126278346,0.012195121951219513,3,0.2667852378835038,0.036585365853658534,0,0.0,0.0,0,0.0,0.0,1,0.0889284126278346,0.012195121951219513,1,0.0889284126278346,0.012195121951219513,154,13.694975544686526,0.47560975609756095,38,3.3792796798577145,0.2926829268292683,5,0.444642063139173,0.04878048780487805,0,0.0,0.0,8,0.7114273010226768,0.08536585365853659,3,0.2667852378835038,0.036585365853658534,316,28.101378390395734,0.524390243902439,181,16.09604268563806,0.35365853658536583,168,14.939973321476213,0.35365853658536583,83,7.381058248110271,0.2682926829268293,450,40.01778568252556,0.5121951219512195,84,7.4699866607381065,0.3048780487804878,469,41.70742552245443,0.6097560975609756,158,14.050689195197867,0.47560975609756095
ep_392_whisperx_diarized.gender.host_guest,SPEAKER_00,HOST,male,14698,186,78,5.306844468635188,53,3.605932779970064,2,0.13607293509320997,0.010752688172043012,3,0.20410940263981495,0.016129032258064516,2,0.13607293509320997,0.010752688172043012,2,0.13607293509320997,0.010752688172043012,3,0.20410940263981495,0.010752688172043012,0,0.0,0.0,2,0.13607293509320997,0.010752688172043012,188,12.790855898761736,0.489247311827957,98,6.667573819567288,0.34946236559139787,44,2.9936045720506193,0.17204301075268819,2,0.13607293509320997,0.010752688172043012,4,0.27214587018641995,0.016129032258064516,7,0.47625527282623487,0.03763440860215054,271,18.43788270512995,0.5161290322580645,346,23.540617771125323,0.532258064516129,175,11.906381820655872,0.3333333333333333,207,14.083548782147231,0.44623655913978494,391,26.60225881072255,0.5268817204301075,68,4.626479793169139,0.22580645161290322,431,29.323717512586747,0.6021505376344086,389,26.466185875629336,0.6129032258064516
ep_392_whisperx_diarized.gender.host_guest,SPEAKER_01,GUEST,male,15735,186,64,4.067365745154115,29,1.8430251032729583,1,0.06355258976803305,0.005376344086021506,4,0.2542103590721322,0.016129032258064516,4,0.2542103590721322,0.021505376344086023,3,0.19065776930409914,0.016129032258064516,1,0.06355258976803305,0.005376344086021506,1,0.06355258976803305,0.005376344086021506,0,0.0,0.0,165,10.486177311725452,0.40860215053763443,67,4.258023514458214,0.1935483870967742,28,1.7794725135049252,0.10752688172043011,4,0.2542103590721322,0.016129032258064516,11,0.6990784874483634,0.053763440860215055,12,0.7626310772163966,0.06451612903225806,315,20.01906577693041,0.543010752688172,227,14.426437877343503,0.42473118279569894,303,19.256434699714013,0.46236559139784944,172,10.931045440101684,0.3978494623655914,272,17.28630441690499,0.4838709677419355,66,4.194470924690181,0.22580645161290322,564,35.843660629170635,0.6774193548387096,490,31.14076898633619,0.6559139784946236
ep_393_whisperx_diarized.gender.host_guest,SPEAKER_01,GUEST,male,19875,217,111,5.584905660377358,171,8.60377358490566,4,0.20125786163522014,0.013824884792626729,3,0.15094339622641512,0.004608294930875576,8,0.4025157232704403,0.03686635944700461,2,0.10062893081761007,0.009216589861751152,1,0.050314465408805034,0.004608294930875576,1,0.050314465408805034,0.004608294930875576,1,0.050314465408805034,0.004608294930875576,290,14.59119496855346,0.4792626728110599,138,6.943396226415095,0.2995391705069124,14,0.7044025157232704,0.055299539170506916,1,0.050314465408805034,0.004608294930875576,51,2.566037735849057,0.16129032258064516,8,0.4025157232704403,0.03686635944700461,608,30.59119496855346,0.5852534562211982,559,28.12578616352201,0.5990783410138248,172,8.654088050314465,0.31336405529953915,280,14.088050314465407,0.4976958525345622,979,49.257861635220124,0.6682027649769585,159,8.0,0.33640552995391704,795,40.0,0.7050691244239631,317,15.949685534591197,0.41935483870967744
ep_393_whisperx_diarized.gender.host_guest,SPEAKER_00,HOST,male,5153,217,16,3.1049873859887445,27,5.239666213856006,5,0.9703085581214826,0.02304147465437788,0,0.0,0.0,1,0.19406171162429653,0.004608294930875576,4,0.7762468464971861,0.018433179723502304,2,0.38812342324859306,0.009216589861751152,0,0.0,0.0,1,0.19406171162429653,0.004608294930875576,49,9.50902386959053,0.18433179723502305,22,4.269357655734524,0.08294930875576037,12,2.3287405394915583,0.055299539170506916,0,0.0,0.0,6,1.1643702697457792,0.027649769585253458,20,3.8812342324859306,0.09216589861751152,117,22.705220260042694,0.35944700460829493,179,34.73704638074908,0.4055299539170507,30,5.821851348728896,0.08755760368663594,130,25.22802251115855,0.3087557603686636,213,41.335144575975164,0.47465437788018433,49,9.50902386959053,0.17050691244239632,203,39.394527459732195,0.423963133640553,123,23.86959052978847,0.3271889400921659
ep_394_whisperx_diarized.gender.host_guest,SPEAKER_00,GUEST,male,9115,47,19,2.0844761382336805,24,2.6330224904004385,0,0.0,0.0,0,0.0,0.0,0,0.0,0.0,0,0.0,0.0,1,0.10970927043335162,0.02127659574468085,0,0.0,0.0,0,0.0,0.0,46,5.046626439934174,0.44680851063829785,13,1.426220515633571,0.19148936170212766,10,1.0970927043335161,0.19148936170212766,1,0.10970927043335162,0.02127659574468085,3,0.3291278113000548,0.06382978723404255,1,0.10970927043335162,0.02127659574468085,299,32.803071859572135,0.6808510638297872,123,13.494240263302249,0.5106382978723404,158,17.334064728469556,0.6595744680851063,59,6.4728469555677455,0.425531914893617,185,20.29621503017005,0.723404255319149,36,3.9495337356006583,0.3617021276595745,215,23.587493143170597,0.8085106382978723,205,22.49040043883708,0.6808510638297872
ep_394_whisperx_diarized.gender.host_guest,SPEAKER_01,HOST,male,3112,46,18,5.784061696658098,15,4.820051413881748,1,0.3213367609254498,0.021739130434782608,1,0.3213367609254498,0.021739130434782608,1,0.3213367609254498,0.021739130434782608,1,0.3213367609254498,0.021739130434782608,0,0.0,0.0,0,0.0,0.0,0,0.0,0.0,32,10.282776349614394,0.391304347826087,10,3.2133676092544987,0.1956521739130435,4,1.2853470437017993,0.08695652173913043,0,0.0,0.0,3,0.9640102827763496,0.06521739130434782,8,2.5706940874035986,0.17391304347826086,67,21.529562982005142,0.5869565217391305,34,10.925449871465297,0.2608695652173913,38,12.210796915167094,0.34782608695652173,24,7.712082262210797,0.30434782608695654,65,20.886889460154244,0.5434782608695652,17,5.462724935732648,0.1956521739130435,108,34.70437017994859,0.6956521739130435,73,23.45758354755784,0.5217391304347826
ep_395_whisperx_diarized.gender.host_guest,SPEAKER_01,GUEST,male,23742,232,35,1.474180776682672,12,0.5054334091483447,3,0.12635835228708617,0.01293103448275862,2,0.08423890152472413,0.008620689655172414,0,0.0,0.0,2,0.08423890152472413,0.008620689655172414,0,0.0,0.0,0,0.0,0.0,0,0.0,0.0,124,5.222811894532896,0.27586206896551724,56,2.358689242692275,0.14224137931034483,8,0.3369556060988965,0.03017241379310345,1,0.042119450762362065,0.004310344827586207,8,0.3369556060988965,0.034482758620689655,11,0.46331395838598266,0.04741379310344827,333,14.025777103866567,0.5043103448275862,451,18.995872293825286,0.44396551724137934,526,22.154831101002443,0.43103448275862066,433,18.23772218010277,0.40948275862068967,264,11.119535001263582,0.41379310344827586,79,3.3274366102266026,0.19827586206896552,381,16.047510740459945,0.5431034482758621,539,22.70238396091315,0.603448275862069
ep_395_whisperx_diarized.gender.host_guest,SPEAKER_00,HOST,male,4974,232,10,2.010454362685967,9,1.8094089264173703,1,0.2010454362685967,0.004310344827586207,2,0.4020908725371934,0.004310344827586207,0,0.0,0.0,2,0.4020908725371934,0.008620689655172414,1,0.2010454362685967,0.004310344827586207,0,0.0,0.0,0,0.0,0.0,27,5.428226779252111,0.06896551724137931,10,2.010454362685967,0.034482758620689655,5,1.0052271813429834,0.008620689655172414,3,0.6031363088057901,0.004310344827586207,0,0.0,0.0,16,3.216726980297547,0.06896551724137931,103,20.70767993566546,0.31896551724137934,69,13.872135102533171,0.14655172413793102,45,9.047044632086852,0.14224137931034483,61,12.263771612384398,0.16379310344827586,156,31.363088057901084,0.29310344827586204,46,9.248090068355449,0.125,109,21.91395255327704,0.21120689655172414,96,19.300361881785282,0.23275862068965517
ep_396_whisperx_diarized.gender.host_guest,SPEAKER_00,GUEST,male,18293,41,134,7.325206363089706,84,4.5919204067129495,0,0.0,0.0,2,0.10933143825507025,0.04878048780487805,1,0.05466571912753512,0.024390243902439025,2,0.10933143825507025,0.04878048780487805,0,0.0,0.0,0,0.0,0.0,0,0.0,0.0,232,12.682446837588149,0.8780487804878049,78,4.26392609194774,0.7073170731707317,22,1.2026458208057726,0.2926829268292683,1,0.05466571912753512,0.024390243902439025,4,0.2186628765101405,0.0975609756097561,0,0.0,0.0,603,32.963428633903675,0.8780487804878049,356,19.460996009402503,0.8780487804878049,194,10.605149510741814,0.7317073170731707,121,6.61455201443175,0.8048780487804879,455,24.87290220302848,0.8536585365853658,57,3.115945990269502,0.5365853658536586,593,32.416771442628324,0.9512195121951219,289,15.798392827857652,0.926829268292683
ep_396_whisperx_diarized.gender.host_guest,SPEAKER_01,HOST,male,2517,41,34,13.508144616607073,10,3.972983710766786,0,0.0,0.0,0,0.0,0.0,0,0.0,0.0,0,0.0,0.0,0,0.0,0.0,0,0.0,0.0,0,0.0,0.0,51,20.26221692491061,0.5853658536585366,20,7.945967421533572,0.36585365853658536,0,0.0,0.0,1,0.3972983710766786,0.024390243902439025,3,1.1918951132300357,0.07317073170731707,6,2.3837902264600714,0.14634146341463414,48,19.07032181168057,0.5121951219512195,39,15.494636471990464,0.3902439024390244,9,3.575685339690107,0.0975609756097561,26,10.329757647993643,0.36585365853658536,89,35.35955502582439,0.6829268292682927,12,4.767580452920143,0.21951219512195122,144,57.210965435041714,0.8536585365853658,33,13.110846245530393,0.36585365853658536
ep_397_whisperx_diarized.gender.host_guest,SPEAKER_00,GUEST,male,5972,58,21,3.5164099129269926,10,1.6744809109176155,5,0.8372404554588078,0.034482758620689655,1,0.16744809109176154,0.017241379310344827,0,0.0,0.0,0,0.0,0.0,0,0.0,0.0,0,0.0,0.0,0,0.0,0.0,66,11.051574012056262,0.4482758620689655,32,5.358338914936369,0.29310344827586204,1,0.16744809109176154,0.017241379310344827,0,0.0,0.0,2,0.3348961821835231,0.034482758620689655,1,0.16744809109176154,0.017241379310344827,120,20.093770931011388,0.5344827586206896,177,29.638312123241796,0.6551724137931034,63,10.549229738780978,0.27586206896551724,137,22.940388479571332,0.603448275862069,89,14.902880107166778,0.5172413793103449,9,1.507032819825854,0.13793103448275862,156,26.121902210314804,0.6206896551724138,75,12.558606831882116,0.5172413793103449
ep_397_whisperx_diarized.gender.host_guest,SPEAKER_01,HOST,male,1614,58,7,4.337050805452293,6,3.717472118959108,3,1.858736059479554,0.034482758620689655,0,0.0,0.0,0,0.0,0.0,2,1.2391573729863692,0.034482758620689655,0,0.0,0.0,0,0.0,0.0,0,0.0,0.0,18,11.152416356877323,0.20689655172413793,11,6.815365551425031,0.1724137931034483,1,0.6195786864931846,0.017241379310344827,0,0.0,0.0,0,0.0,0.0,2,1.2391573729863692,0.034482758620689655,25,15.489467162329616,0.27586206896551724,49,30.359355638166047,0.3448275862068966,11,6.815365551425031,0.13793103448275862,32,19.826517967781907,0.29310344827586204,81,50.185873605947954,0.5,8,4.956629491945477,0.08620689655172414,66,40.89219330855018,0.4827586206896552,19,11.771995043370508,0.1896551724137931
ep_398_whisperx_diarized.gender.host_guest,SPEAKER_01,GUEST,male,9086,139,39,4.292317851639885,33,3.6319612590799033,0,0.0,0.0,0,0.0,0.0,0,0.0,0.0,2,0.2201188641866608,0.014388489208633094,4,0.4402377283733216,0.02877697841726619,0,0.0,0.0,0,0.0,0.0,117,12.876953554919657,0.39568345323741005,60,6.603565925599824,0.2589928057553957,13,1.430772617213295,0.08633093525179857,1,0.1100594320933304,0.007194244604316547,10,1.100594320933304,0.06474820143884892,5,0.550297160466652,0.03597122302158273,269,29.60598723310588,0.60431654676259,379,41.71252476337222,0.6690647482014388,69,7.5941008144397975,0.17985611510791366,276,30.37640325775919,0.6402877697841727,175,19.26040061633282,0.460431654676259,37,4.072198987453225,0.2158273381294964,271,29.826106097292538,0.5755395683453237,150,16.508914813999557,0.4172661870503597
ep_398_whisperx_diarized.gender.host_guest,SPEAKER_00,HOST,male,1896,139,9,4.746835443037975,14,7.383966244725738,4,2.109704641350211,0.02158273381294964,3,1.5822784810126582,0.02158273381294964,0,0.0,0.0,0,0.0,0.0,0,0.0,0.0,0,0.0,0.0,0,0.0,0.0,22,11.603375527426161,0.14388489208633093,8,4.219409282700422,0.05755395683453238,5,2.6371308016877637,0.03597122302158273,0,0.0,0.0,0,0.0,0.0,8,4.219409282700422,0.05755395683453238,36,18.9873417721519,0.2014388489208633,47,24.789029535864977,0.2014388489208633,15,7.9113924050632916,0.09352517985611511,32,16.877637130801688,0.1510791366906475,110,58.016877637130804,0.45323741007194246,18,9.49367088607595,0.1223021582733813,75,39.55696202531646,0.3237410071942446,33,17.40506329113924,0.15827338129496402
ep_399_whisperx_diarized.gender.host_guest,SPEAKER_01,HOST,male,1443,110,5,3.465003465003465,4,2.772002772002772,2,1.386001386001386,0.01818181818181818,0,0.0,0.0,0,0.0,0.0,3,2.079002079002079,0.00909090909090909,0,0.0,0.0,0,0.0,0.0,0,0.0,0.0,16,11.088011088011088,0.1,7,4.851004851004851,0.06363636363636363,4,2.772002772002772,0.01818181818181818,0,0.0,0.0,1,0.693000693000693,0.00909090909090909,4,2.772002772002772,0.03636363636363636,18,12.474012474012476,0.13636363636363635,28,19.404019404019405,0.18181818181818182,29,20.097020097020096,0.14545454545454545,35,24.255024255024257,0.22727272727272727,68,47.124047124047124,0.3090909090909091,12,8.316008316008316,0.1,51,35.343035343035346,0.2818181818181818,19,13.167013167013167,0.1
ep_399_whisperx_diarized.gender.host_guest,SPEAKER_00,GUEST,male,8377,110,6,0.7162468664199595,8,0.9549958218932791,1,0.11937447773665989,0.00909090909090909,2,0.23874895547331978,0.01818181818181818,0,0.0,0.0,0,0.0,0.0,0,0.0,0.0,0,0.0,0.0,0,0.0,0.0,41,4.894353587203056,0.23636363636363636,22,2.626238510206518,0.14545454545454545,3,0.35812343320997975,0.02727272727272727,0,0.0,0.0,2,0.23874895547331978,0.01818181818181818,4,0.47749791094663957,0.03636363636363636,174,20.771159126178823,0.5181818181818182,282,33.663602721738094,0.5454545454545454,114,13.60869046197923,0.38181818181818183,218,26.02363614659186,0.509090909090909,149,17.786797182762328,0.4818181818181818,44,5.252477020413036,0.2636363636363636,220,26.262385102065178,0.5818181818181818,75,8.953085830249492,0.3181818181818182
ep_400_whisperx_diarized.gender.host_guest,SPEAKER_01,HOST,male,1571,90,17,10.821133036282623,8,5.092297899427116,1,0.6365372374283895,0.011111111111111112,2,1.273074474856779,0.011111111111111112,0,0.0,0.0,0,0.0,0.0,0,0.0,0.0,0,0.0,0.0,0,0.0,0.0,39,24.824952259707192,0.2777777777777778,22,14.003819223424571,0.18888888888888888,0,0.0,0.0,0,0.0,0.0,0,0.0,0.0,14,8.911521323997455,0.15555555555555556,35,22.278803309993634,0.2777777777777778,32,20.369191597708465,0.2222222222222222,11,7.001909611712286,0.1,22,14.003819223424571,0.18888888888888888,76,48.3768300445576,0.5444444444444444,20,12.730744748567792,0.2,56,35.64608529598982,0.43333333333333335,34,21.642266072565246,0.23333333333333334
ep_400_whisperx_diarized.gender.host_guest,SPEAKER_00,GUEST,male,11556,90,111,9.60539979231568,36,3.115264797507788,0,0.0,0.0,9,0.778816199376947,0.05555555555555555,0,0.0,0.0,0,0.0,0.0,0,0.0,0.0,0,0.0,0.0,1,0.08653513326410524,0.011111111111111112,183,15.835929387331255,0.6777777777777778,90,7.788161993769471,0.5111111111111111,2,0.17307026652821048,0.022222222222222223,0,0.0,0.0,1,0.08653513326410524,0.011111111111111112,2,0.17307026652821048,0.022222222222222223,284,24.575977847005884,0.7,387,33.48909657320872,0.7222222222222222,56,4.8459674627898925,0.3111111111111111,234,20.24922118380062,0.7333333333333333,342,29.595015576323988,0.7444444444444445,67,5.79785392869505,0.3333333333333333,398,34.44098303911388,0.7666666666666667,224,19.38386985115957,0.6111111111111112
ep_401_whisperx_diarized.gender.host_guest,SPEAKER_00,HOST,male,1589,120,1,0.6293266205160478,4,2.5173064820641913,3,1.8879798615481436,0.016666666666666666,0,0.0,0.0,0,0.0,0.0,0,0.0,0.0,0,0.0,0.0,0,0.0,0.0,0,0.0,0.0,13,8.18124606670862,0.075,10,6.293266205160479,0.06666666666666667,0,0.0,0.0,0,0.0,0.0,3,1.8879798615481436,0.025,9,5.663939584644431,0.075,30,18.879798615481437,0.24166666666666667,21,13.215859030837004,0.15,8,5.0346129641283826,0.03333333333333333,35,22.026431718061676,0.20833333333333334,88,55.38074260541221,0.4083333333333333,17,10.698552548772813,0.125,57,35.87161736941473,0.30833333333333335,26,16.36249213341724,0.13333333333333333
ep_401_whisperx_diarized.gender.host_guest,SPEAKER_01,GUEST,male,5864,119,8,1.364256480218281,11,1.8758526603001364,0,0.0,0.0,0,0.0,0.0,0,0.0,0.0,0,0.0,0.0,0,0.0,0.0,0,0.0,0.0,0,0.0,0.0,40,6.8212824010914055,0.24369747899159663,25,4.263301500682128,0.16806722689075632,1,0.17053206002728513,0.008403361344537815,0,0.0,0.0,5,0.8526603001364257,0.04201680672268908,8,1.364256480218281,0.06722689075630252,111,18.92905866302865,0.3697478991596639,260,44.33833560709413,0.5798319327731093,28,4.774897680763983,0.11764705882352941,184,31.377899045020467,0.5882352941176471,135,23.021828103683493,0.48739495798319327,33,5.627557980900409,0.21008403361344538,125,21.31650750341064,0.5378151260504201,90,15.347885402455661,0.3025210084033613
ep_402_whisperx_diarized.gender.host_guest,SPEAKER_01,HOST,male,2887,232,4,1.3855213023900244,8,2.7710426047800487,1,0.3463803255975061,0.004310344827586207,2,0.6927606511950122,0.008620689655172414,1,0.3463803255975061,0.004310344827586207,4,1.3855213023900244,0.008620689655172414,1,0.3463803255975061,0.004310344827586207,0,0.0,0.0,1,0.3463803255975061,0.004310344827586207,24,8.313127814340145,0.09051724137931035,17,5.888465535157603,0.06465517241379311,1,0.3463803255975061,0.004310344827586207,0,0.0,0.0,2,0.6927606511950122,0.008620689655172414,39,13.508832698302736,0.16810344827586207,40,13.855213023900243,0.14224137931034483,39,13.508832698302736,0.09482758620689655,29,10.045029442327674,0.07758620689655173,42,14.547973675095255,0.14224137931034483,152,52.64980949082092,0.3879310344827586,32,11.084170419120195,0.10775862068965517,101,34.984412885348114,0.28448275862068967,53,18.358157256667823,0.16379310344827586
ep_402_whisperx_diarized.gender.host_guest,SPEAKER_00,GUEST,male,10401,232,15,1.442169022209403,19,1.8267474281319105,1,0.09614460148062687,0.004310344827586207,1,0.09614460148062687,0.004310344827586207,1,0.09614460148062687,0.004310344827586207,1,0.09614460148062687,0.004310344827586207,1,0.09614460148062687,0.004310344827586207,1,0.09614460148062687,0.004310344827586207,0,0.0,0.0,65,6.249399096240746,0.1853448275862069,41,3.941928660705701,0.12931034482758622,8,0.7691568118450149,0.02586206896551724,0,0.0,0.0,2,0.19228920296125374,0.004310344827586207,7,0.6730122103643881,0.03017241379310345,226,21.728679934621674,0.40948275862068967,403,38.74627439669263,0.5,78,7.499278915488896,0.1810344827586207,302,29.035669647149312,0.5344827586206896,168,16.15229304874531,0.34051724137931033,43,4.134217863666954,0.11206896551724138,274,26.34362080569176,0.46551724137931033,192,18.459763484280355,0.3793103448275862
ep_403_whisperx_diarized.gender.host_guest,SPEAKER_01,HOST,male,682,23,2,2.932551319648094,0,0.0,4,5.865102639296188,0.17391304347826086,1,1.466275659824047,0.043478260869565216,0,0.0,0.0,0,0.0,0.0,0,0.0,0.0,1,1.466275659824047,0.043478260869565216,0,0.0,0.0,5,7.331378299120235,0.17391304347826086,3,4.398826979472141,0.08695652173913043,0,0.0,0.0,0,0.0,0.0,0,0.0,0.0,3,4.398826979472141,0.13043478260869565,7,10.263929618768328,0.30434782608695654,16,23.46041055718475,0.391304347826087,8,11.730205278592376,0.30434782608695654,14,20.527859237536656,0.34782608695652173,50,73.31378299120234,0.8260869565217391,8,11.730205278592376,0.2608695652173913,29,42.521994134897355,0.4782608695652174,5,7.331378299120235,0.21739130434782608
ep_403_whisperx_diarized.gender.host_guest,SPEAKER_00,GUEST,male,3170,23,9,2.8391167192429023,7,2.2082018927444795,6,1.8927444794952681,0.08695652173913043,1,0.3154574132492114,0.043478260869565216,0,0.0,0.0,1,0.3154574132492114,0.043478260869565216,0,0.0,0.0,0,0.0,0.0,0,0.0,0.0,22,6.94006309148265,0.2608695652173913,8,2.523659305993691,0.17391304347826086,0,0.0,0.0,0,0.0,0.0,2,0.6309148264984228,0.08695652173913043,0,0.0,0.0,80,25.236593059936908,0.5652173913043478,107,33.753943217665615,0.6956521739130435,21,6.624605678233438,0.5217391304347826,50,15.772870662460567,0.6956521739130435,121,38.170347003154575,0.6521739130434783,16,5.047318611987382,0.43478260869565216,74,23.34384858044164,0.5217391304347826,23,7.255520504731861,0.391304347826087
ep_404_whisperx_diarized.gender.host_guest,SPEAKER_01,HOST,male,2146,121,4,1.863932898415657,7,3.2618825722273996,0,0.0,0.0,0,0.0,0.0,0,0.0,0.0,1,0.4659832246039142,0.008264462809917356,0,0.0,0.0,2,0.9319664492078285,0.008264462809917356,0,0.0,0.0,23,10.717614165890028,0.1652892561983471,16,7.455731593662628,0.11570247933884298,1,0.4659832246039142,0.008264462809917356,0,0.0,0.0,1,0.4659832246039142,0.008264462809917356,14,6.523765144454799,0.11570247933884298,45,20.96924510717614,0.2809917355371901,38,17.707362534948743,0.18181818181818182,24,11.183597390493942,0.08264462809917356,31,14.445479962721343,0.17355371900826447,115,53.58807082945014,0.4628099173553719,21,9.785647716682199,0.14049586776859505,72,33.550792171481824,0.2892561983471074,24,11.183597390493942,0.17355371900826447
ep_404_whisperx_diarized.gender.host_guest,SPEAKER_00,GUEST,female,7898,120,32,4.051658647758926,22,2.785515320334262,0,0.0,0.0,0,0.0,0.0,0,0.0,0.0,1,0.12661433274246645,0.008333333333333333,0,0.0,0.0,2,0.2532286654849329,0.016666666666666666,0,0.0,0.0,110,13.927576601671309,0.2916666666666667,72,9.116231957457584,0.24166666666666667,4,0.5064573309698658,0.016666666666666666,0,0.0,0.0,7,0.8863003291972652,0.041666666666666664,7,0.8863003291972652,0.058333333333333334,190,24.056723221068623,0.4666666666666667,380,48.113446442137246,0.5833333333333334,103,13.041276272474045,0.3,197,24.94302355026589,0.525,245,31.020511521904282,0.475,61,7.723474297290454,0.275,228,28.86806786528235,0.5416666666666666,135,17.09293492023297,0.325
ep_405_whisperx_diarized.gender.host_guest,SPEAKER_00,HOST,male,2234,103,9,4.028648164726947,13,5.8191584601611455,6,2.6857654431512983,0.038834951456310676,0,0.0,0.0,0,0.0,0.0,2,0.8952551477170994,0.019417475728155338,1,0.4476275738585497,0.009708737864077669,1,0.4476275738585497,0.009708737864077669,0,0.0,0.0,26,11.638316920322291,0.1941747572815534,15,6.714413607878245,0.10679611650485436,1,0.4476275738585497,0.009708737864077669,0,0.0,0.0,1,0.4476275738585497,0.009708737864077669,15,6.714413607878245,0.14563106796116504,39,17.457475380483437,0.2621359223300971,30,13.42882721575649,0.1941747572815534,24,10.743061772605193,0.11650485436893204,47,21.038495971351836,0.30097087378640774,139,62.22023276633841,0.5436893203883495,15,6.714413607878245,0.13592233009708737,99,44.315129811996414,0.42718446601941745,18,8.057296329453894,0.1262135922330097
ep_405_whisperx_diarized.gender.host_guest,SPEAKER_01,GUEST,female,5458,103,27,4.946866984243312,8,1.4657383657017222,2,0.36643459142543056,0.019417475728155338,1,0.18321729571271528,0.009708737864077669,0,0.0,0.0,1,0.18321729571271528,0.009708737864077669,0,0.0,0.0,1,0.18321729571271528,0.009708737864077669,0,0.0,0.0,52,9.527299377061194,0.27184466019417475,20,3.664345914254306,0.13592233009708737,6,1.099303774276292,0.05825242718446602,0,0.0,0.0,1,0.18321729571271528,0.009708737864077669,1,0.18321729571271528,0.009708737864077669,134,24.551117625503846,0.44660194174757284,210,38.475632099670214,0.6407766990291263,76,13.924514474166362,0.2815533980582524,148,27.116159765481864,0.5728155339805825,71,13.008427995602785,0.3786407766990291,13,2.3818248442652985,0.10679611650485436,112,20.520337119824113,0.5242718446601942,45,8.244778307072188,0.22330097087378642
ep_406_whisperx_diarized.gender.host_guest,SPEAKER_00,HOST,male,2027,109,25,12.333497779970399,8,3.9467192895905283,3,1.4800197335964478,0.027522935779816515,3,1.4800197335964478,0.009174311926605505,0,0.0,0.0,1,0.49333991119881604,0.009174311926605505,4,1.9733596447952642,0.01834862385321101,3,1.4800197335964478,0.009174311926605505,0,0.0,0.0,41,20.226936359151455,0.25688073394495414,25,12.333497779970399,0.1651376146788991,3,1.4800197335964478,0.01834862385321101,2,0.9866798223976321,0.009174311926605505,6,2.9600394671928956,0.045871559633027525,12,5.920078934385791,0.11009174311926606,33,16.280217069560926,0.22018348623853212,45,22.20029600394672,0.22935779816513763,14,6.906758756783424,0.11926605504587157,59,29.107054760730144,0.3486238532110092,120,59.20078934385792,0.6146788990825688,24,11.840157868771582,0.1743119266055046,74,36.507153428712385,0.44036697247706424,34,16.773556980759743,0.22935779816513763
ep_406_whisperx_diarized.gender.host_guest,SPEAKER_01,GUEST,female,7383,108,52,7.043207368278478,37,5.011512935121225,1,0.13544629554381687,0.009259259259259259,3,0.4063388866314506,0.027777777777777776,0,0.0,0.0,4,0.5417851821752675,0.037037037037037035,0,0.0,0.0,7,0.9481240688067181,0.018518518518518517,0,0.0,0.0,115,15.576323987538942,0.35185185185185186,63,8.533116619260463,0.25,9,1.219016659894352,0.06481481481481481,0,0.0,0.0,3,0.4063388866314506,0.027777777777777776,6,0.8126777732629012,0.05555555555555555,304,41.17567384532033,0.42592592592592593,393,53.23039414872003,0.5648148148148148,69,9.345794392523365,0.16666666666666666,213,28.850060950832997,0.5740740740740741,160,21.6714072870107,0.48148148148148145,38,5.146959230665042,0.21296296296296297,273,36.976838683462006,0.5648148148148148,92,12.461059190031152,0.28703703703703703
ep_407_whisperx_diarized.gender.host_guest,SPEAKER_01,HOST,male,2620,120,6,2.290076335877863,6,2.290076335877863,3,1.1450381679389314,0.016666666666666666,3,1.1450381679389314,0.008333333333333333,0,0.0,0.0,1,0.38167938931297707,0.008333333333333333,1,0.38167938931297707,0.008333333333333333,3,1.1450381679389314,0.025,0,0.0,0.0,19,7.251908396946565,0.125,11,4.198473282442748,0.075,1,0.38167938931297707,0.008333333333333333,0,0.0,0.0,5,1.9083969465648853,0.041666666666666664,13,4.961832061068702,0.10833333333333334,35,13.358778625954198,0.23333333333333334,49,18.702290076335878,0.24166666666666667,16,6.106870229007633,0.075,68,25.954198473282442,0.325,117,44.65648854961832,0.525,34,12.977099236641221,0.20833333333333334,104,39.69465648854962,0.45,38,14.50381679389313,0.225
ep_407_whisperx_diarized.gender.host_guest,SPEAKER_00,GUEST,male,5879,119,14,2.3813573737030107,12,2.041163463174009,1,0.17009695526450075,0.008403361344537815,3,0.5102908657935022,0.025210084033613446,0,0.0,0.0,0,0.0,0.0,0,0.0,0.0,6,1.0205817315870045,0.025210084033613446,0,0.0,0.0,43,7.314169076373533,0.20168067226890757,20,3.4019391052900154,0.1092436974789916,2,0.3401939105290015,0.01680672268907563,0,0.0,0.0,6,1.0205817315870045,0.03361344537815126,7,1.1906786868515054,0.058823529411764705,109,18.540568123830585,0.3445378151260504,179,30.447354992345634,0.4789915966386555,44,7.484266031638034,0.17647058823529413,167,28.40619152917163,0.48739495798319327,152,25.854737200204116,0.5042016806722689,48,8.164653852696036,0.2857142857142857,168,28.576288484436127,0.5882352941176471,123,20.921925497533596,0.44537815126050423
ep_408_whisperx_diarized.gender.host_guest,SPEAKER_00,HOST,male,1894,53,17,8.975712777191129,7,3.6958817317845827,2,1.0559662090813093,0.03773584905660377,0,0.0,0.0,2,1.0559662090813093,0.018867924528301886,0,0.0,0.0,1,0.5279831045406547,0.018867924528301886,0,0.0,0.0,0,0.0,0.0,28,14.78352692713833,0.32075471698113206,12,6.335797254487857,0.16981132075471697,1,0.5279831045406547,0.018867924528301886,0,0.0,0.0,1,0.5279831045406547,0.018867924528301886,6,3.1678986272439285,0.11320754716981132,31,16.367476240760297,0.39622641509433965,32,16.89545934530095,0.24528301886792453,13,6.863780359028511,0.1320754716981132,40,21.119324181626187,0.37735849056603776,85,44.87856388595565,0.5849056603773585,13,6.863780359028511,0.18867924528301888,93,49.102428722280884,0.6415094339622641,30,15.83949313621964,0.32075471698113206
ep_408_whisperx_diarized.gender.host_guest,SPEAKER_01,GUEST,male,4284,52,13,3.034547152194211,18,4.201680672268908,0,0.0,0.0,1,0.2334267040149393,0.019230769230769232,0,0.0,0.0,1,0.2334267040149393,0.019230769230769232,0,0.0,0.0,0,0.0,0.0,0,0.0,0.0,46,10.737628384687207,0.4423076923076923,24,5.602240896358543,0.28846153846153844,5,1.1671335200746966,0.07692307692307693,1,0.2334267040149393,0.019230769230769232,3,0.7002801120448179,0.057692307692307696,3,0.7002801120448179,0.057692307692307696,89,20.7749766573296,0.46153846153846156,114,26.61064425770308,0.5769230769230769,56,13.071895424836601,0.3076923076923077,113,26.37721755368814,0.6923076923076923,88,20.54154995331466,0.5192307692307693,33,7.703081232492997,0.34615384615384615,142,33.146591970121385,0.6538461538461539,89,20.7749766573296,0.6346153846153846
ep_409_whisperx_diarized.gender.host_guest,SPEAKER_01,HOST,male,2022,67,11,5.440158259149357,5,2.472799208704253,4,1.9782393669634024,0.04477611940298507,1,0.4945598417408506,0.014925373134328358,1,0.4945598417408506,0.014925373134328358,1,0.4945598417408506,0.014925373134328358,1,0.4945598417408506,0.014925373134328358,0,0.0,0.0,1,0.4945598417408506,0.014925373134328358,30,14.836795252225519,0.23880597014925373,18,8.902077151335313,0.1791044776119403,0,0.0,0.0,0,0.0,0.0,0,0.0,0.0,6,2.967359050445104,0.08955223880597014,44,21.76063303659743,0.40298507462686567,40,19.782393669634025,0.34328358208955223,26,12.858555885262117,0.1791044776119403,33,16.320474777448073,0.2835820895522388,107,52.917903066271016,0.5970149253731343,12,5.934718100890208,0.16417910447761194,71,35.1137487636004,0.4925373134328358,25,12.363996043521267,0.23880597014925373
ep_409_whisperx_diarized.gender.host_guest,SPEAKER_00,GUEST,male,5417,66,20,3.6920804873546245,17,3.1382684142514305,0,0.0,0.0,4,0.7384160974709248,0.045454545454545456,1,0.1846040243677312,0.015151515151515152,0,0.0,0.0,1,0.1846040243677312,0.015151515151515152,0,0.0,0.0,0,0.0,0.0,56,10.337825364592948,0.45454545454545453,34,6.276536828502861,0.3939393939393939,5,0.9230201218386561,0.07575757575757576,0,0.0,0.0,3,0.5538120731031936,0.030303030303030304,3,0.5538120731031936,0.045454545454545456,128,23.629315119069595,0.4696969696969697,150,27.69060365515968,0.5151515151515151,72,13.291489754476649,0.30303030303030304,89,16.42975816872808,0.48484848484848486,108,19.93723463171497,0.5,37,6.8303489016060555,0.2727272727272727,168,31.013476093778845,0.6060606060606061,139,25.65995938711464,0.5303030303030303
ep_410_whisperx_diarized.gender.host_guest,SPEAKER_00,GUEST,male,5638,67,14,2.4831500532103585,12,2.1284143313231643,1,0.17736786094359702,0.014925373134328358,1,0.17736786094359702,0.014925373134328358,0,0.0,0.0,0,0.0,0.0,0,0.0,0.0,0,0.0,0.0,0,0.0,0.0,39,6.917346576800284,0.29850746268656714,15,2.6605179141539557,0.16417910447761194,7,1.2415750266051793,0.08955223880597014,1,0.17736786094359702,0.014925373134328358,0,0.0,0.0,6,1.0642071656615821,0.08955223880597014,125,22.170982617949626,0.5223880597014925,142,25.186236253990778,0.5671641791044776,68,12.061014544164598,0.43283582089552236,102,18.091521816246896,0.6268656716417911,122,21.638879035118837,0.5522388059701493,31,5.498403689251507,0.22388059701492538,128,22.70308620078042,0.6268656716417911,95,16.849946789641717,0.3880597014925373
ep_410_whisperx_diarized.gender.host_guest,SPEAKER_01,HOST,male,2447,66,15,6.129955046996322,8,3.2693093583980386,7,2.8606456885982836,0.045454545454545456,3,1.2259910093992643,0.045454545454545456,0,0.0,0.0,0,0.0,0.0,0,0.0,0.0,4,1.6346546791990193,0.030303030303030304,0,0.0,0.0,34,13.894564773191663,0.36363636363636365,24,9.807928075194114,0.2727272727272727,1,0.4086636697997548,0.015151515151515152,0,0.0,0.0,0,0.0,0.0,7,2.8606456885982836,0.10606060606060606,48,19.61585615038823,0.36363636363636365,51,20.841847159787495,0.3484848484848485,26,10.625255414793624,0.25757575757575757,54,22.067838169186757,0.3939393939393939,109,44.54434000817328,0.5757575757575758,18,7.355946056395586,0.19696969696969696,90,36.77973028197793,0.5,37,15.120555782590927,0.2727272727272727
ep_411_whisperx_diarized.gender.host_guest,SPEAKER_00,GUEST,male,7500,136,29,3.8666666666666667,25,3.3333333333333335,3,0.4,0.022058823529411766,5,0.6666666666666666,0.03676470588235294,0,0.0,0.0,1,0.13333333333333333,0.007352941176470588,0,0.0,0.0,2,0.26666666666666666,0.007352941176470588,0,0.0,0.0,84,11.2,0.35294117647058826,40,5.333333333333333,0.23529411764705882,18,2.4,0.08088235294117647,0,0.0,0.0,5,0.6666666666666666,0.022058823529411766,12,1.6,0.08823529411764706,136,18.133333333333333,0.4117647058823529,274,36.53333333333333,0.6102941176470589,50,6.666666666666667,0.15441176470588236,214,28.533333333333335,0.5735294117647058,211,28.133333333333333,0.5147058823529411,52,6.933333333333333,0.27205882352941174,260,34.666666666666664,0.5735294117647058,114,15.2,0.36764705882352944
ep_411_whisperx_diarized.gender.host_guest,SPEAKER_01,HOST,male,3567,136,17,4.765909728062798,11,3.0838239416876925,5,1.4017381553125876,0.014705882352941176,10,2.803476310625175,0.029411764705882353,0,0.0,0.0,1,0.28034763106251753,0.007352941176470588,1,0.28034763106251753,0.007352941176470588,0,0.0,0.0,0,0.0,0.0,57,15.979814970563499,0.23529411764705882,30,8.410428931875526,0.15441176470588236,3,0.8410428931875525,0.022058823529411766,0,0.0,0.0,2,0.5606952621250351,0.014705882352941176,17,4.765909728062798,0.125,51,14.297729184188395,0.25735294117647056,86,24.109896271376506,0.3088235294117647,22,6.167647883375385,0.08823529411764706,77,21.586767591813846,0.2647058823529412,224,62.79786935800392,0.625,38,10.653209980375667,0.16911764705882354,128,35.884496776002244,0.40441176470588236,56,15.69946733950098,0.25
ep_412_whisperx_diarized.gender.host_guest,SPEAKER_00,GUEST,male,10217,232,37,3.621415288245082,44,4.306547910345503,5,0.4893804443574435,0.01293103448275862,1,0.0978760888714887,0.004310344827586207,1,0.0978760888714887,0.004310344827586207,0,0.0,0.0,2,0.1957521777429774,0.008620689655172414,3,0.29362826661446606,0.004310344827586207,1,0.0978760888714887,0.004310344827586207,79,7.732211020847607,0.24568965517241378,32,3.1320348438876384,0.11637931034482758,10,0.978760888714887,0.04310344827586207,1,0.0978760888714887,0.004310344827586207,3,0.29362826661446606,0.01293103448275862,9,0.8808847998433983,0.03879310344827586,232,22.70725261818538,0.4353448275862069,384,37.584418126651656,0.4870689655172414,94,9.200352353919937,0.19827586206896552,212,20.749730840755603,0.41379310344827586,203,19.868846040912207,0.3793103448275862,39,3.8171674659880592,0.14655172413793102,358,35.03963981599295,0.5689655172413793,182,17.813448174610944,0.34913793103448276
ep_412_whisperx_diarized.gender.host_guest,SPEAKER_01,HOST,male,6607,232,30,4.54063871651279,41,6.205539579234145,5,0.7567731194187983,0.021551724137931036,4,0.6054184955350386,0.01293103448275862,0,0.0,0.0,1,0.15135462388375964,0.004310344827586207,2,0.3027092477675193,0.008620689655172414,0,0.0,0.0,0,0.0,0.0,75,11.351596791281974,0.1896551724137931,33,4.994702588164069,0.10344827586206896,8,1.2108369910700771,0.034482758620689655,1,0.15135462388375964,0.004310344827586207,3,0.4540638716512789,0.01293103448275862,23,3.4811563493264717,0.09913793103448276,124,18.767973361586197,0.30603448275862066,121,18.313909489934918,0.24568965517241378,49,7.416376570304223,0.12931034482758622,127,19.222037233237476,0.30603448275862066,246,37.23323747540487,0.5301724137931034,67,10.140759800211896,0.1939655172413793,277,41.92523081580142,0.47413793103448276,119,18.011200242167398,0.30603448275862066
ep_413_whisperx_diarized.gender.host_guest,SPEAKER_00,GUEST,female,10623,308,117,11.013837898898615,95,8.942859832439048,3,0.2824060999717594,0.00974025974025974,5,0.47067683328626564,0.016233766233766232,0,0.0,0.0,5,0.47067683328626564,0.012987012987012988,0,0.0,0.0,2,0.18827073331450628,0.006493506493506494,0,0.0,0.0,231,21.74526969782547,0.35714285714285715,168,15.814741598418527,0.29545454545454547,29,2.7299256330603408,0.07792207792207792,0,0.0,0.0,1,0.09413536665725314,0.003246753246753247,10,0.9413536665725313,0.032467532467532464,339,31.911889296808813,0.41233766233766234,574,54.033700461263294,0.5487012987012987,82,7.719100065894756,0.1266233766233766,246,23.157300197684272,0.43506493506493504,303,28.523016097147696,0.36688311688311687,54,5.083309799491669,0.15584415584415584,415,39.06617716276005,0.5097402597402597,196,18.450531864821613,0.288961038961039
ep_413_whisperx_diarized.gender.host_guest,SPEAKER_01,HOST,male,4220,307,36,8.530805687203792,23,5.450236966824645,8,1.8957345971563981,0.019543973941368076,1,0.23696682464454977,0.003257328990228013,0,0.0,0.0,3,0.7109004739336493,0.006514657980456026,0,0.0,0.0,3,0.7109004739336493,0.006514657980456026,0,0.0,0.0,72,17.061611374407583,0.16286644951140064,36,8.530805687203792,0.09446254071661238,2,0.47393364928909953,0.006514657980456026,2,0.47393364928909953,0.006514657980456026,6,1.4218009478672986,0.016286644951140065,25,5.924170616113743,0.08143322475570032,112,26.540284360189574,0.28664495114006516,80,18.95734597156398,0.17263843648208468,32,7.5829383886255926,0.09120521172638436,70,16.587677725118485,0.19218241042345277,276,65.40284360189573,0.4723127035830619,48,11.374407582938389,0.13680781758957655,153,36.25592417061611,0.3127035830618892,80,18.95734597156398,0.20521172638436483
ep_414_whisperx_diarized.gender.host_guest,SPEAKER_01,HOST,male,2190,167,12,5.47945205479452,15,6.8493150684931505,3,1.36986301369863,0.011976047904191617,0,0.0,0.0,0,0.0,0.0,0,0.0,0.0,0,0.0,0.0,0,0.0,0.0,0,0.0,0.0,28,12.785388127853881,0.11377245508982035,19,8.67579908675799,0.08982035928143713,1,0.45662100456621,0.005988023952095809,2,0.91324200913242,0.011976047904191617,3,1.36986301369863,0.011976047904191617,26,11.872146118721462,0.15568862275449102,40,18.2648401826484,0.20359281437125748,30,13.698630136986301,0.1437125748502994,10,4.5662100456621,0.04790419161676647,45,20.54794520547945,0.19760479041916168,124,56.62100456621005,0.46706586826347307,25,11.415525114155251,0.1317365269461078,83,37.89954337899543,0.30538922155688625,30,13.698630136986301,0.1317365269461078
ep_414_whisperx_diarized.gender.host_guest,SPEAKER_00,GUEST,male,8198,166,50,6.099048548426446,69,8.416686996828494,1,0.1219809709685289,0.006024096385542169,1,0.1219809709685289,0.006024096385542169,1,0.1219809709685289,0.006024096385542169,2,0.2439619419370578,0.006024096385542169,0,0.0,0.0,3,0.3659429129055867,0.012048192771084338,0,0.0,0.0,96,11.710173212978775,0.3132530120481928,60,7.318858258111734,0.2289156626506024,9,1.0978287387167602,0.05421686746987952,1,0.1219809709685289,0.006024096385542169,5,0.6099048548426446,0.024096385542168676,3,0.3659429129055867,0.018072289156626505,199,24.274213222737252,0.42771084337349397,343,41.83947304220541,0.5421686746987951,106,12.929982922664065,0.2289156626506024,249,30.373261771163698,0.4939759036144578,174,21.22468894852403,0.42771084337349397,38,4.635276896804099,0.18674698795180722,278,33.910709929251034,0.5783132530120482,91,11.10026835813613,0.3132530120481928
ep_415_whisperx_diarized.gender.host_guest,SPEAKER_00,GUEST,male,14175,245,87,6.137566137566138,34,2.398589065255732,1,0.07054673721340388,0.004081632653061225,2,0.14109347442680775,0.004081632653061225,0,0.0,0.0,2,0.14109347442680775,0.00816326530612245,0,0.0,0.0,0,0.0,0.0,0,0.0,0.0,159,11.216931216931217,0.3224489795918367,59,4.162257495590829,0.17142857142857143,4,0.2821869488536155,0.0163265306122449,1,0.07054673721340388,0.004081632653061225,10,0.7054673721340389,0.0326530612244898,5,0.35273368606701944,0.02040816326530612,434,30.617283950617285,0.5591836734693878,486,34.285714285714285,0.563265306122449,134,9.45326278659612,0.2938775510204082,440,31.04056437389771,0.6,297,20.952380952380953,0.4897959183673469,81,5.714285714285714,0.22448979591836735,318,22.433862433862434,0.4897959183673469,182,12.839506172839505,0.3469387755102041
ep_415_whisperx_diarized.gender.host_guest,SPEAKER_01,HOST,male,2845,244,8,2.81195079086116,8,2.81195079086116,0,0.0,0.0,2,0.70298769771529,0.004098360655737705,0,0.0,0.0,0,0.0,0.0,0,0.0,0.0,0,0.0,0.0,0,0.0,0.0,29,10.193321616871705,0.10655737704918032,16,5.62390158172232,0.06557377049180328,2,0.70298769771529,0.00819672131147541,1,0.351493848857645,0.004098360655737705,2,0.70298769771529,0.00819672131147541,26,9.13884007029877,0.10655737704918032,49,17.223198594024606,0.1680327868852459,40,14.0597539543058,0.12704918032786885,13,4.569420035149385,0.04918032786885246,70,24.604569420035148,0.1557377049180328,150,52.72407732864675,0.3729508196721312,49,17.223198594024606,0.1721311475409836,86,30.22847100175747,0.24180327868852458,54,18.98066783831283,0.1721311475409836
ep_416_whisperx_diarized.gender.host_guest,SPEAKER_00,GUEST,male,6041,181,33,5.462671743088892,66,10.925343486177784,3,0.49660652209899026,0.011049723756906077,1,0.16553550736633008,0.0055248618784530384,1,0.16553550736633008,0.0055248618784530384,0,0.0,0.0,0,0.0,0.0,0,0.0,0.0,0,0.0,0.0,75,12.415163052474755,0.27624309392265195,37,6.124813772554213,0.17679558011049723,9,1.4898195662969709,0.049723756906077346,2,0.33107101473266015,0.011049723756906077,1,0.16553550736633008,0.0055248618784530384,4,0.6621420294653203,0.022099447513812154,166,27.478894222810794,0.4198895027624309,216,35.755669591127294,0.4861878453038674,30,4.966065220989902,0.1270718232044199,102,16.884621751365668,0.35911602209944754,275,45.52226452574077,0.5303867403314917,57,9.435523919880815,0.20994475138121546,257,42.54262539314683,0.5359116022099447,74,12.249627545108426,0.26519337016574585
ep_416_whisperx_diarized.gender.host_guest,SPEAKER_01,HOST,male,2947,181,21,7.125890736342043,20,6.78656260604004,7,2.375296912114014,0.027624309392265192,0,0.0,0.0,0,0.0,0.0,1,0.33932813030200204,0.0055248618784530384,1,0.33932813030200204,0.0055248618784530384,0,0.0,0.0,0,0.0,0.0,46,15.609093993892094,0.16574585635359115,24,8.14387512724805,0.11049723756906077,2,0.6786562606040041,0.011049723756906077,4,1.3573125212080082,0.022099447513812154,1,0.33932813030200204,0.0055248618784530384,16,5.429250084832033,0.08839779005524862,66,22.395656599932135,0.287292817679558,38,12.894468951476078,0.143646408839779,16,5.429250084832033,0.03867403314917127,29,9.840515778758059,0.14917127071823205,218,73.97353240583644,0.5359116022099447,46,15.609093993892094,0.20441988950276244,157,53.27451645741432,0.4585635359116022,39,13.233797081778079,0.13812154696132597
ep_417_whisperx_diarized.gender.host_guest,SPEAKER_01,GUEST,male,4824,168,30,6.218905472636816,13,2.6948590381426203,7,1.451077943615257,0.023809523809523808,0,0.0,0.0,1,0.20729684908789386,0.005952380952380952,0,0.0,0.0,1,0.20729684908789386,0.005952380952380952,0,0.0,0.0,0,0.0,0.0,74,15.339966832504146,0.27380952380952384,48,9.950248756218905,0.19047619047619047,8,1.658374792703151,0.047619047619047616,1,0.20729684908789386,0.005952380952380952,2,0.41459369817578773,0.011904761904761904,8,1.658374792703151,0.047619047619047616,94,19.485903814262024,0.2619047619047619,155,32.131011608623545,0.40476190476190477,29,6.011608623548923,0.125,96,19.90049751243781,0.375,157,32.54560530679933,0.4166666666666667,43,8.913764510779435,0.17857142857142858,180,37.31343283582089,0.47023809523809523,78,16.16915422885572,0.32142857142857145
ep_417_whisperx_diarized.gender.host_guest,SPEAKER_00,HOST,male,3589,168,18,5.015324602953469,9,2.5076623014767345,3,0.8358874338255781,0.011904761904761904,2,0.5572582892170521,0.005952380952380952,1,0.27862914460852606,0.005952380952380952,0,0.0,0.0,0,0.0,0.0,7,1.9504040122596824,0.023809523809523808,0,0.0,0.0,52,14.488715519643355,0.2261904761904762,33,9.19476177208136,0.16071428571428573,5,1.3931457230426303,0.02976190476190476,1,0.27862914460852606,0.005952380952380952,3,0.8358874338255781,0.017857142857142856,14,3.900808024519365,0.08333333333333333,55,15.324602953468935,0.24404761904761904,70,19.504040122596827,0.25595238095238093,23,6.4084703259961,0.08928571428571429,76,21.17581499024798,0.27976190476190477,160,44.58066313736417,0.4642857142857143,44,12.259682362775147,0.16071428571428573,155,43.18751741432154,0.39880952380952384,67,18.668152688771244,0.21428571428571427
ep_418_whisperx_diarized.gender.host_guest,SPEAKER_00,GUEST,male,5983,124,40,6.685609226140732,15,2.5071034598027744,0,0.0,0.0,6,1.0028413839211097,0.03225806451612903,1,0.16714023065351832,0.008064516129032258,3,0.5014206919605548,0.008064516129032258,3,0.5014206919605548,0.016129032258064516,1,0.16714023065351832,0.008064516129032258,0,0.0,0.0,94,15.711181681430721,0.33064516129032256,57,9.526993147250543,0.23387096774193547,3,0.5014206919605548,0.024193548387096774,1,0.16714023065351832,0.008064516129032258,4,0.6685609226140733,0.024193548387096774,7,1.169981614574628,0.056451612903225805,151,25.238174828681263,0.4435483870967742,258,43.12217950860772,0.4596774193548387,47,7.855590840715361,0.18548387096774194,154,25.739595520641817,0.5483870967741935,189,31.58950359351496,0.532258064516129,50,8.357011532675914,0.29838709677419356,241,40.28079558749791,0.6693548387096774,124,20.72538860103627,0.41935483870967744
ep_418_whisperx_diarized.gender.host_guest,SPEAKER_01,HOST,male,1692,123,11,6.501182033096927,4,2.3640661938534278,0,0.0,0.0,2,1.1820330969267139,0.016260162601626018,0,0.0,0.0,0,0.0,0.0,0,0.0,0.0,0,0.0,0.0,0,0.0,0.0,33,19.50354609929078,0.1951219512195122,22,13.002364066193854,0.13821138211382114,0,0.0,0.0,1,0.5910165484633569,0.008130081300813009,3,1.7730496453900708,0.024390243902439025,15,8.865248226950355,0.12195121951219512,29,17.13947990543735,0.1951219512195122,56,33.09692671394799,0.3089430894308943,18,10.638297872340425,0.0975609756097561,42,24.822695035460995,0.25203252032520324,93,54.9645390070922,0.44715447154471544,24,14.184397163120567,0.17073170731707318,71,41.96217494089834,0.3821138211382114,26,15.36643026004728,0.17073170731707318
