episode_id,speaker_id,role,gender,speaking_sec,speaking_min,word_count,segments,episode_min,share_of_host_guest_time,share_of_all_speech
ep_001_whisperx_diarized.gender.host_guest,SPEAKER_01,HOST,male,435.8419999999992,7.26403333333332,1649,184,40.08975,0.2312575046652952,0.2312575046652952
ep_001_whisperx_diarized.gender.host_guest,SPEAKER_00,GUEST,male,1448.8189999999977,24.146983333333296,4133,349,40.08975,0.7687424953347048,0.7687424953347048
ep_002_whisperx_diarized.gender.host_guest,SPEAKER_00,GUEST,female,3953.0490000000004,65.88415,14125,1146,90.46826666666666,0.8562936914486936,0.8562936914486936
ep_002_whisperx_diarized.gender.host_guest,SPEAKER_01,HOST,male,663.414999999998,11.056916666666634,2300,228,90.46826666666666,0.14370630855130642,0.14370630855130642
ep_003_whisperx_diarized.gender.host_guest,SPEAKER_00,HOST,male,582.5760000000005,9.709600000000007,1781,141,43.36378333333334,0.26971835354838275,0.26971835354838275
ep_003_whisperx_diarized.gender.host_guest,SPEAKER_01,GUEST,male,1577.365999999998,26.2894333333333,3905,276,43.36378333333334,0.7302816464516173,0.7302816464516173
ep_004_whisperx_diarized.gender.host_guest,SPEAKER_00,HOST,male,654.4630000000028,10.907716666666714,2252,224,63.9267,0.2086099417421023,0.2086099417421023
ep_004_whisperx_diarized.gender.host_guest,SPEAKER_01,GUEST,male,2482.793999999998,41.37989999999997,8055,637,63.9267,0.7913900582578977,0.7913900582578977
ep_005_whisperx_diarized.gender.host_guest,SPEAKER_01,HOST,male,603.6180000000006,10.06030000000001,1740,121,45.07178333333333,0.28422981244499584,0.28422981244499584
ep_005_whisperx_diarized.gender.host_guest,SPEAKER_00,GUEST,male,1520.0790000000002,25.334650000000003,5028,296,45.07178333333333,0.7157701875550041,0.7157701875550041
ep_006_whisperx_diarized.gender.host_guest,SPEAKER_00,GUEST,male,3739.8080000000095,62.33013333333349,11358,869,92.43845,0.8131802852365416,0.8131802852365416
ep_006_whisperx_diarized.gender.host_guest,SPEAKER_01,HOST,male,859.1819999999998,14.319699999999996,2629,264,92.43845,0.18681971476345852,0.18681971476345852
ep_007_whisperx_diarized.gender.host_guest,SPEAKER_01,HOST,male,636.6959999999984,10.611599999999974,1903,130,65.8934,0.19413020007396903,0.19413020007396903
ep_007_whisperx_diarized.gender.host_guest,SPEAKER_00,GUEST,male,2643.040999999999,44.05068333333331,8029,533,65.8934,0.8058697999260309,0.8058697999260309
ep_008_whisperx_diarized.gender.host_guest,SPEAKER_01,HOST,male,1966.1230000000023,32.768716666666705,5859,630,138.4433666666667,0.31686720774616106,0.31686720774616106
ep_008_whisperx_diarized.gender.host_guest,SPEAKER_00,GUEST,male,4238.757000000005,70.64595000000008,12619,1281,138.4433666666667,0.6831327922538389,0.6831327922538389
ep_009_whisperx_diarized.gender.host_guest,SPEAKER_01,HOST,male,652.0259999999973,10.867099999999956,2466,305,50.59153333333334,0.26665145341739854,0.26665145341739854
ep_009_whisperx_diarized.gender.host_guest,SPEAKER_00,GUEST,female,1793.210999999995,29.886849999999917,6420,612,50.59153333333334,0.7333485465826014,0.7333485465826014
ep_010_whisperx_diarized.gender.host_guest,SPEAKER_01,HOST,male,1112.360999999989,18.539349999999818,3632,443,107.82018333333333,0.22732346459318875,0.22732346459318875
ep_010_whisperx_diarized.gender.host_guest,SPEAKER_00,GUEST,male,3780.9349999999963,63.015583333333275,12852,1629,107.82018333333333,0.7726765354068111,0.7726765354068111
ep_011_whisperx_diarized.gender.host_guest,SPEAKER_00,HOST,female,479.1119999999994,7.98519999999999,1593,141,64.39103333333334,0.14902992997230677,0.14902992997230677
ep_011_whisperx_diarized.gender.host_guest,SPEAKER_01,GUEST,female,2735.758999999998,45.5959833333333,7667,612,64.39103333333334,0.8509700700276933,0.8509700700276933
ep_012_whisperx_diarized.gender.host_guest,SPEAKER_00,GUEST,male,5826.597000000006,97.1099500000001,20423,1603,131.71945,0.8826825163599953,0.8826825163599953
ep_012_whisperx_diarized.gender.host_guest,SPEAKER_01,HOST,male,774.4139999999911,12.906899999999853,2581,235,131.71945,0.11731748364000477,0.11731748364000477
ep_013_whisperx_diarized.gender.host_guest,SPEAKER_01,GUEST,female,1882.5799999999995,31.376333333333324,6325,444,46.53648333333333,0.7962168933761807,0.7962168933761807
ep_013_whisperx_diarized.gender.host_guest,SPEAKER_00,HOST,female,481.8259999999973,8.030433333333288,1607,119,46.53648333333333,0.20378310662381924,0.20378310662381924
ep_014_whisperx_diarized.gender.host_guest,SPEAKER_01,HOST,male,1284.196999999997,21.40328333333328,4172,494,88.52566666666667,0.30932051215040873,0.30932051215040873
ep_014_whisperx_diarized.gender.host_guest,SPEAKER_00,GUEST,female,2867.4739999999947,47.791233333333246,8963,1090,88.52566666666667,0.6906794878495913,0.6906794878495913
ep_015_whisperx_diarized.gender.host_guest,SPEAKER_00,GUEST,female,2999.142999999998,49.98571666666664,10185,884,71.12061666666666,0.8502302514452365,0.8502302514452365
ep_015_whisperx_diarized.gender.host_guest,SPEAKER_01,HOST,female,528.3050000000038,8.805083333333396,1897,166,71.12061666666666,0.14976974855476352,0.14976974855476352
ep_016_whisperx_diarized.gender.host_guest,SPEAKER_01,GUEST,female,2893.6240000000057,48.227066666666765,8803,1045,76.62471666666667,0.8407322933705993,0.8407322933705993
ep_016_whisperx_diarized.gender.host_guest,SPEAKER_00,HOST,male,548.1660000000072,9.13610000000012,1954,343,76.62471666666667,0.15926770662940073,0.15926770662940073
ep_017_whisperx_diarized.gender.host_guest,SPEAKER_00,GUEST,female,4057.222000000004,67.62036666666673,13955,1736,127.77545,0.6420271693816154,0.6420271693816154
ep_017_whisperx_diarized.gender.host_guest,SPEAKER_01,HOST,male,2262.171000000011,37.70285000000019,7742,916,127.77545,0.3579728306183847,0.3579728306183847
ep_018_whisperx_diarized.gender.host_guest,SPEAKER_01,HOST,female,719.4519999999957,11.990866666666594,2336,182,73.09076666666667,0.1891129393686324,0.1891129393686324
ep_018_whisperx_diarized.gender.host_guest,SPEAKER_00,GUEST,male,3084.899000000002,51.41498333333337,11688,876,73.09076666666667,0.8108870606313676,0.8108870606313676
ep_019_whisperx_diarized.gender.host_guest,SPEAKER_00,GUEST,male,1815.2700000000038,30.254500000000064,5751,619,49.8959,0.7593359329574728,0.7593359329574728
ep_019_whisperx_diarized.gender.host_guest,SPEAKER_01,HOST,male,575.3320000000006,9.588866666666677,2073,256,49.8959,0.24066406704252716,0.24066406704252716
ep_020_whisperx_diarized.gender.host_guest,SPEAKER_01,HOST,male,598.9000000000007,9.981666666666678,2111,196,55.72533333333333,0.21017818295012416,0.21017818295012416
ep_020_whisperx_diarized.gender.host_guest,SPEAKER_00,GUEST,male,2250.5870000000004,37.50978333333334,8782,591,55.72533333333333,0.7898218170498759,0.7898218170498759
ep_021_whisperx_diarized.gender.host_guest,SPEAKER_01,GUEST,male,5562.452,92.70753333333333,18005,2286,136.95033333333333,0.8549579226425865,0.8549579226425865
ep_021_whisperx_diarized.gender.host_guest,SPEAKER_00,HOST,male,943.6599999999952,15.727666666666586,3221,428,136.95033333333333,0.14504207735741342,0.14504207735741342
ep_022_whisperx_diarized.gender.host_guest,SPEAKER_01,HOST,female,605.0890000000005,10.084816666666676,2399,306,40.09708333333333,0.31193917204446314,0.31193917204446314
ep_022_whisperx_diarized.gender.host_guest,SPEAKER_00,GUEST,male,1334.6770000000008,22.24461666666668,5223,689,40.09708333333333,0.6880608279555368,0.6880608279555368
ep_023_whisperx_diarized.gender.host_guest,SPEAKER_01,HOST,male,801.3430000000019,13.355716666666698,2554,223,54.463116666666664,0.2917039027545669,0.2917039027545669
ep_023_whisperx_diarized.gender.host_guest,SPEAKER_00,GUEST,male,1945.7680000000007,32.42946666666668,6596,487,54.463116666666664,0.7082960972454331,0.7082960972454331
ep_024_whisperx_diarized.gender.host_guest,SPEAKER_01,GUEST,male,2408.1209999999974,40.13534999999995,8972,1055,53.79925,0.9599324094846754,0.9599324094846754
ep_024_whisperx_diarized.gender.host_guest,SPEAKER_00,HOST,female,100.51500000000149,1.6752500000000248,356,73,53.79925,0.04006759051532448,0.04006759051532448
ep_025_whisperx_diarized.gender.host_guest,SPEAKER_01,GUEST,male,3782.3150000000073,63.038583333333456,14304,1187,96.37908333333333,0.8178132215676281,0.8178132215676281
ep_025_whisperx_diarized.gender.host_guest,SPEAKER_00,HOST,male,842.5979999999967,14.043299999999943,2912,282,96.37908333333333,0.1821867784323718,0.1821867784323718
ep_026_whisperx_diarized.gender.host_guest,SPEAKER_01,HOST,male,620.5660000000009,10.342766666666682,1884,165,40.28491666666666,0.3174976580322976,0.3174976580322976
ep_026_whisperx_diarized.gender.host_guest,SPEAKER_00,GUEST,male,1333.9869999999976,22.233116666666625,3863,313,40.28491666666666,0.6825023419677024,0.6825023419677024
ep_027_whisperx_diarized.gender.host_guest,SPEAKER_01,GUEST,male,3064.2909999999883,51.071516666666476,10639,1262,87.03068333333334,0.7904602265237679,0.7904602265237679
ep_027_whisperx_diarized.gender.host_guest,SPEAKER_00,HOST,male,812.299999999997,13.538333333333282,2796,299,87.03068333333334,0.2095397734762321,0.2095397734762321
ep_028_whisperx_diarized.gender.host_guest,SPEAKER_00,GUEST,male,4518.729999999992,75.31216666666654,13649,1124,110.12665,0.847203947430095,0.847203947430095
ep_028_whisperx_diarized.gender.host_guest,SPEAKER_01,HOST,male,814.9679999999955,13.582799999999926,2659,264,110.12665,0.15279605256990506,0.15279605256990506
ep_029_whisperx_diarized.gender.host_guest,SPEAKER_00,HOST,male,1158.9279999999835,19.315466666666392,3626,323,149.45593333333332,0.15225647205749152,0.15225647205749152
ep_029_whisperx_diarized.gender.host_guest,SPEAKER_01,GUEST,male,6452.755000000019,107.54591666666698,20998,1624,149.45593333333332,0.8477435279425085,0.8477435279425085
ep_030_whisperx_diarized.gender.host_guest,SPEAKER_01,GUEST,female,3955.5460000000026,65.9257666666667,12102,1149,126.65775000000001,0.6746817920076847,0.6746817920076847
ep_030_whisperx_diarized.gender.host_guest,SPEAKER_00,HOST,male,1907.2860000000032,31.788100000000053,6082,683,126.65775000000001,0.3253182079923152,0.3253182079923152
ep_031_whisperx_diarized.gender.host_guest,SPEAKER_00,GUEST,male,2359.5929999999935,39.32654999999989,8651,648,64.53741666666666,0.7147054814644292,0.7147054814644292
ep_031_whisperx_diarized.gender.host_guest,SPEAKER_01,HOST,female,941.8969999999996,15.698283333333327,3363,260,64.53741666666666,0.2852945185355708,0.2852945185355708
ep_032_whisperx_diarized.gender.host_guest,SPEAKER_01,GUEST,female,5106.836999999982,85.1139499999997,15775,1873,140.34465,0.7715287876897116,0.7715287876897116
ep_032_whisperx_diarized.gender.host_guest,SPEAKER_00,HOST,male,1512.2769999999982,25.204616666666638,5214,695,140.34465,0.22847121231028847,0.22847121231028847
ep_033_whisperx_diarized.gender.host_guest,SPEAKER_00,HOST,male,1127.6669999999995,18.79444999999999,3649,418,108.49381666666666,0.23022821373447377,0.23022821373447377
ep_033_whisperx_diarized.gender.host_guest,SPEAKER_01,GUEST,male,3770.3729999999896,62.839549999999825,10917,1115,108.49381666666666,0.7697717862655262,0.7697717862655262
ep_034_whisperx_diarized.gender.host_guest,SPEAKER_00,HOST,male,414.3029999999983,6.905049999999972,1266,159,65.991,0.15000108616944186,0.15000108616944186
ep_034_whisperx_diarized.gender.host_guest,SPEAKER_01,GUEST,male,2347.697000000001,39.12828333333335,6667,831,65.991,0.8499989138305583,0.8499989138305583
ep_035_whisperx_diarized.gender.host_guest,SPEAKER_01,GUEST,male,3329.8589999999904,55.49764999999984,12118,1153,84.96520000000001,0.7753264833170826,0.7753264833170826
ep_035_whisperx_diarized.gender.host_guest,SPEAKER_00,HOST,male,964.9240000000098,16.08206666666683,3169,400,84.96520000000001,0.22467351668291732,0.22467351668291732
ep_036_whisperx_diarized.gender.host_guest,SPEAKER_00,HOST,male,1414.9679999999998,23.5828,4388,702,72.25143333333334,0.4065682222538939,0.4065682222538939
ep_036_whisperx_diarized.gender.host_guest,SPEAKER_01,GUEST,male,2065.3039999999905,34.42173333333317,6769,929,72.25143333333334,0.5934317777461061,0.5934317777461061
ep_037_whisperx_diarized.gender.host_guest,SPEAKER_00,GUEST,male,3320.4880000000016,55.3414666666667,10992,1343,77.72803333333333,0.9353389837908724,0.9353389837908724
ep_037_whisperx_diarized.gender.host_guest,SPEAKER_01,HOST,male,229.54900000000265,3.825816666666711,721,147,77.72803333333333,0.0646610162091275,0.0646610162091275
ep_038_whisperx_diarized.gender.host_guest,SPEAKER_00,GUEST,male,3913.3680000000136,65.22280000000022,11129,1151,106.66611666666667,0.7724389385519749,0.7724389385519749
ep_038_whisperx_diarized.gender.host_guest,SPEAKER_01,HOST,male,1152.8809999999985,19.21468333333331,3394,407,106.66611666666667,0.2275610614480251,0.2275610614480251
ep_039_whisperx_diarized.gender.host_guest,SPEAKER_00,GUEST,male,4948.202000000004,82.4700333333334,16479,1884,166.95186666666666,0.5881998005099813,0.5881998005099813
ep_039_whisperx_diarized.gender.host_guest,SPEAKER_01,HOST,male,3464.249000000015,57.73748333333358,10233,1193,166.95186666666666,0.41180019949001867,0.41180019949001867
ep_040_whisperx_diarized.gender.host_guest,SPEAKER_00,GUEST,male,3214.8449999999884,53.58074999999981,12482,1251,87.34505,0.7283260448131272,0.7283260448131272
ep_040_whisperx_diarized.gender.host_guest,SPEAKER_01,HOST,male,1199.1740000000023,19.98623333333337,3841,449,87.34505,0.2716739551868727,0.2716739551868727
ep_041_whisperx_diarized.gender.host_guest,SPEAKER_01,GUEST,female,4185.256,69.75426666666667,13765,1623,127.32423333333332,0.6890994753450032,0.6890994753450032
ep_041_whisperx_diarized.gender.host_guest,SPEAKER_00,HOST,male,1888.2589999999905,31.470983333333173,6418,938,127.32423333333332,0.3109005246549969,0.3109005246549969
ep_042_whisperx_diarized.gender.host_guest,SPEAKER_01,GUEST,female,3577.0380000000064,59.61730000000011,12425,1291,127.93236666666667,0.5832139852477942,0.5832139852477942
ep_042_whisperx_diarized.gender.host_guest,SPEAKER_00,HOST,male,2556.282000000002,42.60470000000003,8331,1080,127.93236666666667,0.4167860147522057,0.4167860147522057
ep_043_whisperx_diarized.gender.host_guest,SPEAKER_00,GUEST,female,3707.6559999999977,61.79426666666663,10387,1031,102.10806666666667,0.763780744100235,0.763780744100235
ep_043_whisperx_diarized.gender.host_guest,SPEAKER_01,HOST,male,1146.6899999999996,19.111499999999992,3616,397,102.10806666666667,0.2362192558997649,0.2362192558997649
ep_044_whisperx_diarized.gender.host_guest,SPEAKER_00,GUEST,male,3476.587000000009,57.94311666666682,10351,1205,97.2662,0.7556797371826209,0.7556797371826209
ep_044_whisperx_diarized.gender.host_guest,SPEAKER_01,HOST,male,1124.0220000000027,18.733700000000045,3430,437,97.2662,0.24432026281737915,0.24432026281737915
ep_045_whisperx_diarized.gender.host_guest,SPEAKER_01,GUEST,male,4183.376999999998,69.72294999999995,10383,905,103.23935,0.8685903631493422,0.8685903631493422
ep_045_whisperx_diarized.gender.host_guest,SPEAKER_00,HOST,male,632.9059999999953,10.548433333333255,1933,174,103.23935,0.1314096368506577,0.1314096368506577
ep_046_whisperx_diarized.gender.host_guest,SPEAKER_00,HOST,male,886.2989999999984,14.771649999999973,2792,211,83.84048333333334,0.2095881421644377,0.2095881421644377
ep_046_whisperx_diarized.gender.host_guest,SPEAKER_01,GUEST,male,3342.4660000000017,55.70776666666669,11166,842,83.84048333333334,0.7904118578355622,0.7904118578355622
ep_047_whisperx_diarized.gender.host_guest,SPEAKER_01,GUEST,male,2657.626999999999,44.293783333333316,8484,1106,75.41623333333334,0.7424352051956529,0.7424352051956529
ep_047_whisperx_diarized.gender.host_guest,SPEAKER_00,HOST,male,921.9809999999987,15.36634999999998,2847,377,75.41623333333334,0.2575647948043471,0.2575647948043471
ep_048_whisperx_diarized.gender.host_guest,SPEAKER_01,GUEST,male,4352.941999999989,72.54903333333316,15616,1593,111.06691666666667,0.8205398971870346,0.8205398971870346
ep_048_whisperx_diarized.gender.host_guest,SPEAKER_00,HOST,male,952.0310000000047,15.867183333333411,2719,332,111.06691666666667,0.17946010281296548,0.17946010281296548
ep_049_whisperx_diarized.gender.host_guest,SPEAKER_01,HOST,male,227.10099999999903,3.7850166666666505,715,100,87.09911666666667,0.055364358528352794,0.055364358528352794
ep_049_whisperx_diarized.gender.host_guest,SPEAKER_00,GUEST,male,3874.834000000005,64.58056666666674,10759,1041,87.09911666666667,0.9446356414716471,0.9446356414716471
ep_050_whisperx_diarized.gender.host_guest,SPEAKER_00,GUEST,male,3317.4430000000016,55.29071666666669,12724,1157,90.06691666666667,0.7305669164547407,0.7305669164547407
ep_050_whisperx_diarized.gender.host_guest,SPEAKER_01,HOST,male,1223.4730000000066,20.391216666666775,4113,311,90.06691666666667,0.2694330835452592,0.2694330835452592
ep_051_whisperx_diarized.gender.host_guest,SPEAKER_00,GUEST,male,3410.8529999999987,56.84754999999998,11579,1339,85.92301666666667,0.8485722175782173,0.8485722175782173
ep_051_whisperx_diarized.gender.host_guest,SPEAKER_01,HOST,male,608.6670000000045,10.144450000000074,1782,234,85.92301666666667,0.1514277824217827,0.1514277824217827
ep_052_whisperx_diarized.gender.host_guest,SPEAKER_01,GUEST,female,2192.059999999999,36.534333333333315,6273,735,59.24248333333333,0.7664387343058302,0.7664387343058302
ep_052_whisperx_diarized.gender.host_guest,SPEAKER_00,HOST,male,667.9990000000016,11.133316666666694,1948,290,59.24248333333333,0.23356126569416977,0.23356126569416977
ep_053_whisperx_diarized.gender.host_guest,SPEAKER_01,GUEST,female,4489.931000000012,74.83218333333353,14661,1430,119.77941666666668,0.7548308656933506,0.7548308656933506
ep_053_whisperx_diarized.gender.host_guest,SPEAKER_00,HOST,male,1458.330000000011,24.305500000000183,4611,550,119.77941666666668,0.24516913430664952,0.24516913430664952
ep_054_whisperx_diarized.gender.host_guest,SPEAKER_00,GUEST,male,4430.764999999994,73.84608333333323,15742,2018,114.05964999999999,0.8019398525880006,0.8019398525880006
ep_054_whisperx_diarized.gender.host_guest,SPEAKER_01,HOST,male,1094.2939999999912,18.238233333333188,3602,474,114.05964999999999,0.19806014741199945,0.19806014741199945
ep_055_whisperx_diarized.gender.host_guest,SPEAKER_00,GUEST,female,6063.0769999999975,101.05128333333329,17173,1822,158.23103333333333,0.8007646723437511,0.8007646723437511
ep_055_whisperx_diarized.gender.host_guest,SPEAKER_01,HOST,male,1508.532000000003,25.142200000000052,4743,586,158.23103333333333,0.1992353276562489,0.1992353276562489
ep_056_whisperx_diarized.gender.host_guest,SPEAKER_01,GUEST,male,8365.31400000001,139.42190000000016,29752,2474,196.75725,0.8462892847105701,0.8462892847105701
ep_056_whisperx_diarized.gender.host_guest,SPEAKER_00,HOST,male,1519.3839999999977,25.32306666666663,5162,573,196.75725,0.15371071528942984,0.15371071528942984
ep_057_whisperx_diarized.gender.host_guest,SPEAKER_00,HOST,male,1081.5919999999996,18.026533333333326,3239,447,102.86286666666666,0.22459928582879396,0.22459928582879396
ep_057_whisperx_diarized.gender.host_guest,SPEAKER_01,GUEST,female,3734.059999999984,62.23433333333307,9849,1160,102.86286666666666,0.775400714171206,0.775400714171206
ep_058_whisperx_diarized.gender.host_guest,SPEAKER_01,GUEST,female,2031.479999999999,33.85799999999998,6228,772,59.66996666666667,0.732018173975931,0.732018173975931
ep_058_whisperx_diarized.gender.host_guest,SPEAKER_00,HOST,male,743.6969999999966,12.394949999999943,2244,311,59.66996666666667,0.267981826024069,0.267981826024069
ep_059_whisperx_diarized.gender.host_guest,SPEAKER_00,GUEST,male,5093.430999999988,84.89051666666646,15695,1405,128.87025,0.8260095583906752,0.8260095583906752
ep_059_whisperx_diarized.gender.host_guest,SPEAKER_01,HOST,male,1072.8789999999922,17.881316666666535,3828,463,128.87025,0.1739904416093248,0.1739904416093248
ep_060_whisperx_diarized.gender.host_guest,SPEAKER_00,GUEST,male,3448.7589999999987,57.47931666666664,12246,1029,95.36906666666667,0.7125362878624627,0.7125362878624627
ep_060_whisperx_diarized.gender.host_guest,SPEAKER_01,HOST,male,1391.3580000000009,23.189300000000014,4280,426,95.36906666666667,0.2874637121375374,0.2874637121375374
ep_061_whisperx_diarized.gender.host_guest,SPEAKER_00,GUEST,female,5510.0310000000145,91.83385000000024,16388,1688,148.24478333333334,0.7620385509123258,0.7620385509123258
ep_061_whisperx_diarized.gender.host_guest,SPEAKER_01,HOST,male,1720.6149999999984,28.67691666666664,5162,612,148.24478333333334,0.23796144908767422,0.23796144908767422
ep_062_whisperx_diarized.gender.host_guest,SPEAKER_00,GUEST,male,3051.8710000000015,50.86451666666669,9998,997,75.10526666666667,0.8285821334176797,0.8285821334176797
ep_062_whisperx_diarized.gender.host_guest,SPEAKER_01,HOST,male,631.3739999999987,10.522899999999977,1850,190,75.10526666666667,0.1714178665823204,0.1714178665823204
ep_063_whisperx_diarized.gender.host_guest,SPEAKER_00,HOST,male,691.4030000000005,11.52338333333334,2190,190,70.40311666666666,0.21103963889607855,0.21103963889607855
ep_063_whisperx_diarized.gender.host_guest,SPEAKER_01,GUEST,male,2584.7730000000065,43.07955000000011,8570,753,70.40311666666666,0.7889603611039215,0.7889603611039215
ep_064_whisperx_diarized.gender.host_guest,SPEAKER_01,HOST,male,890.6950000000045,14.844916666666741,2855,423,76.96773333333334,0.2410530833966626,0.2410530833966626
ep_064_whisperx_diarized.gender.host_guest,SPEAKER_00,GUEST,female,2804.321000000003,46.738683333333384,9001,1069,76.96773333333334,0.7589469166033374,0.7589469166033374
ep_065_whisperx_diarized.gender.host_guest,SPEAKER_01,GUEST,male,3571.9509999999873,59.53251666666645,10763,945,101.04628333333334,0.7057082942804425,0.7057082942804425
ep_065_whisperx_diarized.gender.host_guest,SPEAKER_00,HOST,male,1489.5610000000074,24.826016666666792,5093,521,101.04628333333334,0.2942917057195575,0.2942917057195575
ep_066_whisperx_diarized.gender.host_guest,SPEAKER_01,GUEST,female,1756.9610000000011,29.282683333333352,6254,630,56.124,0.6628980872494359,0.6628980872494359
ep_066_whisperx_diarized.gender.host_guest,SPEAKER_00,HOST,male,893.4630000000027,14.891050000000044,3255,382,56.124,0.3371019127505642,0.3371019127505642
ep_067_whisperx_diarized.gender.host_guest,SPEAKER_01,GUEST,male,2674.264000000003,44.57106666666672,8840,555,68.50903333333333,0.7597122923461569,0.7597122923461569
ep_067_whisperx_diarized.gender.host_guest,SPEAKER_00,HOST,male,845.8370000000017,14.097283333333362,2459,155,68.50903333333333,0.24028770765384305,0.24028770765384305
ep_068_whisperx_diarized.gender.host_guest,SPEAKER_00,GUEST,male,2747.0520000000024,45.78420000000004,7998,771,69.52659999999999,0.8782829078894655,0.8782829078894655
ep_068_whisperx_diarized.gender.host_guest,SPEAKER_01,HOST,male,380.701000000001,6.345016666666683,968,98,69.52659999999999,0.12171709211053448,0.12171709211053448
ep_069_whisperx_diarized.gender.host_guest,SPEAKER_00,HOST,male,904.5269999999999,15.075449999999998,3077,424,98.82986666666667,0.18552934793867587,0.18552934793867587
ep_069_whisperx_diarized.gender.host_guest,SPEAKER_01,GUEST,male,3970.8579999999934,66.18096666666655,14519,1458,98.82986666666667,0.8144706520613242,0.8144706520613242
ep_070_whisperx_diarized.gender.host_guest,SPEAKER_00,GUEST,male,6022.186999999985,100.36978333333309,22125,2199,146.5601,0.8348517172222394,0.8348517172222394
ep_070_whisperx_diarized.gender.host_guest,SPEAKER_01,HOST,male,1191.2940000000008,19.85490000000001,3604,464,146.5601,0.16514828277776056,0.16514828277776056
ep_071_whisperx_diarized.gender.host_guest,SPEAKER_00,HOST,male,562.6820000000015,9.378033333333358,1550,187,78.3,0.15708173173423368,0.15708173173423368
ep_071_whisperx_diarized.gender.host_guest,SPEAKER_01,GUEST,male,3019.4149999999872,50.32358333333312,8029,944,78.3,0.8429182682657663,0.8429182682657663
ep_072_whisperx_diarized.gender.host_guest,SPEAKER_00,HOST,male,723.6850000000034,12.061416666666723,2230,205,83.75423333333333,0.17620516286715207,0.17620516286715207
ep_072_whisperx_diarized.gender.host_guest,SPEAKER_01,GUEST,male,3383.3740000000007,56.38956666666668,9668,778,83.75423333333333,0.823794837132848,0.823794837132848
ep_073_whisperx_diarized.gender.host_guest,SPEAKER_01,HOST,male,1280.474999999998,21.341249999999967,4343,471,144.64168333333333,0.17921399030084126,0.17921399030084126
ep_073_whisperx_diarized.gender.host_guest,SPEAKER_00,GUEST,male,5864.475000000015,97.74125000000025,23512,2087,144.64168333333333,0.8207860096991587,0.8207860096991587
ep_074_whisperx_diarized.gender.host_guest,SPEAKER_01,HOST,male,1307.9700000000053,21.799500000000087,4198,672,75.76894999999999,0.3617816995665996,0.3617816995665996
ep_074_whisperx_diarized.gender.host_guest,SPEAKER_00,GUEST,female,2307.3870000000015,38.456450000000025,7251,1073,75.76894999999999,0.6382183004334004,0.6382183004334004
ep_075_whisperx_diarized.gender.host_guest,SPEAKER_00,GUEST,male,4030.5470000000073,67.17578333333346,11191,978,114.15371666666667,0.7959363779659424,0.7959363779659424
ep_075_whisperx_diarized.gender.host_guest,SPEAKER_01,HOST,male,1033.3589999999967,17.222649999999945,3133,304,114.15371666666667,0.20406362203405748,0.20406362203405748
ep_076_whisperx_diarized.gender.host_guest,SPEAKER_00,GUEST,male,699.6090000000004,11.660150000000007,2231,281,21.77556666666667,0.7276534932846852,0.7276534932846852
ep_076_whisperx_diarized.gender.host_guest,SPEAKER_01,HOST,male,261.8499999999999,4.364166666666665,813,103,21.77556666666667,0.2723465067153148,0.2723465067153148
ep_077_whisperx_diarized.gender.host_guest,SPEAKER_00,GUEST,male,5314.874999999999,88.58124999999998,17928,1617,132.60616666666667,0.8130760699124168,0.8130760699124168
ep_077_whisperx_diarized.gender.host_guest,SPEAKER_01,HOST,male,1221.875000000012,20.364583333333535,3500,419,132.60616666666667,0.1869239300875833,0.1869239300875833
ep_078_whisperx_diarized.gender.host_guest,SPEAKER_00,GUEST,female,3282.1950000000033,54.703250000000054,8605,874,91.77008333333333,0.7737711866804217,0.7737711866804217
ep_078_whisperx_diarized.gender.host_guest,SPEAKER_01,HOST,male,959.6210000000021,15.993683333333369,2823,339,91.77008333333333,0.22622881331957845,0.22622881331957845
ep_079_whisperx_diarized.gender.host_guest,SPEAKER_01,GUEST,male,4136.638000000001,68.94396666666668,12877,1352,110.4697,0.7886925490535538,0.7886925490535538
ep_079_whisperx_diarized.gender.host_guest,SPEAKER_00,HOST,male,1108.292999999994,18.4715499999999,3305,399,110.4697,0.2113074509464462,0.2113074509464462
ep_080_whisperx_diarized.gender.host_guest,SPEAKER_01,HOST,male,1827.9780000000083,30.46630000000014,5432,691,116.50111666666666,0.3169407566791581,0.3169407566791581
ep_080_whisperx_diarized.gender.host_guest,SPEAKER_00,GUEST,female,3939.59199999998,65.65986666666633,12121,1257,116.50111666666666,0.6830592433208418,0.6830592433208418
ep_081_whisperx_diarized.gender.host_guest,SPEAKER_00,GUEST,male,4046.5390000000175,67.44231666666695,13262,1660,107.04323333333333,0.789217633758569,0.789217633758569
ep_081_whisperx_diarized.gender.host_guest,SPEAKER_01,HOST,male,1080.740000000002,18.012333333333366,3740,578,107.04323333333333,0.21078236624143096,0.21078236624143096
ep_082_whisperx_diarized.gender.host_guest,SPEAKER_01,GUEST,male,4131.014000000003,68.85023333333338,13078,1495,108.09134999999999,0.8201596993035914,0.8201596993035914
ep_082_whisperx_diarized.gender.host_guest,SPEAKER_00,HOST,male,905.8269999999993,15.097116666666656,2920,353,108.09134999999999,0.1798403006964085,0.1798403006964085
ep_083_whisperx_diarized.gender.host_guest,SPEAKER_00,HOST,male,1031.6020000000026,17.19336666666671,3098,447,61.33603333333333,0.36782329683275483,0.36782329683275483
ep_083_whisperx_diarized.gender.host_guest,SPEAKER_01,GUEST,male,1773.0109999999963,29.550183333333273,5244,641,61.33603333333333,0.6321767031672452,0.6321767031672452
ep_084_whisperx_diarized.gender.host_guest,SPEAKER_01,GUEST,male,6644.6460000000225,110.74410000000037,24723,2138,179.60718333333335,0.7223282973842184,0.7223282973842184
ep_084_whisperx_diarized.gender.host_guest,SPEAKER_00,HOST,male,2554.2819999999897,42.57136666666649,8430,825,179.60718333333335,0.27767170261578156,0.27767170261578156
ep_085_whisperx_diarized.gender.host_guest,SPEAKER_00,GUEST,male,2467.217000000006,41.12028333333343,7953,1116,81.74466666666667,0.6635469881462255,0.6635469881462255
ep_085_whisperx_diarized.gender.host_guest,SPEAKER_01,HOST,male,1251.008000000004,20.8501333333334,4219,569,81.74466666666667,0.33645301185377446,0.33645301185377446
ep_086_whisperx_diarized.gender.host_guest,SPEAKER_00,GUEST,male,2855.4020000000114,47.59003333333352,8857,1015,82.96520000000001,0.7117618348954992,0.7117618348954992
ep_086_whisperx_diarized.gender.host_guest,SPEAKER_01,HOST,male,1156.3360000000048,19.272266666666745,3733,429,82.96520000000001,0.2882381651045009,0.2882381651045009
ep_087_whisperx_diarized.gender.host_guest,SPEAKER_01,HOST,male,714.8819999999992,11.914699999999986,2087,158,82.02125,0.1837429292275041,0.1837429292275041
ep_087_whisperx_diarized.gender.host_guest,SPEAKER_00,GUEST,male,3175.782000000007,52.92970000000012,8100,716,82.02125,0.8162570707724959,0.8162570707724959
ep_088_whisperx_diarized.gender.host_guest,SPEAKER_01,HOST,male,1055.3889999999965,17.589816666666607,3646,450,42.43703333333334,0.5318769141141354,0.5318769141141354
ep_088_whisperx_diarized.gender.host_guest,SPEAKER_00,GUEST,female,928.8840000000009,15.481400000000015,3095,271,42.43703333333334,0.46812308588586454,0.46812308588586454
ep_089_whisperx_diarized.gender.host_guest,SPEAKER_01,HOST,male,444.68799999999936,7.411466666666656,1296,186,64.48073333333333,0.15685704600617487,0.15685704600617487
ep_089_whisperx_diarized.gender.host_guest,SPEAKER_00,GUEST,male,2390.3009999999986,39.83834999999998,5652,721,64.48073333333333,0.8431429539938252,0.8431429539938252
ep_090_whisperx_diarized.gender.host_guest,SPEAKER_00,GUEST,male,5754.921000000021,95.91535000000036,22121,1843,149.98598333333334,0.7471388926249949,0.7471388926249949
ep_090_whisperx_diarized.gender.host_guest,SPEAKER_01,HOST,male,1947.6910000000105,32.46151666666684,6531,673,149.98598333333334,0.25286110737500506,0.25286110737500506
ep_091_whisperx_diarized.gender.host_guest,SPEAKER_00,HOST,male,1382.4789999999994,23.041316666666656,4520,542,84.15285,0.3492715587828542,0.3492715587828542
ep_091_whisperx_diarized.gender.host_guest,SPEAKER_01,GUEST,male,2575.698999999998,42.92831666666663,9143,895,84.15285,0.6507284412171458,0.6507284412171458
ep_092_whisperx_diarized.gender.host_guest,SPEAKER_00,HOST,male,740.7709999999992,12.34618333333332,2382,363,42.67901666666667,0.3636576516162723,0.3636576516162723
ep_092_whisperx_diarized.gender.host_guest,SPEAKER_01,GUEST,female,1296.2300000000032,21.603833333333387,4376,597,42.67901666666667,0.6363423483837276,0.6363423483837276
ep_093_whisperx_diarized.gender.host_guest,SPEAKER_00,GUEST,female,4544.495000000017,75.74158333333362,14341,2185,146.64166666666668,0.6687611739306313,0.6687611739306313
ep_093_whisperx_diarized.gender.host_guest,SPEAKER_01,HOST,male,2250.8980000000174,37.51496666666696,7376,1268,146.64166666666668,0.3312388260693688,0.3312388260693688
ep_094_whisperx_diarized.gender.host_guest,SPEAKER_00,GUEST,male,4337.017000000002,72.28361666666669,12541,1521,122.53878333333334,0.7598043191824356,0.7598043191824356
ep_094_whisperx_diarized.gender.host_guest,SPEAKER_01,HOST,male,1371.0539999999942,22.850899999999903,4220,564,122.53878333333334,0.2401956808175643,0.2401956808175643
ep_095_whisperx_diarized.gender.host_guest,SPEAKER_01,HOST,male,646.2400000000036,10.770666666666727,2215,184,82.09801666666667,0.15652896345340386,0.15652896345340386
ep_095_whisperx_diarized.gender.host_guest,SPEAKER_00,GUEST,male,3482.3250000000053,58.038750000000086,12623,905,82.09801666666667,0.8434710365465962,0.8434710365465962
ep_096_whisperx_diarized.gender.host_guest,SPEAKER_01,HOST,male,1952.7260000000056,32.54543333333343,5798,560,114.62488333333334,0.347825297020004,0.347825297020004
ep_096_whisperx_diarized.gender.host_guest,SPEAKER_00,GUEST,male,3661.373999999999,61.02289999999998,13451,1080,114.62488333333334,0.6521747029799961,0.6521747029799961
ep_097_whisperx_diarized.gender.host_guest,SPEAKER_01,GUEST,female,1609.2819999999997,26.821366666666663,4552,519,56.12846666666667,0.6167764456446498,0.6167764456446498
ep_097_whisperx_diarized.gender.host_guest,SPEAKER_00,HOST,male,999.9000000000017,16.665000000000028,3572,347,56.12846666666667,0.3832235543553501,0.3832235543553501
ep_098_whisperx_diarized.gender.host_guest,SPEAKER_01,GUEST,female,2888.2070000000053,48.13678333333342,9456,1230,103.74445,0.6054820711117922,0.6054820711117922
ep_098_whisperx_diarized.gender.host_guest,SPEAKER_00,HOST,male,1881.887999999996,31.364799999999935,6140,843,103.74445,0.3945179288882078,0.3945179288882078
ep_099_whisperx_diarized.gender.host_guest,SPEAKER_01,HOST,male,1993.2020000000002,33.22003333333334,6490,821,110.42771666666665,0.40136340991825004,0.40136340991825004
ep_099_whisperx_diarized.gender.host_guest,SPEAKER_00,GUEST,male,2972.8759999999925,49.547933333333205,11910,1491,110.42771666666665,0.5986365900817501,0.5986365900817501
ep_100_whisperx_diarized.gender.host_guest,SPEAKER_00,GUEST,male,2806.089000000007,46.76815000000012,8679,1004,80.87205,0.7366091538241042,0.7366091538241042
ep_100_whisperx_diarized.gender.host_guest,SPEAKER_01,HOST,male,1003.3789999999988,16.722983333333314,3162,348,80.87205,0.2633908461758957,0.2633908461758957
ep_101_whisperx_diarized.gender.host_guest,SPEAKER_01,HOST,male,294.63899999999995,4.9106499999999995,1001,99,29.230116666666667,0.2177673449869511,0.2177673449869511
ep_101_whisperx_diarized.gender.host_guest,SPEAKER_00,GUEST,female,1058.3600000000006,17.639333333333344,3315,322,29.230116666666667,0.782232655013049,0.782232655013049
ep_102_whisperx_diarized.gender.host_guest,SPEAKER_01,GUEST,male,5545.644999999993,92.42741666666656,17420,1705,149.96661666666665,0.775233357242318,0.775233357242318
ep_102_whisperx_diarized.gender.host_guest,SPEAKER_00,HOST,male,1607.872000000005,26.797866666666753,4955,593,149.96661666666665,0.22476664275768207,0.22476664275768207
ep_103_whisperx_diarized.gender.host_guest,SPEAKER_01,GUEST,male,1896.301999999997,31.60503333333328,5715,719,75.75641666666667,0.5338997700880168,0.5338997700880168
ep_103_whisperx_diarized.gender.host_guest,SPEAKER_00,HOST,male,1655.4920000000022,27.59153333333337,5239,646,75.75641666666667,0.4661002299119833,0.4661002299119833
ep_104_whisperx_diarized.gender.host_guest,SPEAKER_00,GUEST,male,3822.9710000000005,63.71618333333334,12006,1263,99.10844999999999,0.8116023716886837,0.8116023716886837
ep_104_whisperx_diarized.gender.host_guest,SPEAKER_01,HOST,male,887.4279999999958,14.790466666666596,2743,281,99.10844999999999,0.18839762831131643,0.18839762831131643
ep_105_whisperx_diarized.gender.host_guest,SPEAKER_01,GUEST,male,4307.532000000018,71.7922000000003,15038,2453,129.52736666666667,0.7182867699646804,0.7182867699646804
ep_105_whisperx_diarized.gender.host_guest,SPEAKER_00,HOST,male,1689.4210000000066,28.157016666666777,5798,971,129.52736666666667,0.28171323003531956,0.28171323003531956
ep_106_whisperx_diarized.gender.host_guest,SPEAKER_00,GUEST,male,1953.4230000000043,32.557050000000075,6209,832,65.1283,0.669981780990495,0.669981780990495
ep_106_whisperx_diarized.gender.host_guest,SPEAKER_01,HOST,male,962.2129999999979,16.0368833333333,3027,480,65.1283,0.330018219009505,0.330018219009505
ep_107_whisperx_diarized.gender.host_guest,SPEAKER_01,HOST,male,814.627999999999,13.577133333333316,2344,353,98.14896666666667,0.18152724096322445,0.18152724096322445
ep_107_whisperx_diarized.gender.host_guest,SPEAKER_00,GUEST,male,3673.006999999997,61.21678333333328,10230,1599,98.14896666666667,0.8184727590367756,0.8184727590367756
ep_108_whisperx_diarized.gender.host_guest,SPEAKER_01,GUEST,male,5285.052999999988,88.08421666666646,17122,1775,120.02613333333333,0.8634925858018739,0.8634925858018739
ep_108_whisperx_diarized.gender.host_guest,SPEAKER_00,HOST,male,835.5009999999949,13.925016666666581,2850,318,120.02613333333333,0.13650741419812606,0.13650741419812606
ep_109_whisperx_diarized.gender.host_guest,SPEAKER_00,HOST,male,732.9219999999989,12.215366666666648,2696,317,69.58383333333333,0.22437594348185863,0.22437594348185863
ep_109_whisperx_diarized.gender.host_guest,SPEAKER_01,GUEST,male,2533.568999999997,42.22614999999995,10080,1057,69.58383333333333,0.7756240565181415,0.7756240565181415
ep_110_whisperx_diarized.gender.host_guest,SPEAKER_00,HOST,male,1378.2419999999945,22.97069999999991,4832,650,117.22901666666667,0.24547758468958938,0.24547758468958938
ep_110_whisperx_diarized.gender.host_guest,SPEAKER_01,GUEST,female,4236.291000000006,70.6048500000001,12983,1387,117.22901666666667,0.7545224153104105,0.7545224153104105
ep_111_whisperx_diarized.gender.host_guest,SPEAKER_01,HOST,male,220.40699999999825,3.673449999999971,696,96,88.97015,0.053377173555307744,0.053377173555307744
ep_111_whisperx_diarized.gender.host_guest,SPEAKER_00,GUEST,female,3908.8300000000013,65.14716666666669,12196,1431,88.97015,0.9466228264446923,0.9466228264446923
ep_112_whisperx_diarized.gender.host_guest,SPEAKER_00,GUEST,female,5098.428000000008,84.97380000000014,15906,1501,113.06195,0.9152692987037058,0.9152692987037058
ep_112_whisperx_diarized.gender.host_guest,SPEAKER_01,HOST,male,471.98499999999376,7.866416666666563,1724,241,113.06195,0.0847307012962941,0.0847307012962941
ep_113_whisperx_diarized.gender.host_guest,SPEAKER_01,HOST,male,761.7839999999991,12.696399999999985,2242,237,50.182900000000004,0.3122115476435889,0.3122115476435889
ep_113_whisperx_diarized.gender.host_guest,SPEAKER_00,GUEST,male,1678.177000000002,27.9696166666667,5792,601,50.182900000000004,0.6877884523564111,0.6877884523564111
ep_114_whisperx_diarized.gender.host_guest,SPEAKER_01,GUEST,male,1638.0680000000016,27.30113333333336,5184,385,40.698883333333335,0.8299986977972511,0.8299986977972511
ep_114_whisperx_diarized.gender.host_guest,SPEAKER_00,HOST,female,335.510999999999,5.591849999999983,1188,85,40.698883333333335,0.17000130220274887,0.17000130220274887
ep_115_whisperx_diarized.gender.host_guest,SPEAKER_01,HOST,female,586.9300000000015,9.782166666666692,2009,163,67.6331,0.1725061221994542,0.1725061221994542
ep_115_whisperx_diarized.gender.host_guest,SPEAKER_00,GUEST,male,2815.4419999999996,46.92403333333333,10837,976,67.6331,0.8274938778005457,0.8274938778005457
ep_116_whisperx_diarized.gender.host_guest,SPEAKER_00,GUEST,male,2729.5879999999975,45.49313333333329,8975,672,66.29433333333333,0.8358736397012323,0.8358736397012323
ep_116_whisperx_diarized.gender.host_guest,SPEAKER_01,HOST,female,535.9630000000013,8.932716666666689,1893,147,66.29433333333333,0.16412636029876781,0.16412636029876781
ep_117_whisperx_diarized.gender.host_guest,SPEAKER_01,HOST,female,1072.6599999999999,17.877666666666663,3487,244,150.09296666666665,0.1360038088065336,0.1360038088065336
ep_117_whisperx_diarized.gender.host_guest,SPEAKER_00,GUEST,male,6814.325000000012,113.57208333333352,20870,1265,150.09296666666665,0.8639961911934664,0.8639961911934664
ep_118_whisperx_diarized.gender.host_guest,SPEAKER_01,HOST,female,477.2389999999988,7.953983333333313,1677,142,69.63345,0.14209259201916924,0.14209259201916924
ep_118_whisperx_diarized.gender.host_guest,SPEAKER_00,GUEST,female,2881.409000000002,48.02348333333337,9250,741,69.63345,0.8579074079808308,0.8579074079808308
ep_119_whisperx_diarized.gender.host_guest,SPEAKER_00,GUEST,male,1478.4659999999994,24.64109999999999,5405,536,53.79428333333333,0.5857691085565863,0.5857691085565863
ep_119_whisperx_diarized.gender.host_guest,SPEAKER_01,HOST,female,1045.5079999999975,17.425133333333292,3509,281,53.79428333333333,0.41423089144341374,0.41423089144341374
ep_120_whisperx_diarized.gender.host_guest,SPEAKER_00,GUEST,male,2488.674999999999,41.477916666666644,9443,758,61.2021,0.8244478558906188,0.8244478558906188
ep_120_whisperx_diarized.gender.host_guest,SPEAKER_01,HOST,female,529.9210000000021,8.832016666666702,1843,164,61.2021,0.1755521441093813,0.1755521441093813
ep_121_whisperx_diarized.gender.host_guest,SPEAKER_00,GUEST,male,2411.3249999999994,40.18874999999999,7999,703,64.916,0.761135672218536,0.761135672218536
ep_121_whisperx_diarized.gender.host_guest,SPEAKER_01,HOST,female,756.7370000000003,12.61228333333334,2689,228,64.916,0.23886432778146396,0.23886432778146396
ep_122_whisperx_diarized.gender.host_guest,SPEAKER_00,HOST,female,763.2849999999984,12.72141666666664,2593,199,53.65231666666667,0.2843519178391955,0.2843519178391955
ep_122_whisperx_diarized.gender.host_guest,SPEAKER_01,GUEST,female,1921.0119999999995,32.01686666666666,6322,530,53.65231666666667,0.7156480821608046,0.7156480821608046
ep_123_whisperx_diarized.gender.host_guest,SPEAKER_01,GUEST,male,1842.2310000000018,30.70385000000003,5435,502,51.41226666666667,0.7943400237237289,0.7943400237237289
ep_123_whisperx_diarized.gender.host_guest,SPEAKER_00,HOST,female,476.9659999999993,7.949433333333322,1629,133,51.41226666666667,0.2056599762762711,0.2056599762762711
ep_124_whisperx_diarized.gender.host_guest,SPEAKER_00,HOST,female,2330.399000000001,38.83998333333334,6991,423,57.06846666666667,0.7940055012093731,0.7940055012093731
ep_124_whisperx_diarized.gender.host_guest,SPEAKER_01,GUEST,female,604.5920000000015,10.076533333333357,2025,163,57.06846666666667,0.20599449879062695,0.20599449879062695
ep_125_whisperx_diarized.gender.host_guest,SPEAKER_01,HOST,female,468.6630000000011,7.8110500000000185,1589,118,50.315333333333335,0.17967334210749314,0.17967334210749314
ep_125_whisperx_diarized.gender.host_guest,SPEAKER_00,GUEST,male,2139.754,35.66256666666666,7407,420,50.315333333333335,0.8203266578925069,0.8203266578925069
ep_126_whisperx_diarized.gender.host_guest,SPEAKER_00,GUEST,female,3130.495999999999,52.17493333333332,10586,718,76.8378,0.7872073178060961,0.7872073178060961
ep_126_whisperx_diarized.gender.host_guest,SPEAKER_01,HOST,female,846.2150000000022,14.10358333333337,2629,183,76.8378,0.21279268219390393,0.21279268219390393
ep_127_whisperx_diarized.gender.host_guest,SPEAKER_01,GUEST,female,3029.2980000000007,50.48830000000001,10215,707,66.10763333333334,0.9135246550494492,0.9135246550494492
ep_127_whisperx_diarized.gender.host_guest,SPEAKER_00,HOST,female,286.75699999999847,4.779283333333308,1041,61,66.10763333333334,0.08647534495055073,0.08647534495055073
ep_128_whisperx_diarized.gender.host_guest,SPEAKER_00,HOST,female,693.4580000000026,11.557633333333376,2404,279,71.65388333333334,0.1931693842941419,0.1931693842941419
ep_128_whisperx_diarized.gender.host_guest,SPEAKER_01,GUEST,male,2896.437999999996,48.2739666666666,10406,805,71.65388333333334,0.806830615705858,0.806830615705858
ep_129_whisperx_diarized.gender.host_guest,SPEAKER_01,GUEST,female,2952.5029999999983,49.20838333333331,10959,962,67.83631666666666,0.8642106230622965,0.8642106230622965
ep_129_whisperx_diarized.gender.host_guest,SPEAKER_00,HOST,female,463.91300000000126,7.7318833333333545,1601,172,67.83631666666666,0.13578937693770352,0.13578937693770352
ep_130_whisperx_diarized.gender.host_guest,SPEAKER_00,HOST,female,691.1389999999988,11.518983333333313,2378,198,70.23553333333332,0.1967625266401593,0.1967625266401593
ep_130_whisperx_diarized.gender.host_guest,SPEAKER_01,GUEST,male,2821.4150000000045,47.023583333333406,10221,836,70.23553333333332,0.8032374733598407,0.8032374733598407
ep_131_whisperx_diarized.gender.host_guest,SPEAKER_00,GUEST,female,1859.7809999999986,30.996349999999975,5488,383,46.89435,0.7733665282482513,0.7733665282482513
ep_131_whisperx_diarized.gender.host_guest,SPEAKER_01,HOST,female,545.0050000000005,9.083416666666674,1769,112,46.89435,0.22663347175174867,0.22663347175174867
ep_132_whisperx_diarized.gender.host_guest,SPEAKER_00,GUEST,male,1829.5279999999977,30.492133333333296,6199,728,51.24621666666667,0.782440415476131,0.782440415476131
ep_132_whisperx_diarized.gender.host_guest,SPEAKER_01,HOST,female,508.70499999999925,8.478416666666654,1549,166,51.24621666666667,0.21755958452386906,0.21755958452386906
ep_133_whisperx_diarized.gender.host_guest,SPEAKER_01,HOST,female,416.7220000000006,6.9453666666666765,1257,102,78.3549,0.10241665476743167,0.10241665476743167
ep_133_whisperx_diarized.gender.host_guest,SPEAKER_00,GUEST,female,3652.1670000000026,60.86945000000004,11861,956,78.3549,0.8975833452325683,0.8975833452325683
ep_134_whisperx_diarized.gender.host_guest,SPEAKER_01,HOST,female,484.0460000000002,8.067433333333337,1619,139,64.3836,0.1568977901555345,0.1568977901555345
ep_134_whisperx_diarized.gender.host_guest,SPEAKER_00,GUEST,male,2601.058,43.350966666666665,9838,830,64.3836,0.8431022098444655,0.8431022098444655
ep_135_whisperx_diarized.gender.host_guest,SPEAKER_00,GUEST,male,2369.879,39.49798333333333,7204,535,60.535383333333336,0.7983852927899097,0.7983852927899097
ep_135_whisperx_diarized.gender.host_guest,SPEAKER_01,HOST,female,598.4609999999993,9.974349999999989,2026,161,60.535383333333336,0.2016147072100903,0.2016147072100903
ep_136_whisperx_diarized.gender.host_guest,SPEAKER_00,GUEST,male,2699.4020000000055,44.99003333333342,8459,750,75.55053333333333,0.7893352967768694,0.7893352967768694
ep_136_whisperx_diarized.gender.host_guest,SPEAKER_01,HOST,female,720.4399999999982,12.007333333333303,2365,206,75.55053333333333,0.2106647032231306,0.2106647032231306
ep_137_whisperx_diarized.gender.host_guest,SPEAKER_00,HOST,female,518.2130000000016,8.63688333333336,1544,211,73.71646666666668,0.14416594636504834,0.14416594636504834
ep_137_whisperx_diarized.gender.host_guest,SPEAKER_01,GUEST,female,3076.345999999997,51.27243333333328,9804,1027,73.71646666666668,0.8558340536349517,0.8558340536349517
ep_138_whisperx_diarized.gender.host_guest,SPEAKER_01,HOST,female,615.5350000000026,10.25891666666671,2148,128,62.13786666666667,0.19012523150407562,0.19012523150407562
ep_138_whisperx_diarized.gender.host_guest,SPEAKER_00,GUEST,male,2621.9890000000064,43.69981666666677,9415,617,62.13786666666667,0.8098747684959244,0.8098747684959244
ep_139_whisperx_diarized.gender.host_guest,SPEAKER_01,GUEST,female,2696.7619999999974,44.94603333333329,9900,879,64.34233333333333,0.856600327487163,0.856600327487163
ep_139_whisperx_diarized.gender.host_guest,SPEAKER_00,HOST,female,451.4530000000009,7.524216666666681,1575,164,64.34233333333333,0.143399672512837,0.143399672512837
ep_140_whisperx_diarized.gender.host_guest,SPEAKER_01,HOST,female,720.4109999999996,12.006849999999993,2583,204,55.31328333333333,0.2564281359019885,0.2564281359019885
ep_140_whisperx_diarized.gender.host_guest,SPEAKER_00,GUEST,male,2088.996000000008,34.81660000000013,8404,600,55.31328333333333,0.7435718640980116,0.7435718640980116
ep_141_whisperx_diarized.gender.host_guest,SPEAKER_00,GUEST,female,1791.6240000000016,29.860400000000027,5795,449,48.285999999999994,0.7453571808935513,0.7453571808935513
ep_141_whisperx_diarized.gender.host_guest,SPEAKER_01,HOST,female,612.0880000000006,10.201466666666677,2125,128,48.285999999999994,0.2546428191064487,0.2546428191064487
ep_142_whisperx_diarized.gender.host_guest,SPEAKER_01,GUEST,male,2962.084999999989,49.36808333333315,8904,619,78.09570000000001,0.734185231452563,0.734185231452563
ep_142_whisperx_diarized.gender.host_guest,SPEAKER_00,HOST,female,1072.4350000000036,17.873916666666727,3255,243,78.09570000000001,0.265814768547437,0.265814768547437
ep_143_whisperx_diarized.gender.host_guest,SPEAKER_01,HOST,female,653.0300000000017,10.883833333333362,2178,171,67.5903,0.2005648728452554,0.2005648728452554
ep_143_whisperx_diarized.gender.host_guest,SPEAKER_00,GUEST,male,2602.924000000003,43.38206666666672,7659,655,67.5903,0.7994351271547446,0.7994351271547446
ep_144_whisperx_diarized.gender.host_guest,SPEAKER_01,GUEST,female,2661.6870000000063,44.361450000000104,8482,687,68.29555,0.7704770688092041,0.7704770688092041
ep_144_whisperx_diarized.gender.host_guest,SPEAKER_00,HOST,female,792.909,13.21515,2639,215,68.29555,0.22952293119079584,0.22952293119079584
ep_145_whisperx_diarized.gender.host_guest,SPEAKER_00,GUEST,female,2504.340999999996,41.73901666666659,7476,504,63.4227,0.7885353627587415,0.7885353627587415
ep_145_whisperx_diarized.gender.host_guest,SPEAKER_01,HOST,female,671.5990000000022,11.193316666666703,2210,173,63.4227,0.21146463724125855,0.21146463724125855
ep_146_whisperx_diarized.gender.host_guest,SPEAKER_00,GUEST,female,2466.133999999997,41.10223333333328,7494,605,57.93638333333333,0.8571542773011044,0.8571542773011044
ep_146_whisperx_diarized.gender.host_guest,SPEAKER_01,HOST,female,410.98400000000083,6.849733333333347,1401,114,57.93638333333333,0.14284572269889562,0.14284572269889562
ep_147_whisperx_diarized.gender.host_guest,SPEAKER_00,HOST,female,458.4239999999979,7.640399999999965,1686,128,45.83576666666667,0.19479031181389717,0.19479031181389717
ep_147_whisperx_diarized.gender.host_guest,SPEAKER_01,GUEST,female,1894.999000000005,31.58331666666675,7001,514,45.83576666666667,0.8052096881861028,0.8052096881861028
ep_148_whisperx_diarized.gender.host_guest,SPEAKER_01,GUEST,female,2191.7599999999998,36.52933333333333,7214,516,53.485533333333336,0.800449352521874,0.800449352521874
ep_148_whisperx_diarized.gender.host_guest,SPEAKER_00,HOST,female,546.4020000000003,9.106700000000005,1722,148,53.485533333333336,0.19955064747812593,0.19955064747812593
ep_149_whisperx_diarized.gender.host_guest,SPEAKER_01,GUEST,female,2325.525000000003,38.75875000000005,7351,493,59.04725,0.7484910447573843,0.7484910447573843
ep_149_whisperx_diarized.gender.host_guest,SPEAKER_00,HOST,female,781.4260000000013,13.023766666666688,2496,174,59.04725,0.25150895524261574,0.25150895524261574
ep_150_whisperx_diarized.gender.host_guest,SPEAKER_01,HOST,female,626.3449999999995,10.439083333333324,1926,122,46.41031666666667,0.26662747500254286,0.26662747500254286
ep_150_whisperx_diarized.gender.host_guest,SPEAKER_00,GUEST,male,1722.7940000000037,28.713233333333395,5858,415,46.41031666666667,0.7333725249974571,0.7333725249974571
ep_151_whisperx_diarized.gender.host_guest,SPEAKER_00,HOST,female,275.69899999999893,4.594983333333316,839,81,55.751083333333334,0.10145944625095464,0.10145944625095464
ep_151_whisperx_diarized.gender.host_guest,SPEAKER_01,GUEST,male,2441.633,40.69388333333333,6941,594,55.751083333333334,0.8985405537490454,0.8985405537490454
ep_152_whisperx_diarized.gender.host_guest,SPEAKER_01,HOST,female,379.52700000000004,6.325450000000001,1167,82,54.0984,0.14660446495687954,0.14660446495687954
ep_152_whisperx_diarized.gender.host_guest,SPEAKER_00,GUEST,male,2209.254999999997,36.82091666666661,6525,478,54.0984,0.8533955350431205,0.8533955350431205
ep_153_whisperx_diarized.gender.host_guest,SPEAKER_01,GUEST,male,1685.089000000001,28.084816666666686,6285,591,43.047533333333334,0.7932227054008781,0.7932227054008781
ep_153_whisperx_diarized.gender.host_guest,SPEAKER_00,HOST,female,439.2690000000016,7.321150000000027,1470,144,43.047533333333334,0.2067772945991217,0.2067772945991217
ep_154_whisperx_diarized.gender.host_guest,SPEAKER_01,HOST,male,594.2760000000094,9.904600000000157,2126,277,118.56745,0.10094751468495024,0.10094751468495024
ep_154_whisperx_diarized.gender.host_guest,SPEAKER_00,GUEST,male,5292.704000000001,88.21173333333334,19415,2342,118.56745,0.8990524853150497,0.8990524853150497
ep_155_whisperx_diarized.gender.host_guest,SPEAKER_01,GUEST,male,4141.523000000012,69.02538333333354,14377,1696,98.08263333333333,0.849415810675364,0.849415810675364
ep_155_whisperx_diarized.gender.host_guest,SPEAKER_00,HOST,male,734.2079999999992,12.236799999999986,2515,303,98.08263333333333,0.15058418932463616,0.15058418932463616
ep_156_whisperx_diarized.gender.host_guest,SPEAKER_01,HOST,male,957.8009999999955,15.963349999999926,3065,249,73.01209999999999,0.2679309780533474,0.2679309780533474
ep_156_whisperx_diarized.gender.host_guest,SPEAKER_00,GUEST,male,2617.0040000000004,43.616733333333336,6924,609,73.01209999999999,0.7320690219466526,0.7320690219466526
ep_157_whisperx_diarized.gender.host_guest,SPEAKER_01,GUEST,male,4466.1699999999855,74.43616666666642,15437,1083,97.79379999999999,0.8929846786777135,0.8929846786777135
ep_157_whisperx_diarized.gender.host_guest,SPEAKER_00,HOST,female,535.2259999999969,8.920433333333282,1609,150,97.79379999999999,0.10701532132228658,0.10701532132228658
ep_158_whisperx_diarized.gender.host_guest,SPEAKER_00,GUEST,male,4872.118999999999,81.20198333333332,15118,1546,109.51938333333332,0.8926896694765301,0.8926896694765301
ep_158_whisperx_diarized.gender.host_guest,SPEAKER_01,HOST,male,585.6780000000026,9.761300000000043,1969,233,109.51938333333332,0.1073103305234699,0.1073103305234699
ep_159_whisperx_diarized.gender.host_guest,SPEAKER_01,HOST,male,476.1949999999989,7.936583333333315,1538,199,87.04625,0.12019526256075082,0.12019526256075082
ep_159_whisperx_diarized.gender.host_guest,SPEAKER_00,GUEST,male,3485.65000000001,58.09416666666684,11199,1405,87.04625,0.8798047374392493,0.8798047374392493
ep_160_whisperx_diarized.gender.host_guest,SPEAKER_01,HOST,male,591.4380000000025,9.857300000000041,2013,167,59.62765,0.201214353003376,0.201214353003376
ep_160_whisperx_diarized.gender.host_guest,SPEAKER_00,GUEST,male,2347.904999999999,39.13174999999998,6633,559,59.62765,0.798785646996624,0.798785646996624
ep_161_whisperx_diarized.gender.host_guest,SPEAKER_00,HOST,male,1345.1250000000114,22.41875000000019,4081,472,141.2554166666667,0.20013697321627671,0.20013697321627671
ep_161_whisperx_diarized.gender.host_guest,SPEAKER_01,GUEST,male,5375.897000000014,89.59828333333355,17530,2013,141.2554166666667,0.7998630267837233,0.7998630267837233
ep_162_whisperx_diarized.gender.host_guest,SPEAKER_00,GUEST,male,2970.337000000004,49.50561666666673,10675,945,72.79518333333334,0.8085781772360162,0.8085781772360162
ep_162_whisperx_diarized.gender.host_guest,SPEAKER_01,HOST,female,703.1940000000013,11.719900000000022,2287,274,72.79518333333334,0.19142182276398384,0.19142182276398384
ep_163_whisperx_diarized.gender.host_guest,SPEAKER_00,GUEST,female,5172.571000000019,86.20951666666699,14840,1604,139.80375,0.7979051594176436,0.7979051594176436
ep_163_whisperx_diarized.gender.host_guest,SPEAKER_01,HOST,male,1310.1179999999983,21.83529999999997,4266,521,139.80375,0.2020948405823563,0.2020948405823563
ep_164_whisperx_diarized.gender.host_guest,SPEAKER_01,GUEST,female,3053.556999999995,50.89261666666658,9657,1026,90.29778333333334,0.6994968573053046,0.6994968573053046
ep_164_whisperx_diarized.gender.host_guest,SPEAKER_00,HOST,male,1311.8049999999987,21.863416666666645,4392,473,90.29778333333334,0.3005031426946953,0.3005031426946953
ep_165_whisperx_diarized.gender.host_guest,SPEAKER_00,GUEST,male,4689.027999999992,78.15046666666653,13691,1545,128.18886666666668,0.793813942567084,0.793813942567084
ep_165_whisperx_diarized.gender.host_guest,SPEAKER_01,HOST,male,1217.9329999999904,20.298883333333173,3624,409,128.18886666666668,0.20618605743291585,0.20618605743291585
ep_166_whisperx_diarized.gender.host_guest,SPEAKER_00,HOST,male,578.1789999999962,9.636316666666604,2062,252,84.62615000000001,0.13917412490067535,0.13917412490067535
ep_166_whisperx_diarized.gender.host_guest,SPEAKER_01,GUEST,male,3576.1780000000126,59.60296666666688,13296,1662,84.62615000000001,0.8608258750993246,0.8608258750993246
ep_167_whisperx_diarized.gender.host_guest,SPEAKER_01,GUEST,male,6386.321999999984,106.43869999999973,20516,1924,146.37251666666668,0.8742314584254497,0.8742314584254497
ep_167_whisperx_diarized.gender.host_guest,SPEAKER_00,HOST,male,918.7479999999978,15.31246666666663,2808,263,146.37251666666668,0.12576854157455028,0.12576854157455028
ep_168_whisperx_diarized.gender.host_guest,SPEAKER_01,GUEST,male,1923.861,32.064350000000005,5139,636,63.24495,0.7421624643117122,0.7421624643117122
ep_168_whisperx_diarized.gender.host_guest,SPEAKER_00,HOST,male,668.3760000000003,11.139600000000005,2035,235,63.24495,0.2578375356882878,0.2578375356882878
ep_169_whisperx_diarized.gender.host_guest,SPEAKER_00,GUEST,male,6341.454000000007,105.69090000000011,22802,2501,155.75475,0.8166436045646857,0.8166436045646857
ep_169_whisperx_diarized.gender.host_guest,SPEAKER_01,HOST,male,1423.8110000000083,23.73018333333347,5249,620,155.75475,0.18335639543531423,0.18335639543531423
ep_170_whisperx_diarized.gender.host_guest,SPEAKER_00,HOST,male,694.0200000000025,11.567000000000041,2371,237,59.199200000000005,0.24254781094676958,0.24254781094676958
ep_170_whisperx_diarized.gender.host_guest,SPEAKER_01,GUEST,male,2167.3540000000003,36.12256666666667,6431,747,59.199200000000005,0.7574521890532305,0.7574521890532305
ep_171_whisperx_diarized.gender.host_guest,SPEAKER_01,HOST,male,798.3040000000035,13.305066666666725,2695,273,76.19175,0.21295267555303324,0.21295267555303324
ep_171_whisperx_diarized.gender.host_guest,SPEAKER_00,GUEST,male,2950.4350000000027,49.17391666666671,8929,651,76.19175,0.7870473244469668,0.7870473244469668
ep_172_whisperx_diarized.gender.host_guest,SPEAKER_01,HOST,male,704.5100000000019,11.741833333333366,2349,276,97.74443333333333,0.15689269137630293,0.15689269137630293
ep_172_whisperx_diarized.gender.host_guest,SPEAKER_00,GUEST,male,3785.883999999995,63.09806666666658,10049,1054,97.74443333333333,0.8431073086236971,0.8431073086236971
ep_173_whisperx_diarized.gender.host_guest,SPEAKER_00,GUEST,male,3166.9449999999915,52.78241666666653,10400,1013,76.33065,0.8404664975265915,0.8404664975265915
ep_173_whisperx_diarized.gender.host_guest,SPEAKER_01,HOST,male,601.1349999999996,10.01891666666666,2126,208,76.33065,0.15953350247340847,0.15953350247340847
ep_174_whisperx_diarized.gender.host_guest,SPEAKER_01,HOST,male,1133.8849999999982,18.898083333333304,3640,352,66.1064,0.3633291891233712,0.3633291891233712
ep_174_whisperx_diarized.gender.host_guest,SPEAKER_00,GUEST,unknown,1986.934999999999,33.11558333333332,5555,569,66.1064,0.6366708108766289,0.6366708108766289
ep_175_whisperx_diarized.gender.host_guest,SPEAKER_01,HOST,male,550.3050000000006,9.17175000000001,1768,203,66.35011666666666,0.1666929188715994,0.1666929188715994
ep_175_whisperx_diarized.gender.host_guest,SPEAKER_00,GUEST,male,2751.005000000004,45.8500833333334,9390,814,66.35011666666666,0.8333070811284006,0.8333070811284006
ep_176_whisperx_diarized.gender.host_guest,SPEAKER_01,HOST,male,393.38100000000134,6.556350000000022,1224,146,53.135866666666665,0.1577947301876624,0.1577947301876624
ep_176_whisperx_diarized.gender.host_guest,SPEAKER_00,GUEST,male,2099.6110000000017,34.99351666666669,5910,651,53.135866666666665,0.8422052698123377,0.8422052698123377
ep_177_whisperx_diarized.gender.host_guest,SPEAKER_00,GUEST,male,3066.8220000000074,51.11370000000012,9011,928,81.01405,0.7836209374612735,0.7836209374612735
ep_177_whisperx_diarized.gender.host_guest,SPEAKER_01,HOST,male,846.833000000002,14.113883333333368,3057,361,81.01405,0.21637906253872657,0.21637906253872657
ep_178_whisperx_diarized.gender.host_guest,SPEAKER_01,HOST,male,403.49699999999837,6.724949999999973,1259,125,95.78628333333333,0.08330066312775522,0.08330066312775522
ep_178_whisperx_diarized.gender.host_guest,SPEAKER_00,GUEST,male,4440.366000000008,74.00610000000013,13463,1359,95.78628333333333,0.9166993368722447,0.9166993368722447
ep_179_whisperx_diarized.gender.host_guest,SPEAKER_01,HOST,male,800.141999999999,13.335699999999983,2561,303,92.7967,0.1797228626208644,0.1797228626208644
ep_179_whisperx_diarized.gender.host_guest,SPEAKER_00,GUEST,female,3651.9460000000017,60.865766666666694,9267,933,92.7967,0.8202771373791357,0.8202771373791357
ep_180_whisperx_diarized.gender.host_guest,SPEAKER_00,HOST,male,1191.4240000000027,19.85706666666671,4097,495,95.47266666666665,0.2506321950911673,0.2506321950911673
ep_180_whisperx_diarized.gender.host_guest,SPEAKER_01,GUEST,male,3562.2509999999897,59.37084999999983,12031,1176,95.47266666666665,0.7493678049088328,0.7493678049088328
ep_181_whisperx_diarized.gender.host_guest,SPEAKER_01,HOST,male,648.2619999999991,10.804366666666652,2211,234,82.39020000000001,0.15755256434684886,0.15755256434684886
ep_181_whisperx_diarized.gender.host_guest,SPEAKER_00,GUEST,male,3466.3139999999953,57.771899999999924,12323,1256,82.39020000000001,0.842447435653151,0.842447435653151
ep_182_whisperx_diarized.gender.host_guest,SPEAKER_00,HOST,male,506.1039999999986,8.435066666666645,1760,188,58.4751,0.17435755038707326,0.17435755038707326
ep_182_whisperx_diarized.gender.host_guest,SPEAKER_01,GUEST,male,2396.574999999997,39.94291666666662,8189,795,58.4751,0.8256424496129268,0.8256424496129268
ep_183_whisperx_diarized.gender.host_guest,SPEAKER_01,HOST,male,657.7900000000005,10.963166666666675,2022,193,51.174549999999996,0.27705030026172295,0.27705030026172295
ep_183_whisperx_diarized.gender.host_guest,SPEAKER_00,GUEST,male,1716.4720000000057,28.607866666666762,5158,511,51.174549999999996,0.722949699738277,0.722949699738277
ep_184_whisperx_diarized.gender.host_guest,SPEAKER_00,HOST,male,503.5529999999999,8.392549999999998,1517,128,57.62113333333333,0.18295842612000726,0.18295842612000726
ep_184_whisperx_diarized.gender.host_guest,SPEAKER_01,GUEST,male,2248.728000000001,37.478800000000014,6244,529,57.62113333333333,0.8170415738799928,0.8170415738799928
ep_185_whisperx_diarized.gender.host_guest,SPEAKER_01,HOST,male,1155.6679999999972,19.261133333333287,3794,438,72.31931666666667,0.3321978064621829,0.3321978064621829
ep_185_whisperx_diarized.gender.host_guest,SPEAKER_00,GUEST,female,2323.187000000002,38.71978333333337,7924,792,72.31931666666667,0.667802193537817,0.667802193537817
ep_186_whisperx_diarized.gender.host_guest,SPEAKER_00,HOST,male,996.427000000006,16.607116666666766,3499,462,104.96483333333335,0.18835066450219337,0.18835066450219337
ep_186_whisperx_diarized.gender.host_guest,SPEAKER_01,GUEST,female,4293.8489999999965,71.56414999999994,14481,1544,104.96483333333335,0.8116493354978066,0.8116493354978066
ep_187_whisperx_diarized.gender.host_guest,SPEAKER_00,GUEST,male,1441.0040000000035,24.01673333333339,4989,552,44.737383333333334,0.6765086429490252,0.6765086429490252
ep_187_whisperx_diarized.gender.host_guest,SPEAKER_01,HOST,male,689.0560000000005,11.484266666666676,2455,296,44.737383333333334,0.3234913570509747,0.3234913570509747
ep_188_whisperx_diarized.gender.host_guest,SPEAKER_01,GUEST,male,2470.5319999999992,41.17553333333332,8845,1014,68.0111,0.7653696187049509,0.7653696187049509
ep_188_whisperx_diarized.gender.host_guest,SPEAKER_00,HOST,male,757.3620000000013,12.622700000000021,2419,256,68.0111,0.2346303812950491,0.2346303812950491
ep_189_whisperx_diarized.gender.host_guest,SPEAKER_01,HOST,male,680.251,11.337516666666666,2187,243,59.75398333333333,0.25016190167631214,0.25016190167631214
ep_189_whisperx_diarized.gender.host_guest,SPEAKER_00,GUEST,male,2038.9919999999993,33.98319999999999,6779,766,59.75398333333333,0.7498380983236878,0.7498380983236878
ep_190_whisperx_diarized.gender.host_guest,SPEAKER_00,HOST,male,655.1749999999997,10.919583333333328,2194,279,65.94343333333333,0.2132307018363208,0.2132307018363208
ep_190_whisperx_diarized.gender.host_guest,SPEAKER_01,GUEST,male,2417.436000000001,40.29060000000002,8118,983,65.94343333333333,0.7867692981636791,0.7867692981636791
ep_191_whisperx_diarized.gender.host_guest,SPEAKER_00,HOST,male,674.3189999999989,11.238649999999982,2085,213,71.6308,0.19655165478538597,0.19655165478538597
ep_191_whisperx_diarized.gender.host_guest,SPEAKER_01,GUEST,male,2756.4280000000026,45.94046666666671,8578,873,71.6308,0.803448345214614,0.803448345214614
ep_192_whisperx_diarized.gender.host_guest,SPEAKER_01,HOST,male,915.7930000000009,15.263216666666683,2891,319,117.39296666666668,0.15615702102372475,0.15615702102372475
ep_192_whisperx_diarized.gender.host_guest,SPEAKER_00,GUEST,male,4948.772000000004,82.47953333333339,14983,1660,117.39296666666668,0.8438429789762754,0.8438429789762754
ep_193_whisperx_diarized.gender.host_guest,SPEAKER_01,GUEST,male,1200.3010000000006,20.005016666666677,3380,377,44.52945,0.5672218533579383,0.5672218533579383
ep_193_whisperx_diarized.gender.host_guest,SPEAKER_00,HOST,male,915.8040000000003,15.263400000000006,2891,304,44.52945,0.43277814664206166,0.43277814664206166
ep_194_whisperx_diarized.gender.host_guest,SPEAKER_00,HOST,male,954.1659999999986,15.902766666666643,2988,338,72.41756666666667,0.2624230469661035,0.2624230469661035
ep_194_whisperx_diarized.gender.host_guest,SPEAKER_01,GUEST,male,2681.8179999999925,44.69696666666654,9536,1006,72.41756666666667,0.7375769530338965,0.7375769530338965
ep_195_whisperx_diarized.gender.host_guest,SPEAKER_00,HOST,male,546.2980000000002,9.104966666666671,1721,212,74.792,0.15655709540388768,0.15655709540388768
ep_195_whisperx_diarized.gender.host_guest,SPEAKER_01,GUEST,male,2943.1509999999985,49.05251666666664,8836,1021,74.792,0.8434429045961124,0.8434429045961124
ep_196_whisperx_diarized.gender.host_guest,SPEAKER_00,GUEST,male,3130.2899999999945,52.17149999999991,10559,1403,90.0794,0.7591119552451601,0.7591119552451601
ep_196_whisperx_diarized.gender.host_guest,SPEAKER_01,HOST,male,993.330999999996,16.555516666666602,3221,425,90.0794,0.24088804475484007,0.24088804475484007
ep_197_whisperx_diarized.gender.host_guest,SPEAKER_01,HOST,male,833.0760000000018,13.884600000000031,2655,319,65.72008333333333,0.26110978774619836,0.26110978774619836
ep_197_whisperx_diarized.gender.host_guest,SPEAKER_00,GUEST,female,2357.4440000000022,39.29073333333337,7157,751,65.72008333333333,0.7388902122538017,0.7388902122538017
ep_198_whisperx_diarized.gender.host_guest,SPEAKER_01,GUEST,female,2907.663000000001,48.461050000000014,8904,908,71.3375,0.850844681194739,0.850844681194739
ep_198_whisperx_diarized.gender.host_guest,SPEAKER_00,HOST,male,509.7209999999976,8.495349999999961,1778,240,71.3375,0.14915531880526092,0.14915531880526092
ep_199_whisperx_diarized.gender.host_guest,SPEAKER_00,HOST,male,1492.9739999999938,24.882899999999896,5115,654,72.35375,0.4108526427806595,0.4108526427806595
ep_199_whisperx_diarized.gender.host_guest,SPEAKER_01,GUEST,female,2140.8689999999906,35.681149999999846,8896,993,72.35375,0.5891473572193404,0.5891473572193404
ep_200_whisperx_diarized.gender.host_guest,SPEAKER_00,HOST,male,1309.9580000000024,21.832633333333373,4010,476,85.06201666666666,0.32304106304138935,0.32304106304138935
ep_200_whisperx_diarized.gender.host_guest,SPEAKER_01,GUEST,male,2745.123999999995,45.75206666666658,9258,1012,85.06201666666666,0.6769589369586106,0.6769589369586106
ep_201_whisperx_diarized.gender.host_guest,SPEAKER_00,GUEST,male,3389.164999999999,56.48608333333332,9625,1123,85.99411666666667,0.8125938968993458,0.8125938968993458
ep_201_whisperx_diarized.gender.host_guest,SPEAKER_01,HOST,male,781.6330000000022,13.027216666666703,2431,279,85.99411666666667,0.1874061031006541,0.1874061031006541
ep_202_whisperx_diarized.gender.host_guest,SPEAKER_00,GUEST,male,70.83600000000008,1.1806000000000014,228,15,32.90408333333333,0.04819595169246479,0.04819595169246479
ep_202_whisperx_diarized.gender.host_guest,SPEAKER_01,HOST,male,1398.9139999999993,23.31523333333332,4753,405,32.90408333333333,0.9518040483075353,0.9518040483075353
ep_203_whisperx_diarized.gender.host_guest,SPEAKER_01,GUEST,female,4072.295000000003,67.87158333333338,12199,1439,113.89506666666666,0.7372120089509017,0.7372120089509017
ep_203_whisperx_diarized.gender.host_guest,SPEAKER_00,HOST,male,1451.6179999999983,24.193633333333306,4718,559,113.89506666666666,0.26278799104909834,0.26278799104909834
ep_204_whisperx_diarized.gender.host_guest,SPEAKER_00,HOST,male,1192.1490000000056,19.869150000000094,4088,366,104.25128333333333,0.22852274485154978,0.22852274485154978
ep_204_whisperx_diarized.gender.host_guest,SPEAKER_01,GUEST,female,4024.6139999999955,67.07689999999992,13981,1415,104.25128333333333,0.7714772551484502,0.7714772551484502
ep_205_whisperx_diarized.gender.host_guest,SPEAKER_01,HOST,male,1302.9390000000044,21.715650000000075,4179,539,93.23183333333333,0.2857407589349165,0.2857407589349165
ep_205_whisperx_diarized.gender.host_guest,SPEAKER_00,GUEST,female,3256.924999999996,54.28208333333327,9603,1199,93.23183333333333,0.7142592410650834,0.7142592410650834
ep_206_whisperx_diarized.gender.host_guest,SPEAKER_01,GUEST,male,3139.4340000000007,52.32390000000001,10599,999,75.21023333333332,0.8674216437509097,0.8674216437509097
ep_206_whisperx_diarized.gender.host_guest,SPEAKER_00,HOST,male,479.83700000000204,7.9972833333333675,1573,199,75.21023333333332,0.13257835624909042,0.13257835624909042
ep_207_whisperx_diarized.gender.host_guest,SPEAKER_01,HOST,male,1380.8570000000045,23.01428333333341,4668,612,116.35053333333333,0.24998329953110274,0.24998329953110274
ep_207_whisperx_diarized.gender.host_guest,SPEAKER_00,GUEST,female,4142.939999999987,69.04899999999978,11754,1346,116.35053333333333,0.7500167004688972,0.7500167004688972
ep_208_whisperx_diarized.gender.host_guest,SPEAKER_00,GUEST,male,4021.533999999988,67.02556666666646,14524,1418,101.45366666666668,0.7851117596116083,0.7851117596116083
ep_208_whisperx_diarized.gender.host_guest,SPEAKER_01,HOST,male,1100.709999999993,18.34516666666655,3636,343,101.45366666666668,0.21488824038839172,0.21488824038839172
ep_209_whisperx_diarized.gender.host_guest,SPEAKER_00,HOST,male,863.0389999999966,14.383983333333276,2587,294,81.04313333333333,0.23223708747488656,0.23223708747488656
ep_209_whisperx_diarized.gender.host_guest,SPEAKER_01,GUEST,male,2853.158999999995,47.55264999999992,8984,1059,81.04313333333333,0.7677629125251134,0.7677629125251134
ep_210_whisperx_diarized.gender.host_guest,SPEAKER_00,HOST,male,1171.314000000004,19.521900000000066,3955,526,72.68143333333335,0.3196665006447576,0.3196665006447576
ep_210_whisperx_diarized.gender.host_guest,SPEAKER_01,GUEST,female,2492.860999999994,41.54768333333323,7891,816,72.68143333333335,0.6803334993552425,0.6803334993552425
ep_211_whisperx_diarized.gender.host_guest,SPEAKER_01,HOST,male,608.2480000000006,10.137466666666677,2091,269,64.94028333333333,0.19884306139228222,0.19884306139228222
ep_211_whisperx_diarized.gender.host_guest,SPEAKER_00,GUEST,female,2450.6869999999985,40.84478333333331,8611,1000,64.94028333333333,0.8011569386077179,0.8011569386077179
ep_212_whisperx_diarized.gender.host_guest,SPEAKER_00,HOST,male,551.5010000000008,9.191683333333346,1915,209,57.47865,0.192034165653977,0.192034165653977
ep_212_whisperx_diarized.gender.host_guest,SPEAKER_01,GUEST,male,2320.3890000000033,38.67315000000006,8331,663,57.47865,0.8079658343460231,0.8079658343460231
ep_213_whisperx_diarized.gender.host_guest,SPEAKER_01,GUEST,male,2722.1589999999974,45.36931666666662,9603,1107,77.68088333333334,0.70055297217073,0.70055297217073
ep_213_whisperx_diarized.gender.host_guest,SPEAKER_00,HOST,male,1163.5700000000013,19.392833333333353,4379,630,77.68088333333334,0.2994470278292701,0.2994470278292701
ep_214_whisperx_diarized.gender.host_guest,SPEAKER_01,GUEST,male,1991.811000000002,33.19685000000003,6629,725,50.762433333333334,0.8091618651975792,0.8091618651975792
ep_214_whisperx_diarized.gender.host_guest,SPEAKER_00,HOST,male,469.76199999999983,7.8293666666666635,1519,183,50.762433333333334,0.19083813480242084,0.19083813480242084
ep_215_whisperx_diarized.gender.host_guest,SPEAKER_00,HOST,male,1309.7919999999997,21.82986666666666,4218,442,88.02275,0.30410088279878505,0.30410088279878505
ep_215_whisperx_diarized.gender.host_guest,SPEAKER_01,GUEST,male,2997.3050000000035,49.95508333333339,9338,790,88.02275,0.6958991172012149,0.6958991172012149
ep_216_whisperx_diarized.gender.host_guest,SPEAKER_00,GUEST,male,3939.7200000000016,65.66200000000002,12933,1175,95.81541666666666,0.8314439852887268,0.8314439852887268
ep_216_whisperx_diarized.gender.host_guest,SPEAKER_01,HOST,male,798.687,13.31145,2786,272,95.81541666666666,0.16855601471127316,0.16855601471127316
ep_217_whisperx_diarized.gender.host_guest,SPEAKER_01,HOST,male,638.8399999999992,10.64733333333332,2092,215,68.38745,0.20247698664141256,0.20247698664141256
ep_217_whisperx_diarized.gender.host_guest,SPEAKER_00,GUEST,male,2516.283999999996,41.9380666666666,7146,881,68.38745,0.7975230133585874,0.7975230133585874
ep_218_whisperx_diarized.gender.host_guest,SPEAKER_01,HOST,male,666.8929999999993,11.114883333333323,2269,285,56.45448333333333,0.2354614531538357,0.2354614531538357
ep_218_whisperx_diarized.gender.host_guest,SPEAKER_00,GUEST,male,2165.3880000000026,36.08980000000005,7327,743,56.45448333333333,0.7645385468461644,0.7645385468461644
ep_219_whisperx_diarized.gender.host_guest,SPEAKER_01,HOST,male,528.453000000001,8.807550000000017,1677,220,55.77583333333334,0.19470495430934975,0.19470495430934975
ep_219_whisperx_diarized.gender.host_guest,SPEAKER_00,GUEST,male,2185.6689999999994,36.42781666666666,6364,716,55.77583333333334,0.8052950456906502,0.8052950456906502
ep_220_whisperx_diarized.gender.host_guest,SPEAKER_01,HOST,male,695.5000000000028,11.591666666666715,2361,367,55.34746666666667,0.25673955166002227,0.25673955166002227
ep_220_whisperx_diarized.gender.host_guest,SPEAKER_00,GUEST,female,2013.4709999999998,33.557849999999995,7275,848,55.34746666666667,0.7432604483399777,0.7432604483399777
ep_221_whisperx_diarized.gender.host_guest,SPEAKER_00,GUEST,male,3331.8469999999943,55.53078333333324,10245,1078,89.95270000000001,0.7581368636403667,0.7581368636403667
ep_221_whisperx_diarized.gender.host_guest,SPEAKER_01,HOST,male,1062.935999999996,17.715599999999935,3413,359,89.95270000000001,0.24186313635963333,0.24186313635963333
ep_222_whisperx_diarized.gender.host_guest,SPEAKER_00,GUEST,male,3041.3280000000177,50.68880000000029,9509,964,112.97101666666667,0.5603620421731537,0.5603620421731537
ep_222_whisperx_diarized.gender.host_guest,SPEAKER_01,HOST,male,2386.106,39.768433333333334,7821,705,112.97101666666667,0.43963795782684645,0.43963795782684645
ep_223_whisperx_diarized.gender.host_guest,SPEAKER_01,GUEST,female,1937.0540000000012,32.284233333333354,6037,649,58.58413333333333,0.6752688711820225,0.6752688711820225
ep_223_whisperx_diarized.gender.host_guest,SPEAKER_00,HOST,male,931.5129999999996,15.52521666666666,3083,414,58.58413333333333,0.3247311288179775,0.3247311288179775
ep_224_whisperx_diarized.gender.host_guest,SPEAKER_00,GUEST,male,2793.7820000000042,46.5630333333334,9074,1036,78.12756666666668,0.7327310866405407,0.7327310866405407
ep_224_whisperx_diarized.gender.host_guest,SPEAKER_01,HOST,male,1019.0520000000031,16.98420000000005,3467,409,78.12756666666668,0.26726891335945946,0.26726891335945946
ep_225_whisperx_diarized.gender.host_guest,SPEAKER_01,GUEST,male,2934.7039999999997,48.91173333333333,8490,1001,82.59983333333334,0.7941690476100273,0.7941690476100273
ep_225_whisperx_diarized.gender.host_guest,SPEAKER_00,HOST,male,760.6099999999994,12.676833333333324,2357,276,82.59983333333334,0.2058309523899727,0.2058309523899727
ep_226_whisperx_diarized.gender.host_guest,SPEAKER_00,GUEST,male,2656.373999999999,44.27289999999998,8452,920,68.32141666666666,0.8423613874808346,0.8423613874808346
ep_226_whisperx_diarized.gender.host_guest,SPEAKER_01,HOST,male,497.1110000000003,8.285183333333338,1714,184,68.32141666666666,0.15763861251916544,0.15763861251916544
ep_227_whisperx_diarized.gender.host_guest,SPEAKER_01,HOST,male,793.5760000000002,13.226266666666671,2386,318,99.23960000000001,0.1651603858659559,0.1651603858659559
ep_227_whisperx_diarized.gender.host_guest,SPEAKER_00,GUEST,male,4011.3050000000007,66.85508333333334,13159,1358,99.23960000000001,0.8348396141340441,0.8348396141340441
ep_228_whisperx_diarized.gender.host_guest,SPEAKER_00,HOST,female,359.8470000000011,5.997450000000018,1177,104,39.788516666666666,0.17921336703313187,0.17921336703313187
ep_228_whisperx_diarized.gender.host_guest,SPEAKER_01,GUEST,female,1648.077999999998,27.467966666666634,5239,303,39.788516666666666,0.8207866329668682,0.8207866329668682
ep_229_whisperx_diarized.gender.host_guest,SPEAKER_00,HOST,male,699.8190000000018,11.663650000000029,2286,278,59.894666666666666,0.23237340509109097,0.23237340509109097
ep_229_whisperx_diarized.gender.host_guest,SPEAKER_01,GUEST,female,2311.7950000000023,38.52991666666671,8049,756,59.894666666666666,0.767626594908909,0.767626594908909
ep_230_whisperx_diarized.gender.host_guest,SPEAKER_00,GUEST,male,2308.358999999993,38.47264999999989,8661,1014,63.39403333333333,0.7658329078446184,0.7658329078446184
ep_230_whisperx_diarized.gender.host_guest,SPEAKER_01,HOST,male,705.8219999999984,11.763699999999973,2519,315,63.39403333333333,0.23416709215538165,0.23416709215538165
ep_231_whisperx_diarized.gender.host_guest,SPEAKER_01,HOST,male,812.446999999999,13.540783333333316,2768,346,81.3302,0.21380009794656912,0.21380009794656912
ep_231_whisperx_diarized.gender.host_guest,SPEAKER_00,GUEST,female,2987.584000000001,49.79306666666669,9597,1040,81.3302,0.7861999020534309,0.7861999020534309
ep_232_whisperx_diarized.gender.host_guest,SPEAKER_00,GUEST,male,2542.170999999999,42.36951666666665,8637,958,61.70935,0.8777657082561053,0.8777657082561053
ep_232_whisperx_diarized.gender.host_guest,SPEAKER_01,HOST,male,354.01299999999947,5.900216666666657,1262,160,61.70935,0.12223429174389461,0.12223429174389461
ep_233_whisperx_diarized.gender.host_guest,SPEAKER_01,GUEST,male,4306.642000000008,71.7773666666668,11354,1442,110.78626666666668,0.890836651408588,0.890836651408588
ep_233_whisperx_diarized.gender.host_guest,SPEAKER_00,HOST,male,527.7370000000029,8.795616666666715,1654,214,110.78626666666668,0.109163348591412,0.109163348591412
ep_234_whisperx_diarized.gender.host_guest,SPEAKER_00,GUEST,male,4131.102999999988,68.85171666666648,12852,1447,97.30996666666667,0.8877179727356395,0.8877179727356395
ep_234_whisperx_diarized.gender.host_guest,SPEAKER_01,HOST,male,522.5179999999991,8.708633333333319,1631,192,97.30996666666667,0.1122820272643605,0.1122820272643605
ep_235_whisperx_diarized.gender.host_guest,SPEAKER_01,GUEST,male,3581.615999999995,59.69359999999992,11509,1165,92.20358333333334,0.7912246386640601,0.7912246386640601
ep_235_whisperx_diarized.gender.host_guest,SPEAKER_00,HOST,male,945.0580000000044,15.75096666666674,3025,319,92.20358333333334,0.20877536133593994,0.20877536133593994
ep_236_whisperx_diarized.gender.host_guest,SPEAKER_01,HOST,male,676.3390000000031,11.272316666666718,2203,278,80.87719999999999,0.16967905087569327,0.16967905087569327
ep_236_whisperx_diarized.gender.host_guest,SPEAKER_00,GUEST,male,3309.6509999999885,55.160849999999805,10958,1228,80.87719999999999,0.8303209491243068,0.8303209491243068
ep_237_whisperx_diarized.gender.host_guest,SPEAKER_00,GUEST,male,4531.218999999998,75.52031666666663,14998,1568,115.60643333333334,0.795108468013565,0.795108468013565
ep_237_whisperx_diarized.gender.host_guest,SPEAKER_01,HOST,male,1167.6500000000026,19.460833333333376,3839,467,115.60643333333334,0.20489153198643492,0.20489153198643492
ep_238_whisperx_diarized.gender.host_guest,SPEAKER_01,HOST,male,1062.9230000000007,17.715383333333346,3421,348,92.92083333333333,0.23991331798198132,0.23991331798198132
ep_238_whisperx_diarized.gender.host_guest,SPEAKER_00,GUEST,male,3367.523000000014,56.125383333333566,11131,1188,92.92083333333333,0.7600866820180187,0.7600866820180187
ep_239_whisperx_diarized.gender.host_guest,SPEAKER_00,HOST,male,428.10599999999965,7.135099999999994,1418,162,75.62326666666667,0.12120071105685477,0.12120071105685477
ep_239_whisperx_diarized.gender.host_guest,SPEAKER_01,GUEST,male,3104.1009999999987,51.735016666666645,8601,790,75.62326666666667,0.8787992889431452,0.8787992889431452
ep_240_whisperx_diarized.gender.host_guest,SPEAKER_01,GUEST,male,903.3719999999989,15.056199999999983,2916,229,38.06766666666667,0.4767189909328764,0.4767189909328764
ep_240_whisperx_diarized.gender.host_guest,SPEAKER_00,HOST,male,991.6059999999985,16.526766666666642,3282,192,38.06766666666667,0.5232810090671237,0.5232810090671237
ep_241_whisperx_diarized.gender.host_guest,SPEAKER_00,GUEST,male,1832.0699999999983,30.534499999999973,5957,549,49.502233333333336,0.7570784335521699,0.7570784335521699
ep_241_whisperx_diarized.gender.host_guest,SPEAKER_01,HOST,male,587.8509999999987,9.797516666666645,1749,176,49.502233333333336,0.24292156644783008,0.24292156644783008
ep_242_whisperx_diarized.gender.host_guest,SPEAKER_00,GUEST,male,3434.835000000009,57.24725000000015,10569,984,84.19398333333334,0.7972564241412964,0.7972564241412964
ep_242_whisperx_diarized.gender.host_guest,SPEAKER_01,HOST,male,873.483999999995,14.558066666666583,2633,256,84.19398333333334,0.20274357585870365,0.20274357585870365
ep_243_whisperx_diarized.gender.host_guest,SPEAKER_00,GUEST,male,3566.2900000000127,59.43816666666688,12765,1376,92.85755,0.8020958955191988,0.8020958955191988
ep_243_whisperx_diarized.gender.host_guest,SPEAKER_01,HOST,male,879.9240000000046,14.665400000000078,2876,335,92.85755,0.19790410448080126,0.19790410448080126
ep_244_whisperx_diarized.gender.host_guest,SPEAKER_00,HOST,male,886.5710000000036,14.776183333333393,2832,349,108.14356666666666,0.17917703193016515,0.17917703193016515
ep_244_whisperx_diarized.gender.host_guest,SPEAKER_01,GUEST,male,4061.446000000016,67.69076666666693,12750,1591,108.14356666666666,0.8208229680698348,0.8208229680698348
ep_245_whisperx_diarized.gender.host_guest,SPEAKER_01,HOST,male,397.1020000000035,6.618366666666725,1271,167,50.7605,0.16514408551351534,0.16514408551351534
ep_245_whisperx_diarized.gender.host_guest,SPEAKER_00,GUEST,male,2007.4769999999985,33.457949999999975,6162,775,50.7605,0.8348559144864847,0.8348559144864847
ep_246_whisperx_diarized.gender.host_guest,SPEAKER_00,HOST,male,1596.4770000000099,26.607950000000166,5241,714,96.443,0.3546189984340121,0.3546189984340121
ep_246_whisperx_diarized.gender.host_guest,SPEAKER_01,GUEST,female,2905.4730000000154,48.42455000000026,8348,1148,96.443,0.6453810015659879,0.6453810015659879
ep_247_whisperx_diarized.gender.host_guest,SPEAKER_01,HOST,male,1096.7269999999999,18.27878333333333,3394,435,92.51966666666667,0.25030822735379116,0.25030822735379116
ep_247_whisperx_diarized.gender.host_guest,SPEAKER_00,GUEST,male,3284.7789999999995,54.74631666666666,8775,938,92.51966666666667,0.7496917726462089,0.7496917726462089
ep_248_whisperx_diarized.gender.host_guest,SPEAKER_00,GUEST,male,2460.0480000000025,41.00080000000004,7793,889,65.74381666666666,0.7605762087128791,0.7605762087128791
ep_248_whisperx_diarized.gender.host_guest,SPEAKER_01,HOST,male,774.4050000000034,12.906750000000056,2569,381,65.74381666666666,0.23942379128712088,0.23942379128712088
ep_249_whisperx_diarized.gender.host_guest,SPEAKER_01,HOST,male,653.9570000000042,10.899283333333404,2186,250,78.08226666666665,0.16264847934813007,0.16264847934813007
ep_249_whisperx_diarized.gender.host_guest,SPEAKER_00,GUEST,male,3366.720000000012,56.1120000000002,11916,1233,78.08226666666665,0.83735152065187,0.83735152065187
ep_250_whisperx_diarized.gender.host_guest,SPEAKER_00,GUEST,male,2002.5799999999992,33.37633333333332,4888,624,69.27188333333334,0.6460343944326805,0.6460343944326805
ep_250_whisperx_diarized.gender.host_guest,SPEAKER_01,HOST,male,1097.2239999999983,18.28706666666664,3356,379,69.27188333333334,0.3539656055673195,0.3539656055673195
ep_251_whisperx_diarized.gender.host_guest,SPEAKER_00,HOST,male,1061.2099999999937,17.68683333333323,3567,433,84.77258333333333,0.2621661409147021,0.2621661409147021
ep_251_whisperx_diarized.gender.host_guest,SPEAKER_01,GUEST,male,2986.6429999999837,49.77738333333306,10493,1135,84.77258333333333,0.7378338590852979,0.7378338590852979
ep_252_whisperx_diarized.gender.host_guest,SPEAKER_00,HOST,male,210.28700000000208,3.5047833333333682,774,91,58.56248333333333,0.07423836542643694,0.07423836542643694
ep_252_whisperx_diarized.gender.host_guest,SPEAKER_01,GUEST,male,2622.3050000000007,43.70508333333335,9715,1161,58.56248333333333,0.9257616345735631,0.9257616345735631
ep_253_whisperx_diarized.gender.host_guest,SPEAKER_00,HOST,male,1004.6060000000084,16.743433333333474,3577,459,93.07826666666666,0.2139607831778348,0.2139607831778348
ep_253_whisperx_diarized.gender.host_guest,SPEAKER_01,GUEST,male,3690.674999999997,61.51124999999995,14743,1344,93.07826666666666,0.7860392168221653,0.7860392168221653
ep_254_whisperx_diarized.gender.host_guest,SPEAKER_00,GUEST,male,2094.024000000006,34.9004000000001,6597,676,58.5728,0.7742304740129233,0.7742304740129233
ep_254_whisperx_diarized.gender.host_guest,SPEAKER_01,HOST,male,610.628,10.177133333333334,1793,208,58.5728,0.22576952598707659,0.22576952598707659
ep_255_whisperx_diarized.gender.host_guest,SPEAKER_01,GUEST,female,2019.7169999999971,33.661949999999955,7098,773,58.1594,0.7102496349789977,0.7102496349789977
ep_255_whisperx_diarized.gender.host_guest,SPEAKER_00,HOST,male,823.9550000000038,13.732583333333396,2784,355,58.1594,0.28975036502100227,0.28975036502100227
ep_256_whisperx_diarized.gender.host_guest,SPEAKER_01,HOST,male,729.681999999998,12.161366666666632,2545,293,65.0819,0.22478458254560216,0.22478458254560216
ep_256_whisperx_diarized.gender.host_guest,SPEAKER_00,GUEST,female,2516.457,41.94095,9195,833,65.0819,0.7752154174543978,0.7752154174543978
ep_257_whisperx_diarized.gender.host_guest,SPEAKER_00,HOST,male,837.2309999999991,13.953849999999985,2594,311,99.46151666666667,0.18488756880303422,0.18488756880303422
ep_257_whisperx_diarized.gender.host_guest,SPEAKER_01,GUEST,male,3691.0939999999964,61.51823333333327,11693,1170,99.46151666666667,0.8151124311969659,0.8151124311969659
ep_258_whisperx_diarized.gender.host_guest,SPEAKER_01,HOST,male,1018.2279999999982,16.97046666666664,3413,441,85.34033333333333,0.2383554441606503,0.2383554441606503
ep_258_whisperx_diarized.gender.host_guest,SPEAKER_00,GUEST,female,3253.6610000000096,54.227683333333495,10075,988,85.34033333333333,0.7616445558393495,0.7616445558393495
ep_259_whisperx_diarized.gender.host_guest,SPEAKER_00,HOST,male,964.9979999999965,16.08329999999994,3244,414,63.485283333333335,0.3255822113657094,0.3255822113657094
ep_259_whisperx_diarized.gender.host_guest,SPEAKER_01,GUEST,male,1998.917000000003,33.31528333333338,6583,823,63.485283333333335,0.6744177886342906,0.6744177886342906
ep_260_whisperx_diarized.gender.host_guest,SPEAKER_01,HOST,male,633.1289999999977,10.552149999999962,1915,184,64.29013333333333,0.2031422559532936,0.2031422559532936
ep_260_whisperx_diarized.gender.host_guest,SPEAKER_00,GUEST,male,2483.548999999995,41.39248333333325,6905,640,64.29013333333333,0.7968577440467064,0.7968577440467064
ep_261_whisperx_diarized.gender.host_guest,SPEAKER_01,HOST,male,656.4620000000008,10.941033333333346,2037,276,47.48251666666667,0.2958588628717327,0.2958588628717327
ep_261_whisperx_diarized.gender.host_guest,SPEAKER_00,GUEST,unknown,1562.3729999999982,26.03954999999997,4496,583,47.48251666666667,0.7041411371282672,0.7041411371282672
ep_262_whisperx_diarized.gender.host_guest,SPEAKER_00,HOST,male,1184.2940000000049,19.738233333333415,4224,555,81.5573,0.3072783273886459,0.3072783273886459
ep_262_whisperx_diarized.gender.host_guest,SPEAKER_01,GUEST,male,2669.8470000000007,44.49745000000001,9500,1085,81.5573,0.6927216726113541,0.6927216726113541
ep_263_whisperx_diarized.gender.host_guest,SPEAKER_01,HOST,male,354.0860000000034,5.90143333333339,1351,191,81.35746666666667,0.08913447780385758,0.08913447780385758
ep_263_whisperx_diarized.gender.host_guest,SPEAKER_00,GUEST,female,3618.4060000000145,60.30676666666691,13927,1724,81.35746666666667,0.9108655221961424,0.9108655221961424
ep_264_whisperx_diarized.gender.host_guest,SPEAKER_00,GUEST,male,4049.3180000000125,67.48863333333354,13682,1528,95.35403333333333,0.9202142164999244,0.9202142164999244
ep_264_whisperx_diarized.gender.host_guest,SPEAKER_01,HOST,female,351.0900000000016,5.851500000000027,1201,157,95.35403333333333,0.07978578350007556,0.07978578350007556
ep_265_whisperx_diarized.gender.host_guest,SPEAKER_01,GUEST,male,2701.3560000000016,45.022600000000025,9473,1144,77.12453333333333,0.8018408147599996,0.8018408147599996
ep_265_whisperx_diarized.gender.host_guest,SPEAKER_00,HOST,male,667.5870000000036,11.12645000000006,2209,299,77.12453333333333,0.19815918524000037,0.19815918524000037
ep_266_whisperx_diarized.gender.host_guest,SPEAKER_00,HOST,male,644.5610000000011,10.742683333333352,2330,320,45.58893333333333,0.30422160151261013,0.30422160151261013
ep_266_whisperx_diarized.gender.host_guest,SPEAKER_01,GUEST,male,1474.1610000000012,24.56935000000002,5008,686,45.58893333333333,0.6957783984873898,0.6957783984873898
ep_267_whisperx_diarized.gender.host_guest,SPEAKER_01,HOST,male,1697.1899999999991,28.286499999999986,5515,627,94.86370000000001,0.3740013332084602,0.3740013332084602
ep_267_whisperx_diarized.gender.host_guest,SPEAKER_00,GUEST,male,2840.7349999999938,47.34558333333323,9119,1000,94.86370000000001,0.6259986667915398,0.6259986667915398
ep_268_whisperx_diarized.gender.host_guest,SPEAKER_01,GUEST,female,1433.9369999999985,23.898949999999974,4638,378,34.45066666666666,0.8636593057656903,0.8636593057656903
ep_268_whisperx_diarized.gender.host_guest,SPEAKER_00,HOST,female,226.36700000000138,3.7727833333333565,749,86,34.45066666666666,0.13634069423430975,0.13634069423430975
ep_269_whisperx_diarized.gender.host_guest,SPEAKER_01,GUEST,male,2821.419000000003,47.02365000000005,11325,923,67.83586666666666,0.800760339726261,0.800760339726261
ep_269_whisperx_diarized.gender.host_guest,SPEAKER_00,HOST,male,702.0059999999991,11.700099999999985,2620,290,67.83586666666666,0.19923966027373896,0.19923966027373896
ep_270_whisperx_diarized.gender.host_guest,SPEAKER_00,GUEST,female,2507.6409999999955,41.79401666666659,9304,940,69.17538333333333,0.7233810733188781,0.7233810733188781
ep_270_whisperx_diarized.gender.host_guest,SPEAKER_01,HOST,male,958.9150000000026,15.98191666666671,3322,377,69.17538333333333,0.27661892668112187,0.27661892668112187
ep_271_whisperx_diarized.gender.host_guest,SPEAKER_00,GUEST,male,4683.77499999999,78.0629166666665,18031,2519,118.90933333333334,0.8672350130924698,0.8672350130924698
ep_271_whisperx_diarized.gender.host_guest,SPEAKER_01,HOST,male,717.0390000000051,11.950650000000085,2449,307,118.90933333333334,0.1327649869075302,0.1327649869075302
ep_272_whisperx_diarized.gender.host_guest,SPEAKER_00,HOST,male,772.8809999999999,12.881349999999998,2880,398,70.28095,0.2256899202984586,0.2256899202984586
ep_272_whisperx_diarized.gender.host_guest,SPEAKER_01,GUEST,male,2651.6450000000027,44.19408333333338,9671,1154,70.28095,0.7743100797015414,0.7743100797015414
ep_273_whisperx_diarized.gender.host_guest,SPEAKER_00,HOST,male,1083.5759999999982,18.05959999999997,3863,432,59.483333333333334,0.3807099857423832,0.3807099857423832
ep_273_whisperx_diarized.gender.host_guest,SPEAKER_01,GUEST,male,1762.6219999999987,29.377033333333312,7036,859,59.483333333333334,0.6192900142576169,0.6192900142576169
ep_274_whisperx_diarized.gender.host_guest,SPEAKER_01,HOST,male,885.692999999999,14.761549999999982,3176,304,45.08821666666667,0.40464590348180074,0.40464590348180074
ep_274_whisperx_diarized.gender.host_guest,SPEAKER_00,GUEST,female,1303.116999999998,21.71861666666663,4211,368,45.08821666666667,0.5953540965181993,0.5953540965181993
ep_275_whisperx_diarized.gender.host_guest,SPEAKER_01,GUEST,male,8764.998000000001,146.08330000000004,21564,1860,197.16145,0.9083127265989468,0.9083127265989468
ep_275_whisperx_diarized.gender.host_guest,SPEAKER_00,HOST,male,884.7600000000003,14.746000000000006,2780,337,197.16145,0.09168727340105319,0.09168727340105319
ep_276_whisperx_diarized.gender.host_guest,SPEAKER_01,GUEST,male,3758.6030000000155,62.643383333333595,15234,1981,118.83101666666667,0.6802337471391533,0.6802337471391533
ep_276_whisperx_diarized.gender.host_guest,SPEAKER_00,HOST,male,1766.8549999999905,29.447583333333174,6253,717,118.83101666666667,0.31976625286084676,0.31976625286084676
ep_277_whisperx_diarized.gender.host_guest,SPEAKER_01,HOST,male,986.9750000000009,16.449583333333347,3454,392,65.04535,0.3198826872641337,0.3198826872641337
ep_277_whisperx_diarized.gender.host_guest,SPEAKER_00,GUEST,male,2098.4529999999972,34.97421666666662,6353,584,65.04535,0.6801173127358663,0.6801173127358663
ep_278_whisperx_diarized.gender.host_guest,SPEAKER_00,GUEST,male,4850.7260000000015,80.84543333333336,17955,2379,122.3206,0.805506849519799,0.805506849519799
ep_278_whisperx_diarized.gender.host_guest,SPEAKER_01,HOST,male,1171.2289999999985,19.520483333333306,4192,575,122.3206,0.19449315048020094,0.19449315048020094
ep_279_whisperx_diarized.gender.host_guest,SPEAKER_01,HOST,male,580.6299999999999,9.677166666666665,2088,197,19.942,0.6353334836053918,0.6353334836053918
ep_279_whisperx_diarized.gender.host_guest,SPEAKER_00,GUEST,male,333.2679999999993,5.554466666666655,1320,105,19.942,0.3646665163946081,0.3646665163946081
ep_280_whisperx_diarized.gender.host_guest,SPEAKER_01,GUEST,male,2606.7640000000047,43.446066666666745,7812,1150,76.08688333333333,0.7924935222153887,0.7924935222153887
ep_280_whisperx_diarized.gender.host_guest,SPEAKER_00,HOST,male,682.5550000000014,11.37591666666669,2226,316,76.08688333333333,0.2075064777846114,0.2075064777846114
ep_281_whisperx_diarized.gender.host_guest,SPEAKER_01,HOST,male,543.0850000000016,9.051416666666693,2022,263,76.45368333333333,0.14831385619030152,0.14831385619030152
ep_281_whisperx_diarized.gender.host_guest,SPEAKER_00,GUEST,male,3118.6430000000064,51.97738333333344,10265,1042,76.45368333333333,0.8516861438096984,0.8516861438096984
ep_282_whisperx_diarized.gender.host_guest,SPEAKER_00,GUEST,female,2068.7190000000014,34.47865000000002,7585,1005,65.7195,0.6997203444349966,0.6997203444349966
ep_282_whisperx_diarized.gender.host_guest,SPEAKER_01,HOST,male,887.7749999999993,14.796249999999988,3026,428,65.7195,0.3002796555650034,0.3002796555650034
ep_283_whisperx_diarized.gender.host_guest,SPEAKER_01,HOST,male,537.6079999999992,8.960133333333319,1935,185,67.62106666666666,0.15485216389428932,0.15485216389428932
ep_283_whisperx_diarized.gender.host_guest,SPEAKER_00,GUEST,male,2934.142000000002,48.9023666666667,12370,1054,67.62106666666666,0.8451478361057106,0.8451478361057106
ep_284_whisperx_diarized.gender.host_guest,SPEAKER_01,HOST,male,653.2560000000005,10.88760000000001,2237,245,72.71135,0.1885282922596029,0.1885282922596029
ep_284_whisperx_diarized.gender.host_guest,SPEAKER_00,GUEST,male,2811.7730000000042,46.86288333333341,10048,1167,72.71135,0.811471707740397,0.811471707740397
ep_285_whisperx_diarized.gender.host_guest,SPEAKER_00,GUEST,male,2198.550999999993,36.64251666666655,8889,753,60.90063333333333,0.7118080995634061,0.7118080995634061
ep_285_whisperx_diarized.gender.host_guest,SPEAKER_01,HOST,male,890.1339999999987,14.835566666666644,3320,350,60.90063333333333,0.2881919004365939,0.2881919004365939
ep_286_whisperx_diarized.gender.host_guest,SPEAKER_01,HOST,male,1516.9830000000065,25.28305000000011,4758,473,78.08846666666666,0.38823613415871505,0.38823613415871505
ep_286_whisperx_diarized.gender.host_guest,SPEAKER_00,GUEST,male,2390.388999999993,39.83981666666655,7452,632,78.08846666666666,0.611763865841285,0.611763865841285
ep_287_whisperx_diarized.gender.host_guest,SPEAKER_00,HOST,male,793.5309999999988,13.225516666666646,2501,304,80.06916666666666,0.20921981327828107,0.20921981327828107
ep_287_whisperx_diarized.gender.host_guest,SPEAKER_01,GUEST,male,2999.279000000009,49.98798333333348,9982,1134,80.06916666666666,0.790780186721719,0.790780186721719
ep_288_whisperx_diarized.gender.host_guest,SPEAKER_00,GUEST,male,958.8199999999974,15.98033333333329,3585,345,44.532583333333335,0.4356371765047973,0.4356371765047973
ep_288_whisperx_diarized.gender.host_guest,SPEAKER_01,HOST,male,1242.1399999999999,20.702333333333332,5025,442,44.532583333333335,0.5643628234952027,0.5643628234952027
ep_289_whisperx_diarized.gender.host_guest,SPEAKER_01,HOST,male,1274.6429999999964,21.24404999999994,4449,481,65.24128333333333,0.40367424277212716,0.40367424277212716
ep_289_whisperx_diarized.gender.host_guest,SPEAKER_00,GUEST,female,1882.960000000002,31.3826666666667,6632,609,65.24128333333333,0.5963257572278728,0.5963257572278728
ep_290_whisperx_diarized.gender.host_guest,SPEAKER_01,HOST,male,1217.6519999999991,20.294199999999986,4452,509,55.0891,0.4609761859332555,0.4609761859332555
ep_290_whisperx_diarized.gender.host_guest,SPEAKER_00,GUEST,male,1423.8119999999972,23.730199999999954,5846,643,55.0891,0.5390238140667445,0.5390238140667445
ep_291_whisperx_diarized.gender.host_guest,SPEAKER_01,GUEST,male,1548.5619999999976,25.809366666666627,5426,743,45.01311666666666,0.7700744682173628,0.7700744682173628
ep_291_whisperx_diarized.gender.host_guest,SPEAKER_00,HOST,male,462.36299999999903,7.706049999999984,1627,222,45.01311666666666,0.22992553178263725,0.22992553178263725
ep_292_whisperx_diarized.gender.host_guest,SPEAKER_00,HOST,male,1175.5700000000033,19.592833333333388,4135,437,47.761516666666665,0.5256370874240496,0.5256370874240496
ep_292_whisperx_diarized.gender.host_guest,SPEAKER_01,GUEST,female,1060.8969999999995,17.68161666666666,3984,324,47.761516666666665,0.4743629125759504,0.4743629125759504
ep_293_whisperx_diarized.gender.host_guest,SPEAKER_01,GUEST,male,2159.0799999999986,35.98466666666664,7842,549,55.59535,0.7671581768960704,0.7671581768960704
ep_293_whisperx_diarized.gender.host_guest,SPEAKER_00,HOST,male,655.3069999999983,10.921783333333305,2368,214,55.59535,0.23284182310392956,0.23284182310392956
ep_294_whisperx_diarized.gender.host_guest,SPEAKER_01,GUEST,male,3083.609999999995,51.39349999999992,11132,847,92.28098333333334,0.655425115224023,0.655425115224023
ep_294_whisperx_diarized.gender.host_guest,SPEAKER_00,HOST,male,1621.1380000000102,27.018966666666834,5541,520,92.28098333333334,0.34457488477597703,0.34457488477597703
ep_295_whisperx_diarized.gender.host_guest,SPEAKER_01,HOST,male,441.65299999999945,7.360883333333324,1495,159,34.529183333333336,0.2648812915251756,0.2648812915251756
ep_295_whisperx_diarized.gender.host_guest,SPEAKER_00,GUEST,male,1225.7089999999992,20.42848333333332,4535,509,34.529183333333336,0.7351187084748244,0.7351187084748244
ep_296_whisperx_diarized.gender.host_guest,SPEAKER_00,HOST,male,1180.6599999999976,19.677666666666628,4753,497,40.75423333333333,0.6013699495335366,0.6013699495335366
ep_296_whisperx_diarized.gender.host_guest,SPEAKER_01,GUEST,male,782.6239999999983,13.043733333333305,3100,335,40.75423333333333,0.39863005046646327,0.39863005046646327
ep_297_whisperx_diarized.gender.host_guest,SPEAKER_01,HOST,male,666.99,11.1165,2346,228,52.99868333333333,0.2570977583591748,0.2570977583591748
ep_297_whisperx_diarized.gender.host_guest,SPEAKER_00,GUEST,male,1927.315000000004,32.121916666666735,6751,604,52.99868333333333,0.7429022416408252,0.7429022416408252
ep_298_whisperx_diarized.gender.host_guest,SPEAKER_00,HOST,male,394.4699999999966,6.574499999999944,1527,181,50.624249999999996,0.15693646275310053,0.15693646275310053
ep_298_whisperx_diarized.gender.host_guest,SPEAKER_01,GUEST,male,2119.0950000000003,35.318250000000006,8319,640,50.624249999999996,0.8430635372468995,0.8430635372468995
ep_299_whisperx_diarized.gender.host_guest,SPEAKER_01,GUEST,male,4059.8120000000104,67.6635333333335,14330,1219,97.58505,0.8254541173667124,0.8254541173667124
ep_299_whisperx_diarized.gender.host_guest,SPEAKER_00,HOST,female,858.4649999999996,14.307749999999993,2972,336,97.58505,0.1745458826332876,0.1745458826332876
ep_300_whisperx_diarized.gender.host_guest,SPEAKER_01,GUEST,female,1732.226999999998,28.870449999999966,5338,501,45.55388333333334,0.8082346074113606,0.8082346074113606
ep_300_whisperx_diarized.gender.host_guest,SPEAKER_00,HOST,female,410.9960000000014,6.8499333333333565,1262,143,45.55388333333334,0.1917653925886394,0.1917653925886394
ep_301_whisperx_diarized.gender.host_guest,SPEAKER_01,GUEST,male,2961.8740000000007,49.364566666666676,9855,1205,66.31858333333334,0.9456638414741997,0.9456638414741997
ep_301_whisperx_diarized.gender.host_guest,SPEAKER_00,HOST,female,170.18400000000088,2.8364000000000145,538,81,66.31858333333334,0.05433615852580022,0.05433615852580022
ep_302_whisperx_diarized.gender.host_guest,SPEAKER_01,HOST,female,431.76799999999974,7.1961333333333295,1374,173,56.02151666666667,0.15231469885808427,0.15231469885808427
ep_302_whisperx_diarized.gender.host_guest,SPEAKER_00,GUEST,female,2402.941999999998,40.049033333333306,7909,626,56.02151666666667,0.8476853011419158,0.8476853011419158
ep_303_whisperx_diarized.gender.host_guest,SPEAKER_01,GUEST,female,1219.6150000000016,20.326916666666694,4134,210,31.737466666666666,0.7560817148386965,0.7560817148386965
ep_303_whisperx_diarized.gender.host_guest,SPEAKER_00,HOST,female,393.45799999999963,6.557633333333327,1368,131,31.737466666666666,0.2439182851613035,0.2439182851613035
ep_304_whisperx_diarized.gender.host_guest,SPEAKER_00,HOST,female,318.40899999999954,5.306816666666659,991,94,30.336583333333333,0.2191133865961997,0.2191133865961997
ep_304_whisperx_diarized.gender.host_guest,SPEAKER_01,GUEST,male,1134.7610000000006,18.912683333333344,3459,268,30.336583333333333,0.7808866134038004,0.7808866134038004
ep_305_whisperx_diarized.gender.host_guest,SPEAKER_01,HOST,female,341.1820000000018,5.6863666666666965,1171,156,52.81625,0.13800286536891887,0.13800286536891887
ep_305_whisperx_diarized.gender.host_guest,SPEAKER_00,GUEST,male,2131.1000000000004,35.51833333333334,7848,869,52.81625,0.8619971346310812,0.8619971346310812
ep_306_whisperx_diarized.gender.host_guest,SPEAKER_00,HOST,female,417.19300000000067,6.953216666666678,1359,148,42.95633333333333,0.1973753183984137,0.1973753183984137
ep_306_whisperx_diarized.gender.host_guest,SPEAKER_01,GUEST,male,1696.5109999999995,28.275183333333324,5882,397,42.95633333333333,0.8026246816015863,0.8026246816015863
ep_307_whisperx_diarized.gender.host_guest,SPEAKER_00,HOST,female,461.767000000002,7.6961166666667,1370,210,40.583200000000005,0.24750852378862015,0.24750852378862015
ep_307_whisperx_diarized.gender.host_guest,SPEAKER_01,GUEST,male,1403.8940000000025,23.398233333333376,4012,445,40.583200000000005,0.7524914762113798,0.7524914762113798
ep_308_whisperx_diarized.gender.host_guest,SPEAKER_01,GUEST,female,2318.715000000004,38.64525000000006,7615,776,54.031666666666666,0.8969849246231159,0.8969849246231159
ep_308_whisperx_diarized.gender.host_guest,SPEAKER_00,HOST,female,266.29499999999956,4.438249999999993,705,67,54.031666666666666,0.10301507537688412,0.10301507537688412
ep_309_whisperx_diarized.gender.host_guest,SPEAKER_01,GUEST,male,1901.7179999999996,31.695299999999992,6835,748,45.1105,0.8713296895782773,0.8713296895782773
ep_309_whisperx_diarized.gender.host_guest,SPEAKER_00,HOST,female,280.82899999999967,4.680483333333328,795,110,45.1105,0.12867031042172278,0.12867031042172278
ep_310_whisperx_diarized.gender.host_guest,SPEAKER_01,GUEST,female,1943.0160000000021,32.38360000000004,7546,608,51.62103333333334,0.7292284203833986,0.7292284203833986
ep_310_whisperx_diarized.gender.host_guest,SPEAKER_00,HOST,female,721.4660000000022,12.02443333333337,2340,199,51.62103333333334,0.27077157961660125,0.27077157961660125
ep_311_whisperx_diarized.gender.host_guest,SPEAKER_01,HOST,female,268.39699999999993,4.473283333333332,817,75,33.96483333333334,0.16390446290459756,0.16390446290459756
ep_311_whisperx_diarized.gender.host_guest,SPEAKER_00,GUEST,female,1369.1240000000028,22.81873333333338,4521,406,33.96483333333334,0.8360955370954024,0.8360955370954024
ep_312_whisperx_diarized.gender.host_guest,SPEAKER_01,HOST,female,373.3649999999997,6.222749999999995,1244,126,33.97926666666667,0.22075857249116382,0.22075857249116382
ep_312_whisperx_diarized.gender.host_guest,SPEAKER_00,GUEST,male,1317.9169999999965,21.965283333333275,5382,498,33.97926666666667,0.7792414275088362,0.7792414275088362
ep_313_whisperx_diarized.gender.host_guest,SPEAKER_01,HOST,female,265.31399999999957,4.421899999999993,861,99,28.76565,0.18800875013021004,0.18800875013021004
ep_313_whisperx_diarized.gender.host_guest,SPEAKER_00,GUEST,female,1145.8649999999998,19.097749999999998,4171,303,28.76565,0.8119912498697899,0.8119912498697899
ep_314_whisperx_diarized.gender.host_guest,SPEAKER_00,HOST,female,248.20799999999937,4.136799999999989,622,56,51.04868333333333,0.10293308362566546,0.10293308362566546
ep_314_whisperx_diarized.gender.host_guest,SPEAKER_01,GUEST,male,2163.145000000002,36.052416666666694,5996,490,51.04868333333333,0.8970669163743347,0.8970669163743347
ep_315_whisperx_diarized.gender.host_guest,SPEAKER_00,HOST,female,386.56300000000215,6.442716666666702,1309,222,42.81203333333334,0.19510455698042575,0.19510455698042575
ep_315_whisperx_diarized.gender.host_guest,SPEAKER_01,GUEST,male,1594.749000000002,26.579150000000034,5578,498,42.81203333333334,0.8048954430195743,0.8048954430195743
ep_316_whisperx_diarized.gender.host_guest,SPEAKER_00,HOST,female,587.0569999999973,9.784283333333288,1644,150,48.52615,0.24034978757516237,0.24034978757516237
ep_316_whisperx_diarized.gender.host_guest,SPEAKER_01,GUEST,female,1855.4540000000022,30.92423333333337,5876,418,48.52615,0.7596502124248377,0.7596502124248377
ep_317_whisperx_diarized.gender.host_guest,SPEAKER_00,GUEST,male,1707.5090000000014,28.458483333333355,4959,457,42.82801666666667,0.8125848867146047,0.8125848867146047
ep_317_whisperx_diarized.gender.host_guest,SPEAKER_01,HOST,female,393.82099999999986,6.563683333333331,981,95,42.82801666666667,0.18741511328539526,0.18741511328539526
ep_318_whisperx_diarized.gender.host_guest,SPEAKER_00,HOST,female,333.8160000000017,5.563600000000028,1063,137,44.29278333333333,0.15911494765140413,0.15911494765140413
ep_318_whisperx_diarized.gender.host_guest,SPEAKER_01,GUEST,male,1764.138999999999,29.40231666666665,5506,566,44.29278333333333,0.8408850523485958,0.8408850523485958
ep_319_whisperx_diarized.gender.host_guest,SPEAKER_00,GUEST,male,1092.4290000000012,18.20715000000002,4290,498,28.0308,0.8267065126004326,0.8267065126004326
ep_319_whisperx_diarized.gender.host_guest,SPEAKER_01,HOST,female,228.99399999999855,3.8165666666666427,661,98,28.0308,0.17329348739956743,0.17329348739956743
ep_320_whisperx_diarized.gender.host_guest,SPEAKER_01,HOST,female,295.1870000000008,4.9197833333333465,790,72,37.65305,0.16360693808213436,0.16360693808213436
ep_320_whisperx_diarized.gender.host_guest,SPEAKER_00,GUEST,male,1509.058000000001,25.150966666666683,5166,419,37.65305,0.8363930619178657,0.8363930619178657
ep_321_whisperx_diarized.gender.host_guest,SPEAKER_00,GUEST,male,2730.3430000000017,45.50571666666669,8630,670,59.30993333333333,0.884481184135891,0.884481184135891
ep_321_whisperx_diarized.gender.host_guest,SPEAKER_01,HOST,female,356.6000000000005,5.943333333333341,1212,93,59.30993333333333,0.115518815864109,0.115518815864109
ep_322_whisperx_diarized.gender.host_guest,SPEAKER_01,GUEST,male,3525.8950000000004,58.76491666666667,10345,567,84.02669999999999,0.8006599396512408,0.8006599396512408
ep_322_whisperx_diarized.gender.host_guest,SPEAKER_00,HOST,female,877.841000000004,14.6306833333334,2786,174,84.02669999999999,0.19934006034875912,0.19934006034875912
ep_323_whisperx_diarized.gender.host_guest,SPEAKER_01,GUEST,female,3074.021000000004,51.233683333333396,11435,744,65.08511666666666,0.9004964120999641,0.9004964120999641
ep_323_whisperx_diarized.gender.host_guest,SPEAKER_00,HOST,female,339.67500000000166,5.661250000000027,1064,80,65.08511666666666,0.09950358790003595,0.09950358790003595
ep_324_whisperx_diarized.gender.host_guest,SPEAKER_01,HOST,female,380.4139999999999,6.340233333333331,1405,124,76.88033333333333,0.10304968713760213,0.10304968713760213
ep_324_whisperx_diarized.gender.host_guest,SPEAKER_00,GUEST,male,3311.1450000000054,55.18575000000009,11655,1280,76.88033333333333,0.8969503128623979,0.8969503128623979
ep_325_whisperx_diarized.gender.host_guest,SPEAKER_00,GUEST,female,2243.151999999999,37.38586666666665,7676,418,52.37538333333334,0.8325679398810132,0.8325679398810132
ep_325_whisperx_diarized.gender.host_guest,SPEAKER_01,HOST,female,451.10500000000087,7.518416666666681,1527,120,52.37538333333334,0.16743206011898673,0.16743206011898673
ep_326_whisperx_diarized.gender.host_guest,SPEAKER_00,GUEST,male,936.6549999999996,15.610916666666661,3179,281,27.4264,0.7204451021685921,0.7204451021685921
ep_326_whisperx_diarized.gender.host_guest,SPEAKER_01,HOST,female,363.4510000000003,6.057516666666672,1144,94,27.4264,0.27955489783140786,0.27955489783140786
ep_327_whisperx_diarized.gender.host_guest,SPEAKER_01,HOST,female,377.8760000000009,6.297933333333348,1279,77,38.85156666666667,0.19800867856051826,0.19800867856051826
ep_327_whisperx_diarized.gender.host_guest,SPEAKER_00,GUEST,female,1530.5050000000015,25.50841666666669,4903,373,38.85156666666667,0.8019913214394817,0.8019913214394817
ep_328_whisperx_diarized.gender.host_guest,SPEAKER_00,GUEST,male,1707.3260000000014,28.455433333333357,4539,311,40.03168333333333,0.858428134575026,0.858428134575026
ep_328_whisperx_diarized.gender.host_guest,SPEAKER_01,HOST,female,281.57200000000006,4.692866666666668,916,52,40.03168333333333,0.14157186542497396,0.14157186542497396
ep_329_whisperx_diarized.gender.host_guest,SPEAKER_00,HOST,female,456.26600000000326,7.604433333333388,1633,200,90.0813,0.10665364505415677,0.10665364505415677
ep_329_whisperx_diarized.gender.host_guest,SPEAKER_01,GUEST,female,3821.749999999995,63.69583333333325,12895,1271,90.0813,0.8933463549458434,0.8933463549458434
ep_330_whisperx_diarized.gender.host_guest,SPEAKER_01,GUEST,female,2176.8060000000014,36.280100000000026,6954,571,69.67348333333332,0.6467371475904292,0.6467371475904292
ep_330_whisperx_diarized.gender.host_guest,SPEAKER_00,HOST,female,1189.0220000000018,19.817033333333363,3894,272,69.67348333333332,0.3532628524095707,0.3532628524095707
ep_331_whisperx_diarized.gender.host_guest,SPEAKER_00,GUEST,male,949.3059999999996,15.82176666666666,3456,297,23.3352,0.8509810917194581,0.8509810917194581
ep_331_whisperx_diarized.gender.host_guest,SPEAKER_01,HOST,female,166.23700000000065,2.7706166666666774,555,55,23.3352,0.14901890828054196,0.14901890828054196
ep_332_whisperx_diarized.gender.host_guest,SPEAKER_01,HOST,female,391.855000000001,6.530916666666683,1192,90,42.490883333333336,0.18029643051210753,0.18029643051210753
ep_332_whisperx_diarized.gender.host_guest,SPEAKER_00,GUEST,male,1781.5379999999996,29.692299999999992,6415,402,42.490883333333336,0.8197035694878925,0.8197035694878925
ep_333_whisperx_diarized.gender.host_guest,SPEAKER_01,HOST,female,475.4179999999996,7.923633333333327,1585,155,47.1984,0.206504425951159,0.206504425951159
ep_333_whisperx_diarized.gender.host_guest,SPEAKER_00,GUEST,male,1826.7990000000013,30.446650000000023,6216,496,47.1984,0.793495574048841,0.793495574048841
ep_334_whisperx_diarized.gender.host_guest,SPEAKER_00,GUEST,male,2096.4769999999985,34.94128333333331,6637,676,52.960116666666664,0.8189088179068986,0.8189088179068986
ep_334_whisperx_diarized.gender.host_guest,SPEAKER_01,HOST,female,463.6089999999992,7.726816666666653,1466,185,52.960116666666664,0.1810911820931014,0.1810911820931014
ep_335_whisperx_diarized.gender.host_guest,SPEAKER_00,GUEST,female,1639.6109999999985,27.326849999999975,6119,321,44.431666666666665,0.7285048954702906,0.7285048954702906
ep_335_whisperx_diarized.gender.host_guest,SPEAKER_01,HOST,female,611.0409999999988,10.184016666666647,2158,214,44.431666666666665,0.27149510452970943,0.27149510452970943
ep_336_whisperx_diarized.gender.host_guest,SPEAKER_01,HOST,female,949.3589999999991,15.822649999999985,3154,281,68.82231666666667,0.27785439379527294,0.27785439379527294
ep_336_whisperx_diarized.gender.host_guest,SPEAKER_00,GUEST,female,2467.3910000000024,41.12318333333337,8496,853,68.82231666666667,0.7221456062047271,0.7221456062047271
ep_337_whisperx_diarized.gender.host_guest,SPEAKER_00,GUEST,male,2345.8119999999994,39.096866666666656,9365,1052,61.36598333333333,0.806295798161044,0.806295798161044
ep_337_whisperx_diarized.gender.host_guest,SPEAKER_01,HOST,female,563.5570000000016,9.392616666666694,1763,224,61.36598333333333,0.19370420183895595,0.19370420183895595
ep_338_whisperx_diarized.gender.host_guest,SPEAKER_00,GUEST,male,2519.343000000004,41.98905000000006,8397,890,63.65023333333333,0.8301788744122552,0.8301788744122552
ep_338_whisperx_diarized.gender.host_guest,SPEAKER_01,HOST,female,515.3560000000047,8.589266666666743,1617,269,63.65023333333333,0.16982112558774468,0.16982112558774468
ep_339_whisperx_diarized.gender.host_guest,SPEAKER_00,HOST,female,1142.9609999999943,19.049349999999905,3880,397,50.204966666666664,0.4553045386209409,0.4553045386209409
ep_339_whisperx_diarized.gender.host_guest,SPEAKER_01,GUEST,female,1367.3609999999987,22.789349999999978,4846,508,50.204966666666664,0.5446954613790592,0.5446954613790592
ep_340_whisperx_diarized.gender.host_guest,SPEAKER_01,GUEST,male,1596.5370000000019,26.608950000000032,5101,486,45.2021,0.7873689516029602,0.7873689516029602
ep_340_whisperx_diarized.gender.host_guest,SPEAKER_00,HOST,female,431.1490000000005,7.185816666666676,1408,184,45.2021,0.21263104839703978,0.21263104839703978
ep_341_whisperx_diarized.gender.host_guest,SPEAKER_00,GUEST,female,3233.3390000000004,53.88898333333334,10584,805,75.82811666666666,0.8280756596891599,0.8280756596891599
ep_341_whisperx_diarized.gender.host_guest,SPEAKER_01,HOST,female,671.3029999999994,11.188383333333324,2097,167,75.82811666666666,0.17192434031084014,0.17192434031084014
ep_342_whisperx_diarized.gender.host_guest,SPEAKER_01,HOST,female,332.588000000002,5.543133333333367,1013,113,70.07478333333333,0.095589008764271,0.095589008764271
ep_342_whisperx_diarized.gender.host_guest,SPEAKER_00,GUEST,male,3146.766000000005,52.44610000000009,9084,738,70.07478333333333,0.904410991235729,0.904410991235729
ep_343_whisperx_diarized.gender.host_guest,SPEAKER_00,GUEST,female,2528.0039999999963,42.13339999999994,6946,586,60.74605,0.8238915124316819,0.8238915124316819
ep_343_whisperx_diarized.gender.host_guest,SPEAKER_01,HOST,female,540.3659999999994,9.006099999999991,1696,152,60.74605,0.1761084875683181,0.1761084875683181
ep_344_whisperx_diarized.gender.host_guest,SPEAKER_01,GUEST,female,2112.435999999994,35.20726666666656,5821,556,58.48968333333333,0.7777340065431033,0.7777340065431033
ep_344_whisperx_diarized.gender.host_guest,SPEAKER_00,HOST,female,603.7060000000012,10.061766666666687,1503,138,58.48968333333333,0.22226599345689668,0.22226599345689668
ep_345_whisperx_diarized.gender.host_guest,SPEAKER_01,GUEST,male,2672.3950000000004,44.53991666666668,9194,874,66.83556666666667,0.7875277229490912,0.7875277229490912
ep_345_whisperx_diarized.gender.host_guest,SPEAKER_00,HOST,female,721.0029999999995,12.016716666666658,2270,299,66.83556666666667,0.21247227705090868,0.21247227705090868
ep_346_whisperx_diarized.gender.host_guest,SPEAKER_01,GUEST,female,1388.3450000000012,23.139083333333353,4091,290,38.53141666666667,0.7455149997610441,0.7455149997610441
ep_346_whisperx_diarized.gender.host_guest,SPEAKER_00,HOST,female,473.91799999999887,7.898633333333314,1504,161,38.53141666666667,0.254485000238956,0.254485000238956
ep_347_whisperx_diarized.gender.host_guest,SPEAKER_00,GUEST,female,2868.257999999998,47.80429999999997,9473,744,78.94274999999999,0.7142398599140048,0.7142398599140048
ep_347_whisperx_diarized.gender.host_guest,SPEAKER_01,HOST,female,1147.5610000000008,19.12601666666668,3782,381,78.94274999999999,0.2857601400859952,0.2857601400859952
ep_348_whisperx_diarized.gender.host_guest,SPEAKER_00,GUEST,male,2774.7259999999997,46.24543333333333,9732,974,66.61184999999999,0.8618133037979135,0.8618133037979135
ep_348_whisperx_diarized.gender.host_guest,SPEAKER_01,HOST,female,444.9109999999966,7.415183333333276,1442,178,66.61184999999999,0.13818669620208648,0.13818669620208648
ep_349_whisperx_diarized.gender.host_guest,SPEAKER_00,GUEST,female,2796.8489999999997,46.614149999999995,9875,816,71.08313333333334,0.7962831470398988,0.7962831470398988
ep_349_whisperx_diarized.gender.host_guest,SPEAKER_01,HOST,female,715.5310000000006,11.925516666666677,2458,290,71.08313333333334,0.2037168529601013,0.2037168529601013
ep_350_whisperx_diarized.gender.host_guest,SPEAKER_01,GUEST,female,2449.977999999998,40.83296666666663,8396,697,65.56891666666667,0.754928339709711,0.754928339709711
ep_350_whisperx_diarized.gender.host_guest,SPEAKER_00,HOST,female,795.3339999999971,13.255566666666619,2769,274,65.56891666666667,0.24507166029028898,0.24507166029028898
ep_351_whisperx_diarized.gender.host_guest,SPEAKER_00,GUEST,female,4004.441999999999,66.74069999999999,14152,1172,88.19128333333333,0.9105706401123481,0.9105706401123481
ep_351_whisperx_diarized.gender.host_guest,SPEAKER_01,HOST,female,393.28600000000364,6.554766666666727,1140,121,88.19128333333333,0.08942935988765185,0.08942935988765185
ep_352_whisperx_diarized.gender.host_guest,SPEAKER_00,GUEST,female,2279.195000000001,37.98658333333335,6681,357,67.35583333333334,0.6801747950398936,0.6801747950398936
ep_352_whisperx_diarized.gender.host_guest,SPEAKER_01,HOST,female,1071.7010000000014,17.861683333333357,3519,368,67.35583333333334,0.31982520496010636,0.31982520496010636
ep_353_whisperx_diarized.gender.host_guest,SPEAKER_00,GUEST,female,1883.5490000000002,31.392483333333338,5947,534,48.09195,0.8424447840673608,0.8424447840673608
ep_353_whisperx_diarized.gender.host_guest,SPEAKER_01,HOST,female,352.26400000000217,5.871066666666703,1026,124,48.09195,0.1575552159326392,0.1575552159326392
ep_354_whisperx_diarized.gender.host_guest,SPEAKER_01,HOST,female,709.4319999999998,11.823866666666664,2316,182,49.102999999999994,0.28188876822866704,0.28188876822866704
ep_354_whisperx_diarized.gender.host_guest,SPEAKER_00,GUEST,female,1807.276999999998,30.1212833333333,6648,426,49.102999999999994,0.7181112317713328,0.7181112317713328
ep_355_whisperx_diarized.gender.host_guest,SPEAKER_01,HOST,female,583.554999999999,9.72591666666665,1991,215,60.33695,0.19195749241288318,0.19195749241288318
ep_355_whisperx_diarized.gender.host_guest,SPEAKER_00,GUEST,female,2456.467000000007,40.94111666666678,8207,677,60.33695,0.8080425075871168,0.8080425075871168
ep_356_whisperx_diarized.gender.host_guest,SPEAKER_00,HOST,female,778.7620000000015,12.979366666666692,2543,184,55.666000000000004,0.2753033946904292,0.2753033946904292
ep_356_whisperx_diarized.gender.host_guest,SPEAKER_01,GUEST,female,2049.979000000006,34.166316666666766,8031,638,55.666000000000004,0.7246966053095708,0.7246966053095708
ep_357_whisperx_diarized.gender.host_guest,SPEAKER_01,HOST,female,569.3180000000002,9.488633333333336,1809,274,52.11123333333333,0.24258504908644696,0.24258504908644696
ep_357_whisperx_diarized.gender.host_guest,SPEAKER_00,GUEST,female,1777.561999999998,29.6260333333333,5149,649,52.11123333333333,0.757414950913553,0.757414950913553
ep_358_whisperx_diarized.gender.host_guest,SPEAKER_01,GUEST,female,2131.398,35.5233,8259,591,48.79801666666666,0.8524190623061578,0.8524190623061578
ep_358_whisperx_diarized.gender.host_guest,SPEAKER_00,HOST,female,369.0129999999973,6.150216666666622,1306,168,48.79801666666666,0.1475809376938422,0.1475809376938422
ep_359_whisperx_diarized.gender.host_guest,SPEAKER_01,HOST,female,511.98999999999904,8.53316666666665,1583,146,59.247600000000006,0.1716805405360089,0.1716805405360089
ep_359_whisperx_diarized.gender.host_guest,SPEAKER_00,GUEST,female,2470.2350000000006,41.17058333333334,7740,483,59.247600000000006,0.8283194594639911,0.8283194594639911
ep_360_whisperx_diarized.gender.host_guest,SPEAKER_00,GUEST,female,2476.8879999999945,41.281466666666574,8656,831,59.79656666666666,0.8407724865892926,0.8407724865892926
ep_360_whisperx_diarized.gender.host_guest,SPEAKER_01,HOST,female,469.0790000000005,7.817983333333342,1433,137,59.79656666666666,0.15922751341070734,0.15922751341070734
ep_361_whisperx_diarized.gender.host_guest,SPEAKER_01,HOST,female,352.26899999999927,5.871149999999988,1283,108,34.34458333333334,0.21920949447945412,0.21920949447945412
ep_361_whisperx_diarized.gender.host_guest,SPEAKER_00,GUEST,male,1254.7280000000003,20.912133333333337,4007,375,34.34458333333334,0.7807905055205459,0.7807905055205459
ep_362_whisperx_diarized.gender.host_guest,SPEAKER_00,HOST,female,390.9830000000009,6.516383333333349,1521,124,42.44586666666667,0.1906133238168791,0.1906133238168791
ep_362_whisperx_diarized.gender.host_guest,SPEAKER_01,GUEST,male,1660.2009999999968,27.670016666666616,5201,473,42.44586666666667,0.8093866761831209,0.8093866761831209
ep_363_whisperx_diarized.gender.host_guest,SPEAKER_00,HOST,female,372.1049999999984,6.201749999999974,1535,126,43.62221666666667,0.16668391268765081,0.16668391268765081
ep_363_whisperx_diarized.gender.host_guest,SPEAKER_01,GUEST,female,1860.2939999999985,31.004899999999974,5994,365,43.62221666666667,0.8333160873123493,0.8333160873123493
ep_364_whisperx_diarized.gender.host_guest,SPEAKER_01,GUEST,female,1422.6610000000007,23.71101666666668,5196,354,37.660783333333335,0.7502069756870807,0.7502069756870807
ep_364_whisperx_diarized.gender.host_guest,SPEAKER_00,HOST,female,473.6969999999991,7.894949999999985,1865,153,37.660783333333335,0.2497930243129194,0.2497930243129194
ep_365_whisperx_diarized.gender.host_guest,SPEAKER_01,HOST,female,381.11400000000026,6.351900000000004,1460,97,34.60426666666667,0.21735440755277402,0.21735440755277402
ep_365_whisperx_diarized.gender.host_guest,SPEAKER_00,GUEST,female,1372.3080000000004,22.871800000000007,5269,392,34.60426666666667,0.782645592447226,0.782645592447226
ep_366_whisperx_diarized.gender.host_guest,SPEAKER_00,GUEST,male,1329.8249999999996,22.163749999999993,4492,348,38.29286666666667,0.7218059682211598,0.7218059682211598
ep_366_whisperx_diarized.gender.host_guest,SPEAKER_01,HOST,female,512.5330000000004,8.542216666666672,1857,167,38.29286666666667,0.27819403177884017,0.27819403177884017
ep_367_whisperx_diarized.gender.host_guest,SPEAKER_00,HOST,female,499.45799999999974,8.324299999999996,1931,140,33.777633333333334,0.29225913364650674,0.29225913364650674
ep_367_whisperx_diarized.gender.host_guest,SPEAKER_01,GUEST,female,1209.4980000000007,20.15830000000001,4526,314,33.777633333333334,0.7077408663534932,0.7077408663534932
ep_368_whisperx_diarized.gender.host_guest,SPEAKER_00,HOST,female,471.9080000000011,7.865133333333351,1869,167,34.51641666666667,0.26538805667139653,0.26538805667139653
ep_368_whisperx_diarized.gender.host_guest,SPEAKER_01,GUEST,male,1306.273000000001,21.771216666666685,4758,274,34.51641666666667,0.7346119433286035,0.7346119433286035
ep_369_whisperx_diarized.gender.host_guest,SPEAKER_00,HOST,female,1984.6180000000006,33.07696666666668,7151,573,52.97501666666667,0.7417080882297982,0.7417080882297982
ep_369_whisperx_diarized.gender.host_guest,SPEAKER_01,GUEST,male,691.1220000000001,11.5187,2466,156,52.97501666666667,0.25829191177020183,0.25829191177020183
ep_370_whisperx_diarized.gender.host_guest,SPEAKER_00,GUEST,female,1859.8950000000013,30.998250000000024,5690,505,44.51186666666667,0.8439241968087878,0.8439241968087878
ep_370_whisperx_diarized.gender.host_guest,SPEAKER_01,HOST,female,343.970000000001,5.73283333333335,1365,131,44.51186666666667,0.1560758031912121,0.1560758031912121
ep_371_whisperx_diarized.gender.host_guest,SPEAKER_01,GUEST,female,1529.5760000000023,25.492933333333372,5514,583,40.31278333333333,0.8019596308495058,0.8019596308495058
ep_371_whisperx_diarized.gender.host_guest,SPEAKER_00,HOST,female,377.7219999999996,6.29536666666666,1455,170,40.31278333333333,0.19804036915049417,0.19804036915049417
ep_372_whisperx_diarized.gender.host_guest,SPEAKER_01,GUEST,male,1269.4339999999993,21.15723333333332,2916,191,35.33286666666667,0.7622941713740806,0.7622941713740806
ep_372_whisperx_diarized.gender.host_guest,SPEAKER_00,HOST,male,395.8469999999994,6.5974499999999905,1459,134,35.33286666666667,0.23770582862591944,0.23770582862591944
ep_373_whisperx_diarized.gender.host_guest,SPEAKER_01,GUEST,female,3680.0049999999956,61.333416666666594,12946,1492,106.75668333333333,0.7118087558160797,0.7118087558160797
ep_373_whisperx_diarized.gender.host_guest,SPEAKER_00,HOST,male,1489.929999999992,24.832166666666534,5414,722,106.75668333333333,0.2881912441839202,0.2881912441839202
ep_374_whisperx_diarized.gender.host_guest,SPEAKER_01,HOST,male,2250.4240000000045,37.507066666666745,8112,1220,113.60843333333334,0.4336389558708088,0.4336389558708088
ep_374_whisperx_diarized.gender.host_guest,SPEAKER_00,GUEST,female,2939.202000000001,48.98670000000002,10480,1508,113.60843333333334,0.5663610441291912,0.5663610441291912
ep_375_whisperx_diarized.gender.host_guest,SPEAKER_01,GUEST,male,4090.689999999995,68.17816666666658,10252,1188,115.8117,0.7894628158187058,0.7894628158187058
ep_375_whisperx_diarized.gender.host_guest,SPEAKER_00,HOST,male,1090.9220000000046,18.18203333333341,3701,403,115.8117,0.2105371841812943,0.2105371841812943
ep_376_whisperx_diarized.gender.host_guest,SPEAKER_01,HOST,male,591.7950000000035,9.863250000000058,1848,190,98.94288333333334,0.12271595640249718,0.12271595640249718
ep_376_whisperx_diarized.gender.host_guest,SPEAKER_00,GUEST,male,4230.68300000001,70.5113833333335,11647,1092,98.94288333333334,0.8772840435975028,0.8772840435975028
ep_377_whisperx_diarized.gender.host_guest,SPEAKER_00,GUEST,male,5597.081000000011,93.28468333333352,16584,1659,128.69848333333331,0.8694478550098251,0.8694478550098251
ep_377_whisperx_diarized.gender.host_guest,SPEAKER_01,HOST,male,840.4309999999903,14.00718333333317,2890,305,128.69848333333331,0.13055214499017478,0.13055214499017478
ep_378_whisperx_diarized.gender.host_guest,SPEAKER_00,HOST,male,1055.112000000002,17.585200000000032,3987,398,75.695,0.28656508220693133,0.28656508220693133
ep_378_whisperx_diarized.gender.host_guest,SPEAKER_01,GUEST,male,2626.8159999999966,43.78026666666661,9203,820,75.695,0.7134349177930687,0.7134349177930687
ep_379_whisperx_diarized.gender.host_guest,SPEAKER_01,GUEST,female,3099.3720000000135,51.656200000000226,9357,1199,91.80096666666667,0.7196290976669553,0.7196290976669553
ep_379_whisperx_diarized.gender.host_guest,SPEAKER_00,HOST,male,1207.5299999999986,20.125499999999978,4381,677,91.80096666666667,0.2803709023330448,0.2803709023330448
ep_380_whisperx_diarized.gender.host_guest,SPEAKER_00,HOST,male,653.7440000000033,10.89573333333339,2099,271,95.03443333333333,0.13664728957221672,0.13664728957221672
ep_380_whisperx_diarized.gender.host_guest,SPEAKER_01,GUEST,male,4130.427000000009,68.84045000000015,12055,1226,95.03443333333333,0.8633527104277833,0.8633527104277833
ep_381_whisperx_diarized.gender.host_guest,SPEAKER_00,HOST,male,1139.7340000000088,18.995566666666814,4427,613,96.52796666666667,0.23721265854030787,0.23721265854030787
ep_381_whisperx_diarized.gender.host_guest,SPEAKER_01,GUEST,male,3664.958999999997,61.08264999999995,13940,1576,96.52796666666667,0.7627873414596922,0.7627873414596922
ep_382_whisperx_diarized.gender.host_guest,SPEAKER_01,HOST,male,1293.5940000000014,21.559900000000024,5058,627,85.31286666666666,0.31983521586010333,0.31983521586010333
ep_382_whisperx_diarized.gender.host_guest,SPEAKER_00,GUEST,male,2750.969999999994,45.8494999999999,10920,1306,85.31286666666666,0.6801647841398967,0.6801647841398967
ep_383_whisperx_diarized.gender.host_guest,SPEAKER_00,GUEST,female,3290.440000000005,54.84066666666675,10531,1200,104.01389999999999,0.6933496849262983,0.6933496849262983
ep_383_whisperx_diarized.gender.host_guest,SPEAKER_01,HOST,male,1455.2749999999905,24.254583333333176,5113,651,104.01389999999999,0.3066503150737016,0.3066503150737016
ep_384_whisperx_diarized.gender.host_guest,SPEAKER_01,GUEST,male,2474.6470000000027,41.24411666666671,9627,1322,75.98256666666666,0.7100063780578754,0.7100063780578754
ep_384_whisperx_diarized.gender.host_guest,SPEAKER_00,HOST,male,1010.7399999999955,16.84566666666659,4057,575,75.98256666666666,0.2899936219421247,0.2899936219421247
ep_385_whisperx_diarized.gender.host_guest,SPEAKER_00,GUEST,male,2194.9880000000107,36.583133333333514,7286,960,72.71138333333333,0.6591810913996371,0.6591810913996371
ep_385_whisperx_diarized.gender.host_guest,SPEAKER_01,HOST,male,1134.883000000004,18.91471666666673,4116,524,72.71138333333333,0.34081890860036285,0.34081890860036285
ep_386_whisperx_diarized.gender.host_guest,SPEAKER_00,GUEST,male,3020.2889999999866,50.33814999999978,11338,1284,93.16211666666666,0.6582958482071435,0.6582958482071435
ep_386_whisperx_diarized.gender.host_guest,SPEAKER_01,HOST,male,1567.7529999999945,26.129216666666576,5493,585,93.16211666666666,0.3417041517928565,0.3417041517928565
ep_387_whisperx_diarized.gender.host_guest,SPEAKER_01,GUEST,male,293.84299999999945,4.897383333333324,993,72,12.514583333333333,0.5515599278459459,0.5515599278459459
ep_387_whisperx_diarized.gender.host_guest,SPEAKER_00,HOST,male,238.90599999999995,3.981766666666666,852,72,12.514583333333333,0.44844007215405424,0.44844007215405424
ep_388_whisperx_diarized.gender.host_guest,SPEAKER_00,GUEST,male,2680.4719999999934,44.67453333333322,9167,931,84.98585,0.6930806275412251,0.6930806275412251
ep_388_whisperx_diarized.gender.host_guest,SPEAKER_01,HOST,male,1187.0029999999974,19.78338333333329,4071,494,84.98585,0.3069193724587748,0.3069193724587748
ep_389_whisperx_diarized.gender.host_guest,SPEAKER_01,GUEST,female,3776.555999999985,62.94259999999975,14913,2392,129.3435,0.6383759240593244,0.6383759240593244
ep_389_whisperx_diarized.gender.host_guest,SPEAKER_00,HOST,male,2139.3249999999907,35.65541666666651,8487,1373,129.3435,0.3616240759406755,0.3616240759406755
ep_390_whisperx_diarized.gender.host_guest,SPEAKER_01,GUEST,male,4768.121999999969,79.46869999999949,18670,2351,113.30011666666665,0.844995047654693,0.844995047654693
ep_390_whisperx_diarized.gender.host_guest,SPEAKER_00,HOST,male,874.6589999999983,14.577649999999972,3437,486,113.30011666666665,0.1550049523453069,0.1550049523453069
ep_391_whisperx_diarized.gender.host_guest,SPEAKER_00,HOST,male,910.2839999999982,15.17139999999997,3317,419,90.29753333333333,0.20622771991232383,0.20622771991232383
ep_391_whisperx_diarized.gender.host_guest,SPEAKER_01,GUEST,male,3503.6909999999953,58.39484999999992,11400,1130,90.29753333333333,0.7937722800876762,0.7937722800876762
ep_392_whisperx_diarized.gender.host_guest,SPEAKER_00,HOST,male,3998.8019999999983,66.64669999999997,14770,1678,176.48808333333332,0.4750892514615451,0.4750892514615451
ep_392_whisperx_diarized.gender.host_guest,SPEAKER_01,GUEST,male,4418.146999999997,73.6357833333333,15918,2064,176.48808333333332,0.524910748538455,0.524910748538455
ep_393_whisperx_diarized.gender.host_guest,SPEAKER_01,GUEST,male,4508.036999999995,75.13394999999991,20025,2987,124.87508333333334,0.7743675120109259,0.7743675120109259
ep_393_whisperx_diarized.gender.host_guest,SPEAKER_00,HOST,male,1313.5360000000219,21.89226666666703,5199,904,124.87508333333334,0.22563248798907412,0.22563248798907412
ep_394_whisperx_diarized.gender.host_guest,SPEAKER_00,GUEST,male,3423.683999999997,57.06139999999995,9123,1100,91.20038333333333,0.7870888954587862,0.7870888954587862
ep_394_whisperx_diarized.gender.host_guest,SPEAKER_01,HOST,male,926.1219999999981,15.435366666666635,3109,306,91.20038333333333,0.21291110454121384,0.21291110454121384
ep_395_whisperx_diarized.gender.host_guest,SPEAKER_01,GUEST,male,9559.405999999937,159.32343333333228,23886,3171,242.13976666666667,0.8654739103608443,0.8654739103608443
ep_395_whisperx_diarized.gender.host_guest,SPEAKER_00,HOST,male,1485.879000000015,24.76465000000025,5029,676,242.13976666666667,0.13452608963915566,0.13452608963915566
ep_396_whisperx_diarized.gender.host_guest,SPEAKER_00,GUEST,male,5113.711000000004,85.22851666666674,18403,1391,111.20298333333334,0.8837418090702188,0.8837418090702188
ep_396_whisperx_diarized.gender.host_guest,SPEAKER_01,HOST,male,672.7200000000058,11.212000000000097,2526,217,111.20298333333334,0.1162581909297812,0.1162581909297812
ep_397_whisperx_diarized.gender.host_guest,SPEAKER_00,GUEST,male,1699.9240000000016,28.332066666666694,5988,744,47.37863333333333,0.7809243801709842,0.7809243801709842
ep_397_whisperx_diarized.gender.host_guest,SPEAKER_01,HOST,male,476.88600000000025,7.948100000000005,1617,207,47.37863333333333,0.2190756198290158,0.2190756198290158
ep_398_whisperx_diarized.gender.host_guest,SPEAKER_01,GUEST,male,2420.375000000005,40.339583333333415,9124,1228,61.82441666666667,0.8280309361902598,0.8280309361902598
ep_398_whisperx_diarized.gender.host_guest,SPEAKER_00,HOST,male,502.6739999999976,8.37789999999996,1897,300,61.82441666666667,0.17196906380974014,0.17196906380974014
ep_399_whisperx_diarized.gender.host_guest,SPEAKER_01,HOST,male,380.83400000000154,6.347233333333359,1446,290,62.73676666666667,0.13279666141060217,0.13279666141060217
ep_399_whisperx_diarized.gender.host_guest,SPEAKER_00,GUEST,male,2486.963999999994,41.4493999999999,8445,1280,62.73676666666667,0.8672033385893978,0.8672033385893978
ep_400_whisperx_diarized.gender.host_guest,SPEAKER_01,HOST,male,441.6480000000054,7.360800000000091,1568,204,84.6974,0.11048450545670706,0.11048450545670706
ep_400_whisperx_diarized.gender.host_guest,SPEAKER_00,GUEST,male,3555.727000000004,59.262116666666735,11590,1443,84.6974,0.8895154945432929,0.8895154945432929
ep_401_whisperx_diarized.gender.host_guest,SPEAKER_00,HOST,male,425.75700000000256,7.095950000000043,1588,272,43.275483333333334,0.21207822282616634,0.21207822282616634
ep_401_whisperx_diarized.gender.host_guest,SPEAKER_01,GUEST,male,1581.7900000000013,26.36316666666669,5909,870,43.275483333333334,0.7879217771738337,0.7879217771738337
ep_402_whisperx_diarized.gender.host_guest,SPEAKER_01,HOST,male,784.2849999999994,13.071416666666657,2883,516,80.363,0.21415579688478276,0.21415579688478276
ep_402_whisperx_diarized.gender.host_guest,SPEAKER_00,GUEST,male,2877.932000000005,47.96553333333341,10410,1476,80.363,0.7858442031152172,0.7858442031152172
ep_403_whisperx_diarized.gender.host_guest,SPEAKER_01,HOST,male,188.2970000000007,3.1382833333333453,682,126,25.757183333333334,0.16913061169130664,0.16913061169130664
ep_403_whisperx_diarized.gender.host_guest,SPEAKER_00,GUEST,male,925.0260000000002,15.417100000000003,3175,474,25.757183333333334,0.8308693883086935,0.8308693883086935
ep_404_whisperx_diarized.gender.host_guest,SPEAKER_01,HOST,male,612.1039999999997,10.201733333333328,2148,334,60.46541666666667,0.2118179892890899,0.2118179892890899
ep_404_whisperx_diarized.gender.host_guest,SPEAKER_00,GUEST,female,2277.6600000000103,37.96100000000017,7908,1046,60.46541666666667,0.7881820107109101,0.7881820107109101
ep_405_whisperx_diarized.gender.host_guest,SPEAKER_00,HOST,male,663.0270000000008,11.050450000000014,2235,341,60.163916666666665,0.24929219690800034,0.24929219690800034
ep_405_whisperx_diarized.gender.host_guest,SPEAKER_01,GUEST,female,1996.611000000002,33.27685000000003,5472,807,60.163916666666665,0.7507078030919997,0.7507078030919997
ep_406_whisperx_diarized.gender.host_guest,SPEAKER_00,HOST,male,534.3900000000017,8.906500000000028,2026,359,64.06183333333334,0.19438923389420149,0.19438923389420149
ep_406_whisperx_diarized.gender.host_guest,SPEAKER_01,GUEST,female,2214.6820000000057,36.91136666666676,7381,1105,64.06183333333334,0.8056107661057985,0.8056107661057985
ep_407_whisperx_diarized.gender.host_guest,SPEAKER_01,HOST,male,743.8130000000006,12.396883333333342,2618,474,58.65028333333333,0.29251615338936077,0.29251615338936077
ep_407_whisperx_diarized.gender.host_guest,SPEAKER_00,GUEST,male,1798.9969999999996,29.983283333333326,5884,971,58.65028333333333,0.7074838466106391,0.7074838466106391
ep_408_whisperx_diarized.gender.host_guest,SPEAKER_00,HOST,male,551.6659999999987,9.194433333333311,1892,308,43.82213333333333,0.29017321520902156,0.29017321520902156
ep_408_whisperx_diarized.gender.host_guest,SPEAKER_01,GUEST,male,1349.4950000000013,22.491583333333356,4341,681,43.82213333333333,0.7098267847909784,0.7098267847909784
ep_409_whisperx_diarized.gender.host_guest,SPEAKER_01,HOST,male,568.1759999999988,9.46959999999998,2030,282,46.03046666666667,0.2565052237721132,0.2565052237721132
ep_409_whisperx_diarized.gender.host_guest,SPEAKER_00,GUEST,male,1646.8899999999978,27.44816666666663,5433,776,46.03046666666667,0.7434947762278868,0.7434947762278868
ep_410_whisperx_diarized.gender.host_guest,SPEAKER_00,GUEST,male,1653.3120000000015,27.555200000000024,5684,750,51.08441666666667,0.7164269133287026,0.7164269133287026
ep_410_whisperx_diarized.gender.host_guest,SPEAKER_01,HOST,male,654.4070000000003,10.906783333333339,2455,356,51.08441666666667,0.2835730866712974,0.2835730866712974
ep_411_whisperx_diarized.gender.host_guest,SPEAKER_00,GUEST,male,2029.8600000000001,33.831,7549,1223,68.73608333333333,0.6708149906756892,0.6708149906756892
ep_411_whisperx_diarized.gender.host_guest,SPEAKER_01,HOST,male,996.1010000000015,16.60168333333336,3579,649,68.73608333333333,0.32918500932431083,0.32918500932431083
ep_412_whisperx_diarized.gender.host_guest,SPEAKER_00,GUEST,male,2797.568999999999,46.62614999999998,10263,1528,97.43403333333335,0.6240151232106714,0.6240151232106714
ep_412_whisperx_diarized.gender.host_guest,SPEAKER_01,HOST,male,1685.6059999999968,28.09343333333328,6619,1158,97.43403333333335,0.3759848767893286,0.3759848767893286
ep_413_whisperx_diarized.gender.host_guest,SPEAKER_00,GUEST,female,3356.1069999999904,55.93511666666651,10617,1366,96.28391666666667,0.7379905001045606,0.7379905001045606
ep_413_whisperx_diarized.gender.host_guest,SPEAKER_01,HOST,male,1191.521999999993,19.858699999999885,4214,674,96.28391666666667,0.2620094998954395,0.2620094998954395
ep_414_whisperx_diarized.gender.host_guest,SPEAKER_01,HOST,male,611.0469999999973,10.184116666666622,2193,404,59.86163333333333,0.22267218870654143,0.22267218870654143
ep_414_whisperx_diarized.gender.host_guest,SPEAKER_00,GUEST,male,2133.1079999999943,35.55179999999991,8224,1407,59.86163333333333,0.7773278112934586,0.7773278112934586
ep_415_whisperx_diarized.gender.host_guest,SPEAKER_00,GUEST,male,3993.295999999983,66.55493333333305,14246,2146,103.1773,0.8422096948803216,0.8422096948803216
ep_415_whisperx_diarized.gender.host_guest,SPEAKER_01,HOST,male,748.1550000000015,12.469250000000024,2844,496,103.1773,0.15779030511967831,0.15779030511967831
ep_416_whisperx_diarized.gender.host_guest,SPEAKER_00,GUEST,male,2408.053000000008,40.1342166666668,6055,935,75.56828333333333,0.7343989406345462,0.7343989406345462
ep_416_whisperx_diarized.gender.host_guest,SPEAKER_01,HOST,male,870.8910000000008,14.514850000000013,2943,531,75.56828333333333,0.26560105936545375,0.26560105936545375
ep_417_whisperx_diarized.gender.host_guest,SPEAKER_01,GUEST,male,1328.6920000000073,22.14486666666679,4838,775,50.23928333333333,0.5719059773508898,0.5719059773508898
ep_417_whisperx_diarized.gender.host_guest,SPEAKER_00,HOST,male,994.5780000000027,16.576300000000046,3605,676,50.23928333333333,0.4280940226491103,0.4280940226491103
ep_418_whisperx_diarized.gender.host_guest,SPEAKER_00,GUEST,male,1760.332999999995,29.33888333333325,6012,895,47.53208333333334,0.7976406085390305,0.7976406085390305
ep_418_whisperx_diarized.gender.host_guest,SPEAKER_01,HOST,male,446.5919999999987,7.443199999999978,1692,278,47.53208333333334,0.20235939146096943,0.20235939146096943
