episode_id,host_name,dyad,host_gender,guest_gender,host_word_count,host_hy_hedge_per_1k,host_hy_booster_per_1k,host_ck_factuality_per_1k,host_ck_deference_per_1k,host_ck_direct_question_per_1k,guest_word_count,guest_hy_hedge_per_1k,guest_hy_booster_per_1k,guest_ck_factuality_per_1k,guest_ck_deference_per_1k,host_speaking_share,dominance_ratio
ep_001_whisperx_diarized.gender.host_guest,Ranveer A,MALE->MALE,male,male,1649,5.457853244390539,4.244996967859309,0.6064281382656156,0.0,2.4257125530624624,4121,11.162339238049016,10.677020140742538,6.551807813637467,0.0,0.28578856152513,0.40014559572919195
ep_002_whisperx_diarized.gender.host_guest,Raj Shamani,MALE->FEMALE,male,female,2287,6.121556624398776,2.1862702229995628,0.0,0.8745080891998251,5.684302579798863,14116,14.310002833663928,9.067724567866252,1.5585151601020115,0.2833663927458204,0.1394257148082668,0.16201473505242278
ep_003_whisperx_diarized.gender.host_guest,Raj Shamani,MALE->MALE,male,male,1780,3.9325842696629216,7.3033707865168545,1.1235955056179776,0.5617977528089888,3.370786516853933,3890,7.455012853470437,6.940874035989717,2.3136246786632397,0.0,0.31393298059964725,0.45758354755784064
ep_004_whisperx_diarized.gender.host_guest,Raj Shamani,MALE->MALE,male,male,2254,10.64773735581189,4.880212954747116,2.218278615794144,0.8873114463176576,2.218278615794144,8055,11.54562383612663,9.559279950341404,2.23463687150838,0.2482929857231533,0.2186439033853914,0.2798261949099938
ep_005_whisperx_diarized.gender.host_guest,Nikhil Kamath,MALE->MALE,male,male,1739,10.925819436457736,2.8752156411730883,0.5750431282346176,0.0,3.4502587694077054,5032,16.89189189189189,12.32114467408585,0.794912559618442,0.0,0.2568306010928962,0.34558823529411764
ep_006_whisperx_diarized.gender.host_guest,Nikhil Kamath,MALE->MALE,male,male,2627,11.80053292729349,4.567948229920061,0.7613247049866768,1.903311762466692,4.9486105824134,11367,16.09923462655054,8.533474091668866,2.6392187912377936,0.0,0.1877233099899957,0.2311075921527228
ep_007_whisperx_diarized.gender.host_guest,Nikhil Kamath,MALE->MALE,male,male,1894,7.91974656810982,3.695881731784583,0.0,0.0,1.5839493136219642,8043,13.427825438269302,17.282108665920678,2.237970906378217,0.0,0.19060078494515448,0.23548427203779684
ep_008_whisperx_diarized.gender.host_guest,Nikhil Kamath,MALE->MALE,male,male,5842,13.693940431359124,3.765833618623759,1.0270455323519343,0.0,4.964053406367682,12610,14.115781126090404,8.08881839809675,1.3481363996827913,0.3965107057890563,0.3166052460437893,0.4632831086439334
ep_009_whisperx_diarized.gender.host_guest,Ranveer A,MALE->FEMALE,male,female,2464,6.493506493506494,6.493506493506494,1.2175324675324677,0.0,3.246753246753247,6397,7.190870720650304,8.128810379865563,0.3126465530717524,0.0,0.27807245231915134,0.38518055338439894
ep_010_whisperx_diarized.gender.host_guest,Nikhil Kamath,MALE->MALE,male,male,3623,9.660502346121998,4.692243996687828,1.9321004692244,0.0,5.244272702180513,12840,7.8660436137071645,2.64797507788162,0.8566978193146417,0.0778816199376947,0.22006924618842252,0.2821651090342679
ep_011_whisperx_diarized.gender.host_guest,,FEMALE->FEMALE,female,female,1593,3.766478342749529,5.021971123666039,1.2554927809165095,0.0,3.766478342749529,7668,3.651538862806469,5.346896191966615,1.1737089201877935,0.0,0.17201166180758018,0.20774647887323944
ep_012_whisperx_diarized.gender.host_guest,Raj Shamani,MALE->MALE,male,male,2535,4.339250493096647,4.733727810650888,1.9723865877712032,0.0,7.100591715976331,20164,9.62110692322952,4.760960126958937,0.7439000198373339,0.0,0.11167892858716243,0.1257191033525094
ep_013_whisperx_diarized.gender.host_guest,Faye Dsouza,FEMALE->FEMALE,female,female,1603,3.7429819089207736,3.1191515907673115,0.6238303181534622,0.0,8.109794135995008,6318,5.856283634061413,4.590060145615701,0.4748338081671415,0.0,0.20237343769726043,0.25371953149730925
ep_014_whisperx_diarized.gender.host_guest,Ranveer A,MALE->FEMALE,male,female,4160,7.211538461538462,2.403846153846154,1.201923076923077,0.0,4.807692307692308,8960,5.915178571428571,3.4598214285714284,0.4464285714285714,0.0,0.3170731707317073,0.4642857142857143
ep_015_whisperx_diarized.gender.host_guest,Soha Ali Khan,FEMALE->FEMALE,female,female,1894,6.863780359028511,5.807814149947202,0.5279831045406547,0.0,2.6399155227032733,10099,7.7235369838597885,3.465689672244777,1.48529557381919,0.0,0.1579254565163012,0.18754332112090305
ep_016_whisperx_diarized.gender.host_guest,Raj Shamani,MALE->FEMALE,male,female,1947,4.622496147919877,2.5680534155110424,1.0272213662044172,3.0816640986132517,13.35387776065742,8749,3.77185964110184,1.9430792090524631,0.6857926620185163,0.0,0.18203066566940912,0.22253971882500856
ep_017_whisperx_diarized.gender.host_guest,Ranveer A,MALE->FEMALE,male,female,7719,8.032128514056224,4.016064257028112,2.072807358466122,0.5182018396165307,2.7205596579867857,13929,12.850886639385456,7.251058941776151,1.8666092325364347,0.7179266278986287,0.3565687361419069,0.5541675640749515
ep_018_whisperx_diarized.gender.host_guest,Faye Dsouza,FEMALE->MALE,female,male,2329,5.1524259338772005,5.1524259338772005,2.5762129669386,0.0,4.293688278231,11666,16.4580833190468,5.828904508829076,2.828733070461169,0.1714383679067375,0.16641657734905324,0.19963997942739586
ep_019_whisperx_diarized.gender.host_guest,Ranveer A,MALE->MALE,male,male,2063,9.694619486185166,8.240426563257392,1.454192922927775,0.0,2.423654871546292,5741,10.625326598153633,10.27695523427974,1.2192997735586135,0.0,0.26435161455663764,0.3593450618359171
ep_020_whisperx_diarized.gender.host_guest,Raj Shamani,MALE->MALE,male,male,2111,4.737091425864519,3.3159639981051634,1.4211274277593555,0.4737091425864519,2.36854571293226,8725,13.982808022922637,4.355300859598854,1.948424068767908,0.1146131805157593,0.19481358434846807,0.2419484240687679
ep_021_whisperx_diarized.gender.host_guest,Raj Shamani,MALE->MALE,male,male,3204,5.930087390761548,3.745318352059925,1.560549313358302,0.6242197253433208,4.057428214731586,17830,5.103757711721817,4.542905215928211,2.860347728547392,0.0,0.1523248074545973,0.17969713965227146
ep_022_whisperx_diarized.gender.host_guest,,FEMALE->MALE,female,male,2391,2.509410288582183,3.345880384776244,2.091175240485153,0.0,2.091175240485153,5185,4.435872709739634,7.714561234329798,4.628736740597879,0.0,0.3156019007391763,0.46113789778206365
ep_023_whisperx_diarized.gender.host_guest,Ranveer A,MALE->MALE,male,male,2548,7.849293563579277,4.3171114599686025,4.709576138147567,0.0,1.1773940345368916,6598,10.154592300697182,3.182782661412549,0.6062443164595333,0.0,0.2785917340914061,0.3861776295847226
ep_024_whisperx_diarized.gender.host_guest,,FEMALE->MALE,female,male,356,2.808988764044944,0.0,0.0,0.0,11.235955056179774,8926,3.0248711628949136,6.609903652251848,3.473000224064531,0.0,0.038353803059685415,0.0398834864440959
ep_025_whisperx_diarized.gender.host_guest,Raj Shamani,MALE->MALE,male,male,2895,7.9447322970639025,3.454231433506045,1.381692573402418,0.0,3.7996545768566494,14301,7.83162016642193,4.6150618837843504,0.6293266205160478,0.0699251800573386,0.16835310537334264,0.20243339626599538
ep_026_whisperx_diarized.gender.host_guest,Raj Shamani,MALE->MALE,male,male,1872,4.807692307692308,5.876068376068376,2.6709401709401708,1.0683760683760686,2.136752136752137,3867,7.499353504008275,10.34393586759762,0.2585983966899405,0.0,0.32618923157344487,0.4840961986035687
ep_027_whisperx_diarized.gender.host_guest,Raj Shamani,MALE->MALE,male,male,2768,4.696531791907515,4.335260115606936,3.61271676300578,0.722543352601156,2.890173410404624,10547,4.551057172655732,1.611832748648905,0.948136910969944,0.3792547643879776,0.20788584303417199,0.2624442969564805
ep_028_whisperx_diarized.gender.host_guest,Raj Shamani,MALE->MALE,male,male,2655,3.389830508474576,6.026365348399247,0.0,2.2598870056497176,6.026365348399247,13607,13.448960094069228,4.409495112809583,0.5144410964944514,0.0,0.16326405116221868,0.19512015874182406
ep_029_whisperx_diarized.gender.host_guest,Raj Shamani,MALE->MALE,male,male,3620,3.591160220994475,4.143646408839778,0.8287292817679558,0.2762430939226519,6.077348066298343,20970,6.342393896041965,2.8135431568907965,1.0491177873152122,0.0,0.14721431476209842,0.1726275631855031
ep_030_whisperx_diarized.gender.host_guest,Raj Shamani,MALE->FEMALE,male,female,6038,9.605829744948656,2.9811195760185494,1.3249420337860218,0.4968532626697582,5.631003643590593,12104,14.375413086582949,4.130865829477859,0.991407799074686,0.0826173165895571,0.3328188733325984,0.4988433575677462
ep_031_whisperx_diarized.gender.host_guest,Soha Ali Khan,FEMALE->MALE,female,male,3357,10.723860589812332,2.680965147453083,1.1915400655347037,0.0,2.0851951146857317,8600,8.720930232558139,3.372093023255814,0.3488372093023256,0.0,0.2807560424855733,0.3903488372093023
ep_032_whisperx_diarized.gender.host_guest,Raj Shamani,MALE->FEMALE,male,female,5207,5.953524102170156,3.264835797964279,1.1522949875168045,0.7681966583445362,5.377376608411754,15741,5.082269233212629,3.1764182707578934,1.6517375007941046,0.0635283654151578,0.24856788237540578,0.330792198716727
ep_033_whisperx_diarized.gender.host_guest,Raj Shamani,MALE->MALE,male,male,3634,5.228398458998349,2.476609796367639,1.651073197578426,0.0,3.852504127682994,10892,8.90561880279104,7.803892765332353,5.416819684171869,0.2754315093646713,0.25017210519069255,0.33363936834373853
ep_034_whisperx_diarized.gender.host_guest,Raj Shamani,MALE->MALE,male,male,1248,0.0,1.6025641025641024,0.8012820512820512,0.0,1.6025641025641024,6552,3.0525030525030523,1.0683760683760686,0.1526251526251526,0.0,0.16,0.19047619047619047
ep_035_whisperx_diarized.gender.host_guest,Ranveer A,MALE->MALE,male,male,3175,8.818897637795276,3.779527559055118,2.204724409448819,0.0,3.779527559055118,12114,3.632161135875846,4.210004952947004,1.4858841010401187,0.0,0.2076656419648113,0.2620934456001321
ep_036_whisperx_diarized.gender.host_guest,Ranveer A,MALE->MALE,male,male,4382,3.879507074395253,4.33591967138293,0.6846188954815153,0.0,7.759014148790507,6739,10.832467725181775,3.116189345600237,0.0,0.1483899688381065,0.39402931391061957,0.6502448434485829
ep_037_whisperx_diarized.gender.host_guest,Ranveer A,MALE->MALE,male,male,713,4.207573632538569,4.207573632538569,4.207573632538569,0.0,9.817671809256662,10970,0.8204193254329991,0.5469462169553327,0.3646308113035552,0.0,0.06102884533082256,0.0649954421148587
ep_038_whisperx_diarized.gender.host_guest,Ranveer A,MALE->MALE,male,male,3363,5.649717514124294,8.623253047873924,4.162949747249479,0.0,1.784121320249777,11097,6.398125619536812,2.523204469676489,0.991258898801478,0.0901144453455888,0.23257261410788382,0.30305487969721545
ep_039_whisperx_diarized.gender.host_guest,Ranveer A,MALE->MALE,male,male,10187,10.01276136252086,3.632080102090901,1.6687935604201432,0.1963286541670756,3.239422793756749,16433,9.675652650155175,4.077161808555954,1.3996227103998051,0.0608531613217306,0.38268219383921864,0.6199111543844703
ep_040_whisperx_diarized.gender.host_guest,Ranveer A,MALE->MALE,male,male,3814,7.865757734661772,3.4084950183534346,1.5731515469323545,0.0,5.506030414263241,12196,7.6254509675303375,3.033781567727124,0.7379468678255166,0.0,0.2382261086820737,0.3127254837651689
ep_041_whisperx_diarized.gender.host_guest,Ranveer A,MALE->FEMALE,male,female,6408,5.461922596754058,5.774032459425718,2.184769038701623,0.4681647940074906,5.1498127340823965,13735,8.154350200218419,4.004368401892974,1.7473607571896617,0.1456133964324718,0.3181254033659336,0.4665453221696396
ep_042_whisperx_diarized.gender.host_guest,Ranveer A,MALE->FEMALE,male,female,8318,9.377254147631644,7.694157249338783,1.923539312334696,0.2404424140418369,2.885308968502044,12391,7.505447502219353,6.537002663223307,2.2597046243241063,0.0807037365830038,0.4016611135255203,0.6712936808974256
ep_043_whisperx_diarized.gender.host_guest,Ranveer A,MALE->FEMALE,male,female,3607,11.36678680343776,6.930967563071805,3.049625727751594,0.0,3.3268644302744663,10393,5.003367651303763,4.329837390551333,1.0584046954681037,0.0962186086789185,0.2576428571428571,0.34706052150485905
ep_044_whisperx_diarized.gender.host_guest,Ranveer A,MALE->MALE,male,male,3423,6.427110721589249,6.134969325153374,3.5056967572305,0.2921413964358749,3.2135553607946243,10291,1.94344572927801,1.8462734428141092,0.7773782917112039,0.0,0.24959894997812454,0.3326207365659314
ep_045_whisperx_diarized.gender.host_guest,,MALE->MALE,male,male,1912,16.213389121338913,3.1380753138075312,0.5230125523012552,0.0,2.092050209205021,10299,13.302262355568502,3.5925818040586464,0.0,0.0,0.15658013266726722,0.18564909214486844
ep_046_whisperx_diarized.gender.host_guest,Nikhil Kamath,MALE->MALE,male,male,2776,10.446685878962535,2.881844380403458,0.7204610951008645,0.0,1.080691642651297,11078,8.485286152735151,3.9718360714930494,1.9859180357465247,0.0,0.2003753428612675,0.25058674851056145
ep_047_whisperx_diarized.gender.host_guest,Ranveer A,MALE->MALE,male,male,2849,4.563004563004563,1.404001404001404,0.702000702000702,0.0,4.563004563004563,8381,3.460207612456748,2.14771506980074,1.4318100465338264,0.0,0.2536954585930543,0.33993556854790596
ep_048_whisperx_diarized.gender.host_guest,Ranveer A,MALE->MALE,male,male,2717,2.2083179977916823,0.368052999631947,0.368052999631947,0.0,2.944423997055576,15585,1.347449470644851,0.3849855630413859,0.1283285210137953,0.0,0.14845372090481915,0.17433429579724094
ep_049_whisperx_diarized.gender.host_guest,Ranveer A,MALE->MALE,male,male,714,8.403361344537815,7.002801120448179,0.0,0.0,2.8011204481792715,10792,4.540400296515938,3.7064492216456633,0.4633061527057079,0.1853224610822831,0.062054580219016164,0.06616011860637509
ep_050_whisperx_diarized.gender.host_guest,Ranveer A,MALE->MALE,male,male,4104,11.20857699805068,5.360623781676413,2.6803118908382064,0.0,1.2183235867446394,12702,4.487482286254133,5.825854196189577,2.3618327822390173,0.314911037631869,0.24419850053552303,0.3230987246102976
ep_051_whisperx_diarized.gender.host_guest,Ranveer A,MALE->MALE,male,male,1767,6.791171477079796,5.093378607809847,3.395585738539898,0.0,5.093378607809847,11484,1.654475792406827,0.9578544061302682,0.7836990595611285,0.0,0.13334842653384651,0.1538662486938349
ep_052_whisperx_diarized.gender.host_guest,Ranveer A,MALE->FEMALE,male,female,1936,3.615702479338843,1.0330578512396695,0.0,0.0,3.615702479338843,6263,2.3950183618074403,0.4790036723614881,0.1596678907871627,0.0,0.23612635687278938,0.309117036563947
ep_053_whisperx_diarized.gender.host_guest,Ranveer A,MALE->FEMALE,male,female,4610,7.809110629067246,4.989154013015185,4.121475054229935,0.0,4.121475054229935,14647,4.028128627022599,1.7068341639926266,0.8875537652761658,0.0,0.23939346731058836,0.3147402198402403
ep_054_whisperx_diarized.gender.host_guest,Ranveer A,MALE->MALE,male,male,3600,8.88888888888889,2.7777777777777777,1.6666666666666667,0.2777777777777778,4.444444444444445,15669,2.169889590911992,1.5316867700555237,1.021124513370349,0.0638202820856468,0.18682858477347034,0.22975301550832855
ep_055_whisperx_diarized.gender.host_guest,Ranveer A,MALE->FEMALE,male,female,4740,8.227848101265824,3.586497890295359,0.6329113924050633,0.2109704641350211,6.962025316455696,17161,8.624206048598566,5.2444496241477765,0.9906182623390246,0.0,0.216428473585681,0.27620768020511627
ep_056_whisperx_diarized.gender.host_guest,Ranveer A,MALE->MALE,male,male,5162,11.235955056179774,6.392870980240217,1.3560635412630762,0.581170089112747,0.7748934521503293,29694,6.634336903078063,6.331245369434903,1.111335623358254,0.0673536741429245,0.14809501950883636,0.17383983296288813
ep_057_whisperx_diarized.gender.host_guest,Ranveer A,MALE->FEMALE,male,female,3228,8.674101610904586,3.717472118959108,1.2391573729863692,0.0,4.646840148698885,9784,3.270645952575634,3.1684382665576454,0.7154538021259198,0.1022076860179885,0.24807869658776513,0.329926410466067
ep_058_whisperx_diarized.gender.host_guest,Ranveer A,MALE->FEMALE,male,female,2238,4.021447721179625,4.021447721179625,1.3404825737265416,0.0,5.361930294906166,6180,6.634304207119741,6.148867313915858,0.970873786407767,0.0,0.26585887384176765,0.36213592233009706
ep_059_whisperx_diarized.gender.host_guest,Ranveer A,MALE->MALE,male,male,3818,8.643268727082242,4.190675746464118,1.8334206390780516,0.0,7.85751702462022,15705,12.543775867558102,4.83922317733206,0.8277618592804838,0.0,0.1955642063207499,0.2431072906717606
ep_060_whisperx_diarized.gender.host_guest,Ranveer A,MALE->MALE,male,male,4251,9.409550693954364,3.999059044930605,3.5285815102328866,0.0,0.9409550693954364,12040,12.87375415282392,3.1561461794019934,0.9136212624584718,0.0,0.2609416242096863,0.35307308970099666
ep_061_whisperx_diarized.gender.host_guest,Ranveer A,MALE->FEMALE,male,female,5166,6.581494386372436,2.710027100271003,1.1614401858304295,0.7742934572202865,3.290747193186218,16352,2.996575342465753,2.018101761252446,0.611545988258317,0.1223091976516634,0.24007807417046195,0.3159246575342466
ep_062_whisperx_diarized.gender.host_guest,Ranveer A,MALE->MALE,male,male,1825,12.602739726027398,3.2876712328767126,1.095890410958904,0.0,3.2876712328767126,9962,2.20839188917888,1.10419594458944,1.6061031921300943,0.1003814495081309,0.1548315941291253,0.18319614535233888
ep_063_whisperx_diarized.gender.host_guest,Nikhil Kamath,MALE->MALE,male,male,2177,13.780431786862655,4.134129536058796,1.3780431786862657,0.0,2.296738631143776,8577,14.340678558936691,6.062725894835023,2.0986358866736623,0.1165908825929812,0.20243630277106192,0.25381835140492015
ep_064_whisperx_diarized.gender.host_guest,Ranveer A,MALE->FEMALE,male,female,2855,8.406304728546411,6.304728546409807,2.101576182136603,0.0,6.654991243432574,8988,11.348464619492658,4.339118825100133,0.4450378282153983,0.0,0.2410706746601368,0.31764574988874056
ep_065_whisperx_diarized.gender.host_guest,Ranveer A,MALE->MALE,male,male,5081,7.478842747490651,4.920291281243849,2.5585514662468016,0.0,2.9521747687463096,10723,6.248251422176629,2.4246945817401846,0.7460598713046722,0.093257483913084,0.3215008858516831,0.47384127576237994
ep_066_whisperx_diarized.gender.host_guest,Ranveer A,MALE->FEMALE,male,female,3255,10.138248847926269,5.837173579109063,0.9216589861751152,0.3072196620583717,5.529953917050691,6258,6.391818472355386,6.711409395973154,1.4381591562799616,0.1597954618088846,0.34216335540838855,0.5201342281879194
ep_067_whisperx_diarized.gender.host_guest,Nikhil Kamath,MALE->MALE,male,male,2455,7.331975560081466,3.258655804480652,0.0,0.0,3.258655804480652,8866,16.805774870291,6.429054816151591,1.2406947890818858,0.0,0.21685363483791184,0.2769005188360027
ep_068_whisperx_diarized.gender.host_guest,Ranveer A,MALE->MALE,male,male,968,7.231404958677686,2.066115702479339,1.0330578512396695,0.0,3.0991735537190084,7949,5.912693420556045,0.2516039753428104,0.1258019876714052,0.0,0.10855668946955253,0.12177632406592025
ep_069_whisperx_diarized.gender.host_guest,Ranveer A,MALE->MALE,male,male,3039,8.55544587035209,1.974333662388944,0.6581112207963146,0.0,5.923000987166831,14423,3.744019968106497,1.1093392498093322,0.277334812452333,0.0,0.1740350475317833,0.21070512376066006
ep_070_whisperx_diarized.gender.host_guest,Ranveer A,MALE->MALE,male,male,3554,3.939223410241981,2.250984805852561,0.8441193021947102,0.5627462014631401,2.250984805852561,21941,4.694407729820884,1.4584567704297888,0.7748051592908254,0.0455767740759309,0.1393998823298686,0.16197985506585844
ep_071_whisperx_diarized.gender.host_guest,Ranveer A,MALE->MALE,male,male,1545,6.472491909385114,4.53074433656958,1.2944983818770226,0.0,4.53074433656958,8029,1.868227674679288,0.4981940465811433,0.1245485116452858,0.0,0.16137455608940882,0.19242745049196663
ep_072_whisperx_diarized.gender.host_guest,Nikhil Kamath,MALE->MALE,male,male,2226,7.187780772686433,3.593890386343217,2.2461814914645104,0.8984725965858041,4.941599281221923,9656,5.28169014084507,6.006628003314002,3.314001657000828,0.0,0.18734219828311732,0.23053024026512015
ep_073_whisperx_diarized.gender.host_guest,Ranveer A,MALE->MALE,male,male,4310,6.728538283062646,4.408352668213457,0.6960556844547563,0.6960556844547563,4.176334106728539,23039,6.337080602456704,5.4689873692434565,1.47575849646252,0.0,0.15759259936377928,0.18707409175745476
ep_074_whisperx_diarized.gender.host_guest,Ranveer A,MALE->FEMALE,male,female,4198,5.002382086707956,4.525964745116722,1.4292520247737015,0.4764173415912339,0.9528346831824678,7204,7.773459189339256,5.691282620766241,0.277623542476402,0.138811771238201,0.36818102087353094,0.5827318156579678
ep_075_whisperx_diarized.gender.host_guest,Nikhil Kamath,MALE->MALE,male,male,3139,14.654348518636509,3.504300732717426,1.592863969417012,0.0,5.734310289901242,11205,23.025435073627843,8.032128514056224,3.302097278000893,0.0892458723784025,0.2188371444506414,0.28014279339580545
ep_076_whisperx_diarized.gender.host_guest,Ranveer A,MALE->MALE,male,male,804,7.462686567164179,0.0,0.0,0.0,7.462686567164179,2192,5.930656934306569,1.3686131386861315,0.4562043795620438,0.0,0.2683578104138852,0.36678832116788324
ep_077_whisperx_diarized.gender.host_guest,Ranveer A,MALE->MALE,male,male,3486,7.458405048766495,3.442340791738382,2.581755593803787,0.0,2.294893861158921,17872,1.902417188898836,1.2869292748433303,0.391674127126231,0.0,0.16321752973124826,0.19505371530886303
ep_078_whisperx_diarized.gender.host_guest,Ranveer A,MALE->FEMALE,male,female,2812,8.534850640113799,2.8449502133712663,3.200568990042674,0.0,3.200568990042674,8553,2.806032970887408,0.8184262831754939,0.701508242721852,0.0,0.24742630884293884,0.3287735297556413
ep_079_whisperx_diarized.gender.host_guest,Ranveer A,MALE->MALE,male,male,3278,13.117754728492985,3.355704697986577,1.2202562538133008,0.6101281269066504,1.525320317266626,12563,3.343150521372284,1.751174082623577,1.19398232906153,0.0795988219374353,0.20693138059465943,0.260924938310913
ep_080_whisperx_diarized.gender.host_guest,Ranveer A,MALE->FEMALE,male,female,5448,8.259911894273127,4.038179148311307,2.0190895741556534,0.0,4.038179148311307,12170,6.6557107641742,7.395234182415777,1.4790468364831553,0.0,0.309229197411738,0.447658175842235
ep_081_whisperx_diarized.gender.host_guest,Ranveer A,MALE->MALE,male,male,3745,7.743658210947931,2.136181575433912,0.5340453938584779,1.068090787716956,5.34045393858478,13229,4.233124196840276,4.686673217930305,0.0,0.1511830070300098,0.22063155414162838,0.2830901806636934
ep_082_whisperx_diarized.gender.host_guest,Ranveer A,MALE->MALE,male,male,2881,6.594932315168344,1.7355085039916696,0.6942034015966678,0.0,5.553627212773343,12931,2.0880055680148484,0.9280024746732658,0.0773335395561054,0.0773335395561054,0.18220338983050846,0.22279792746113988
ep_083_whisperx_diarized.gender.host_guest,Ranveer A,MALE->MALE,male,male,3084,5.512321660181582,7.457846952010376,3.5667963683527883,0.0,2.269779507133593,5216,2.875766871165644,2.875766871165644,1.5337423312883436,0.0,0.371566265060241,0.5912576687116564
ep_084_whisperx_diarized.gender.host_guest,Nikhil Kamath,MALE->MALE,male,male,8366,12.789863734162084,3.585943103036098,1.434377241214439,0.1195314367678699,2.151565861821659,24591,11.996258793867677,5.164491073970152,2.0332642023504537,0.0813305680940181,0.2538459204417878,0.3402057663372779
ep_085_whisperx_diarized.gender.host_guest,Ranveer A,MALE->MALE,male,male,4214,8.780256288561937,5.220692928334125,0.94921689606075,0.0,8.780256288561937,7917,16.041429834533282,9.725906277630417,3.5366931918656053,0.1263104711380573,0.3473744950952106,0.5322723253757736
ep_086_whisperx_diarized.gender.host_guest,Ranveer A,MALE->MALE,male,male,3728,10.99785407725322,4.560085836909871,2.4141630901287554,0.2682403433476394,2.4141630901287554,8820,5.668934240362812,3.5147392290249435,0.2267573696145124,0.1133786848072562,0.29709913930506854,0.4226757369614512
ep_087_whisperx_diarized.gender.host_guest,Nikhil Kamath,MALE->MALE,male,male,2065,12.106537530266344,1.937046004842615,0.0,0.0,2.905569007263922,8045,11.435674331883158,5.469235550031075,1.243008079552517,0.0,0.2042532146389713,0.25668116842759475
ep_088_whisperx_diarized.gender.host_guest,Ranveer A,MALE->FEMALE,male,female,3621,7.180336923501795,8.561170947252139,2.7616680475006907,0.276166804750069,7.456503728251864,3071,31.585802670140023,17.909475740801042,4.88440247476392,0.0,0.5410938433950986,1.1790947574080104
ep_089_whisperx_diarized.gender.host_guest,,MALE->MALE,male,male,1292,2.3219814241486065,0.7739938080495357,0.0,0.0,12.38390092879257,5633,2.485354162968223,1.0651517841292384,0.0,0.0,0.18657039711191337,0.229362684182496
ep_090_whisperx_diarized.gender.host_guest,Ranveer A,MALE->MALE,male,male,6530,8.882082695252679,6.278713629402756,1.225114854517611,0.3062787136294027,4.287901990811639,22092,8.057215281549881,3.802281368821293,0.4526525439072967,0.135795763172189,0.22814618125917127,0.29558211117146477
ep_091_whisperx_diarized.gender.host_guest,Ranveer A,MALE->MALE,male,male,4505,10.21087680355161,3.7735849056603774,2.44173140954495,0.6659267480577136,0.8879023307436182,9112,13.718173836698858,5.267778753292362,1.646180860403863,0.0,0.33083645443196,0.4944029850746269
ep_092_whisperx_diarized.gender.host_guest,Ranveer A,MALE->FEMALE,male,female,2370,8.860759493670887,2.109704641350211,2.5316455696202533,0.0,9.282700421940929,4346,2.991256327657616,1.8407731247123795,0.6902899217671422,0.0,0.35288862418106015,0.5453290381960424
ep_093_whisperx_diarized.gender.host_guest,Ranveer A,MALE->FEMALE,male,female,7374,4.475183075671278,3.932736642256577,1.2205044751830756,0.135611608353675,6.916192026037429,14334,4.813729593972373,1.395283940281847,0.4185851820845542,0.2092925910422771,0.3396904367053621,0.5144411887819171
ep_094_whisperx_diarized.gender.host_guest,Ranveer A,MALE->MALE,male,male,4208,11.169201520912548,6.416349809885932,0.9505703422053232,0.9505703422053232,2.376425855513308,12532,3.830194701563996,5.665496329396744,0.7979572294924991,0.0797957229492499,0.25137395459976103,0.33578040217044364
ep_095_whisperx_diarized.gender.host_guest,Nikhil Kamath,MALE->MALE,male,male,2209,12.675418741511995,4.979628791308285,0.4526935264825713,0.0,2.263467632412856,12564,10.66539318688316,3.979624323463865,0.8755173511620503,0.1591849729385546,0.1495295471468219,0.17581980261063357
ep_096_whisperx_diarized.gender.host_guest,Nikhil Kamath,MALE->MALE,male,male,5775,7.792207792207792,2.2510822510822512,1.0389610389610389,0.0,3.463203463203463,13466,14.183870488638052,7.129065795336403,1.7080053467993466,0.0,0.3001403253469154,0.4288578642507055
ep_097_whisperx_diarized.gender.host_guest,Ranveer A,MALE->FEMALE,male,female,3554,5.064715813168261,9.56668542487338,2.250984805852561,0.28137310073157,6.1902082160945415,4532,4.192409532215357,3.53045013239188,0.2206531332744925,0.6619593998234775,0.4395251051199604,0.7842012356575463
ep_098_whisperx_diarized.gender.host_guest,Ranveer A,MALE->FEMALE,male,female,6111,6.0546555391916215,6.0546555391916215,2.127311405661921,0.4909180166912125,5.89101620029455,9408,11.267006802721088,6.5901360544217695,3.188775510204082,0.1062925170068027,0.39377537212449254,0.6495535714285714
ep_099_whisperx_diarized.gender.host_guest,Nikhil Kamath,MALE->MALE,male,male,6457,9.137370295803004,4.181508440452222,1.3938361468174074,0.9292240978782716,4.336379123431934,11875,7.663157894736842,8.168421052631578,0.7578947368421053,0.5894736842105263,0.35222561640846606,0.5437473684210526
ep_100_whisperx_diarized.gender.host_guest,Ranveer A,MALE->MALE,male,male,3163,8.53619981030667,5.374644325007904,2.84539993676889,0.0,3.79386658235852,8650,5.780346820809248,2.1965317919075145,0.5780346820809249,0.0,0.2677558621857276,0.3656647398843931
ep_101_whisperx_diarized.gender.host_guest,Ranveer A,MALE->FEMALE,male,female,998,6.012024048096192,5.01002004008016,1.002004008016032,0.0,2.004008016032064,3319,5.122024706236818,9.340162699608316,4.519433564326604,0.0,0.23117905953208245,0.30069297981319676
ep_102_whisperx_diarized.gender.host_guest,Ranveer A,MALE->MALE,male,male,4917,6.914785438275372,3.457392719137686,3.254016676835469,0.0,1.016880211511084,17187,3.025542561238145,1.5127712806190723,1.0473031942747426,0.0,0.22244842562432138,0.2860883225693838
ep_103_whisperx_diarized.gender.host_guest,Ranveer A,MALE->MALE,male,male,5219,9.197164207702626,3.640544165548956,1.3412531136232997,0.0,1.9160758766047132,5690,7.205623901581722,2.81195079086116,1.0544815465729351,0.1757469244288225,0.47841232010266754,0.9172231985940246
ep_104_whisperx_diarized.gender.host_guest,Ranveer A,MALE->MALE,male,male,2733,11.708744968898646,2.1953896816684964,0.7317965605561654,0.0,2.927186242224661,11966,2.423533344476015,1.5042620758816647,0.5014206919605548,0.0,0.18593101571535478,0.22839712518803276
ep_105_whisperx_diarized.gender.host_guest,Ranveer A,MALE->MALE,male,male,5783,6.743904547812554,5.8793014006570985,2.247968182604185,0.6916825177243646,5.014698253501643,15042,4.786597526924611,1.7949740725967291,0.1994415636218587,0.1329610424145725,0.27769507803121246,0.38445685414173647
ep_106_whisperx_diarized.gender.host_guest,Ranveer A,MALE->MALE,male,male,3031,10.557571758495548,2.9693170570768723,0.6598482349059717,0.3299241174529858,8.578027053777632,6214,6.115223688445446,3.057611844222723,0.160926939169617,0.0,0.3278528934559221,0.4877695526231091
ep_107_whisperx_diarized.gender.host_guest,Ranveer A,MALE->MALE,male,male,2333,2.571795970852979,2.1431633090441493,0.4286326618088298,0.0,5.143591941705958,10200,2.647058823529412,0.588235294117647,0.8823529411764707,0.0,0.186148567781058,0.22872549019607843
ep_108_whisperx_diarized.gender.host_guest,Ranveer A,MALE->MALE,male,male,2834,9.880028228652083,6.351446718419195,3.5285815102328866,0.0,5.998588567395907,16947,1.947247300407152,1.1211423850829056,0.4130524576621231,0.0,0.14326879328648703,0.16722723785920812
ep_109_whisperx_diarized.gender.host_guest,Ranveer A,MALE->MALE,male,male,2685,9.31098696461825,2.97951582867784,1.48975791433892,0.74487895716946,2.60707635009311,9997,4.801440432129639,4.001200360108033,1.3003901170351106,0.1000300090027008,0.211717394732692,0.2685805741722517
ep_110_whisperx_diarized.gender.host_guest,Ranveer A,MALE->FEMALE,male,female,4826,11.3966017405719,5.594695399917115,2.072109407376709,0.4144218814753418,4.765851636966431,12986,8.162636685661482,5.005390420452796,1.6941321423071,0.0770060064685045,0.27094093869301594,0.37163098721700294
ep_111_whisperx_diarized.gender.host_guest,Ranveer A,MALE->FEMALE,male,female,690,4.3478260869565215,2.898550724637681,0.0,0.0,15.942028985507246,12149,4.033253765742036,0.3292452053666968,0.0,0.0,0.053742503310226654,0.05679479792575521
ep_112_whisperx_diarized.gender.host_guest,Ranveer A,MALE->FEMALE,male,female,1714,8.751458576429405,1.1668611435239205,0.0,0.0,12.835472578763126,15909,7.040040228801308,3.4571626123577848,1.445722546985983,0.0,0.09725926346252058,0.10773775850147715
ep_113_whisperx_diarized.gender.host_guest,Ranveer A,MALE->MALE,male,male,2214,2.2583559168925023,0.0,0.0,0.0,4.5167118337850045,5744,4.874651810584958,1.0445682451253482,0.3481894150417827,0.0,0.27821060567981903,0.3854456824512535
ep_114_whisperx_diarized.gender.host_guest,Faye Dsouza,FEMALE->MALE,female,male,1181,5.927180355630822,5.927180355630822,3.3869602032176123,0.0,2.540220152413209,5179,8.302761150801313,8.109673682178027,2.703224560726009,0.0,0.18569182389937106,0.22803630044410117
ep_115_whisperx_diarized.gender.host_guest,,FEMALE->MALE,female,male,2007,2.989536621823617,9.466865969108122,1.4947683109118086,0.0,2.491280518186348,10810,6.012950971322849,9.71322849213691,2.682701202590194,0.0,0.15658890536006867,0.1856614246068455
ep_116_whisperx_diarized.gender.host_guest,,FEMALE->MALE,female,male,1887,6.88924218335983,5.829358770535241,2.649708532061473,0.0,3.179650238473768,8970,9.364548494983277,9.141583054626532,1.0033444816053512,0.1114827201783723,0.17380491848576954,0.21036789297658862
ep_117_whisperx_diarized.gender.host_guest,Faye Dsouza,FEMALE->MALE,female,male,3481,7.469118069520253,5.170927894283252,2.010916403332376,0.0,2.8727377190462517,20805,4.662340783465513,3.8452295121365054,1.009372746935833,0.0,0.14333360783990776,0.16731554914683971
ep_118_whisperx_diarized.gender.host_guest,Faye Dsouza,FEMALE->FEMALE,female,female,1678,5.363528009535161,8.34326579261025,1.7878426698450536,0.0,1.7878426698450536,9230,7.042253521126761,3.683640303358613,0.7583965330444203,0.0,0.15383204987165383,0.1817984832069339
ep_119_whisperx_diarized.gender.host_guest,Faye Dsouza,FEMALE->MALE,female,male,3488,3.7270642201834874,8.600917431192661,2.5802752293577984,0.0,1.146788990825688,5374,13.770003721622627,6.512839598064756,4.279866021585412,0.0,0.3935906116000903,0.6490509862299962
ep_120_whisperx_diarized.gender.host_guest,Faye Dsouza,FEMALE->MALE,female,male,1845,2.710027100271003,6.504065040650406,0.5420054200542005,0.0,6.504065040650406,9420,14.8619957537155,7.218683651804671,1.6985138004246283,0.1061571125265392,0.16378162450066577,0.19585987261146498
ep_121_whisperx_diarized.gender.host_guest,,FEMALE->MALE,female,male,2693,2.970664686223542,6.683995544002971,3.341997772001485,0.0,4.827330115113257,7991,8.009010136403454,7.133024652734326,0.2502815667626079,0.2502815667626079,0.2520591538749532,0.3370041296458516
ep_122_whisperx_diarized.gender.host_guest,Faye Dsouza,FEMALE->FEMALE,female,female,2583,4.645760743321719,6.194347657762292,2.710027100271003,0.0,1.548586914440573,6287,13.519961825990135,3.0221091140448544,1.7496421186575473,0.1590583744234134,0.291206313416009,0.41084778113567677
ep_123_whisperx_diarized.gender.host_guest,,FEMALE->MALE,female,male,1627,3.687768899815612,3.073140749846343,1.229256299938537,0.0,4.917025199754148,5417,3.876684511722356,2.584456341148237,0.3692080487354624,0.0,0.23097671777399206,0.3003507476462987
ep_124_whisperx_diarized.gender.host_guest,,FEMALE->FEMALE,female,female,6969,11.192423590185106,9.040034438226431,4.304778303917348,0.0,0.0,2031,3.9389463318562288,5.416051206302314,1.4771048744460855,0.0,0.7743333333333333,3.431314623338257
ep_125_whisperx_diarized.gender.host_guest,,FEMALE->MALE,female,male,1585,3.785488958990536,1.892744479495268,0.0,0.0,5.047318611987382,7379,9.486380268329045,3.794552107331617,0.5420788724759452,0.0,0.17681838464970995,0.21479875321859332
ep_126_whisperx_diarized.gender.host_guest,Karishma Mehta,FEMALE->FEMALE,female,female,2626,4.56968773800457,7.235338918507235,1.904036557501904,0.0,4.188880426504189,10590,4.81586402266289,7.271010387157696,1.98300283286119,0.0,0.19869854721549637,0.24796978281397544
ep_127_whisperx_diarized.gender.host_guest,Faye Dsouza,FEMALE->FEMALE,female,female,1044,4.7892720306513406,5.747126436781609,3.8314176245210727,0.0,2.8735632183908044,10145,3.548546081813701,3.1542631838344013,1.2814194184327254,0.0,0.09330592546250782,0.10290783637259734
ep_128_whisperx_diarized.gender.host_guest,Karishma Mehta,FEMALE->MALE,female,male,2397,7.092198581560283,5.006257822277847,2.920317062995411,0.8343763037129746,7.926574885273258,10356,8.111239860950173,6.179992275009656,0.6759366550791811,0.0,0.18795577511173842,0.23146002317497102
ep_129_whisperx_diarized.gender.host_guest,,FEMALE->FEMALE,female,female,1598,3.7546933667083855,4.380475594493117,0.0,0.0,3.7546933667083855,10959,3.1937220549320195,4.744958481613287,0.6387444109864039,0.0912492015694862,0.12725969578721033,0.14581622410803904
ep_130_whisperx_diarized.gender.host_guest,Faye Dsouza,FEMALE->MALE,female,male,2378,2.1026072329688814,7.148864592094197,2.523128679562658,0.0,3.36417157275021,10191,8.63507015994505,6.476302619958787,1.8643901481699536,0.0,0.1891956400668311,0.23334314591306055
ep_131_whisperx_diarized.gender.host_guest,Faye Dsouza,FEMALE->FEMALE,female,female,1764,3.968253968253968,9.63718820861678,1.7006802721088434,0.0,3.401360544217687,5480,8.394160583941606,8.941605839416058,2.3722627737226274,0.0,0.2435118718939812,0.3218978102189781
ep_132_whisperx_diarized.gender.host_guest,Faye Dsouza,FEMALE->MALE,female,male,1544,3.238341968911917,4.533678756476683,3.238341968911917,0.0,6.476683937823834,6165,4.703974047039741,0.97323600973236,0.0,0.0,0.2002853807238293,0.25044606650446066
ep_133_whisperx_diarized.gender.host_guest,Faye Dsouza,FEMALE->FEMALE,female,female,1252,4.792332268370607,3.993610223642172,0.7987220447284344,0.0,6.389776357827476,11830,5.832628909551986,5.9171597633136095,1.7751479289940828,0.0,0.09570402079192784,0.10583262890955199
ep_134_whisperx_diarized.gender.host_guest,Faye Dsouza,FEMALE->MALE,female,male,1619,3.0883261272390365,6.176652254478073,1.2353304508956149,0.0,5.558987029030265,9768,4.606879606879607,3.89025389025389,1.2285012285012284,0.0,0.1421796785808378,0.16574529074529074
ep_135_whisperx_diarized.gender.host_guest,Faye Dsouza,FEMALE->MALE,female,male,2018,5.946481665014866,6.937561942517344,1.9821605550049552,0.0,6.937561942517344,7191,9.039076623557223,4.5890696704213605,2.0859407592824364,0.0,0.21913345640134652,0.28062856348213044
ep_136_whisperx_diarized.gender.host_guest,Faye Dsouza,FEMALE->MALE,female,male,2362,5.080440304826418,8.044030482641828,1.693480101608806,0.0,2.963590177815411,8416,7.129277566539924,7.24809885931559,3.4458174904942966,0.0,0.21915012061606978,0.2806558935361217
ep_137_whisperx_diarized.gender.host_guest,Karishma Mehta,FEMALE->FEMALE,female,female,1549,3.2278889606197545,3.2278889606197545,2.582311168495804,0.0,12.265978050355068,9794,4.288339799877476,2.6546865427812945,0.2042066571370226,0.1021033285685113,0.1365599929471921,0.15815805595262405
ep_138_whisperx_diarized.gender.host_guest,Faye Dsouza,FEMALE->MALE,female,male,2142,5.602240896358543,4.6685340802987865,1.4005602240896358,0.0,5.135387488328665,9353,4.383620228803593,3.8490323960226656,1.7106810648989628,0.1069175665561851,0.18634188777729446,0.22901742756334867
ep_139_whisperx_diarized.gender.host_guest,Faye Dsouza,FEMALE->FEMALE,female,female,1576,2.5380710659898478,7.614213197969543,1.9035532994923856,0.0,5.710659898477157,9888,7.281553398058253,4.146440129449839,0.9101941747572816,0.0,0.1374738311235171,0.1593851132686084
ep_140_whisperx_diarized.gender.host_guest,,FEMALE->MALE,female,male,2582,7.358636715724245,7.745933384972889,3.098373353989156,0.0,2.7110766847405112,8384,6.321564885496184,7.395038167938932,3.101145038167939,0.0,0.2354550428597483,0.3079675572519084
ep_141_whisperx_diarized.gender.host_guest,Faye Dsouza,FEMALE->FEMALE,female,female,2127,2.8208744710860367,6.11189468735308,1.8805829807240244,0.4701457451810061,2.3507287259050305,5795,14.66781708369284,6.729939603106126,2.4158757549611733,0.0,0.2684928048472608,0.36704055220017257
ep_142_whisperx_diarized.gender.host_guest,Faye Dsouza,FEMALE->MALE,female,male,3261,4.906470407850353,3.9865072063784113,1.2266176019625885,0.0,3.0665440049064703,8905,10.106681639528356,8.422234699606962,3.1443009545199327,0.0,0.2680420844977807,0.3661987647389107
ep_143_whisperx_diarized.gender.host_guest,Faye Dsouza,FEMALE->MALE,female,male,2186,4.117108874656907,3.6596523330283626,1.8298261665141813,0.0,7.77676120768527,7606,8.677359978963977,1.4462266631606626,0.5259006047856956,0.0,0.2232434640522876,0.2874046805153826
ep_144_whisperx_diarized.gender.host_guest,Faye Dsouza,FEMALE->FEMALE,female,female,2632,4.939209726443769,4.179331306990881,1.1398176291793312,0.0,2.6595744680851063,8472,10.741265344664775,4.485363550519358,0.5901794145420207,0.1180358829084041,0.23703170028818443,0.31067044381491976
ep_145_whisperx_diarized.gender.host_guest,Faye Dsouza,FEMALE->FEMALE,female,female,2221,4.052228725799189,5.85321927059883,2.70148581719946,0.0,4.502476361999099,7479,10.830324909747292,10.161786335071534,2.9415697285733384,0.0,0.22896907216494847,0.296964834870972
ep_146_whisperx_diarized.gender.host_guest,Faye Dsouza,FEMALE->FEMALE,female,female,1402,1.4265335235378032,4.279600570613409,1.4265335235378032,0.0,2.8530670470756063,7450,6.308724832214765,6.845637583892617,2.684563758389261,0.0,0.15838228648892905,0.18818791946308724
ep_147_whisperx_diarized.gender.host_guest,Faye Dsouza,FEMALE->FEMALE,female,female,1685,2.967359050445104,9.495548961424332,2.967359050445104,0.0,4.154302670623145,6986,13.169195533924992,5.868880618379617,3.006012024048096,0.0,0.1943259139660939,0.2411966790724306
ep_148_whisperx_diarized.gender.host_guest,,FEMALE->FEMALE,female,female,1720,5.232558139534883,8.720930232558139,2.9069767441860463,0.0,2.3255813953488373,7200,9.722222222222223,6.111111111111112,2.916666666666667,0.0,0.19282511210762332,0.2388888888888889
ep_149_whisperx_diarized.gender.host_guest,Faye Dsouza,FEMALE->FEMALE,female,female,2502,8.393285371702637,8.393285371702637,2.398081534772182,0.0,1.9984012789768184,7331,15.55040240076388,8.866457509207475,1.0912563088255354,0.0,0.2544493033662158,0.3412904105851862
ep_150_whisperx_diarized.gender.host_guest,Faye Dsouza,FEMALE->MALE,female,male,1922,6.76378772112383,5.202913631633715,1.5608740894901143,0.0,9.365244536940686,5845,15.397775876817793,10.09409751924722,4.961505560307955,0.0,0.24745719067851166,0.32882805816937555
ep_151_whisperx_diarized.gender.host_guest,Faye Dsouza,FEMALE->MALE,female,male,834,1.199040767386091,0.0,0.0,0.0,10.79136690647482,6894,9.138381201044387,3.91644908616188,0.725268349289237,0.0,0.10791925465838509,0.12097476066144473
ep_152_whisperx_diarized.gender.host_guest,Faye Dsouza,FEMALE->MALE,female,male,1165,8.583690987124463,1.7167381974248923,1.7167381974248923,0.0,6.86695278969957,6409,7.489467935715401,2.964581057887346,0.1560305819940708,0.3120611639881416,0.15381568523897543,0.18177562802309252
ep_153_whisperx_diarized.gender.host_guest,Faye Dsouza,FEMALE->MALE,female,male,1470,3.401360544217687,12.244897959183673,5.442176870748299,0.0,13.605442176870747,6273,6.5359477124183005,3.3476805356288857,0.637653435357883,0.0,0.18984889577683067,0.234337637494022
ep_154_whisperx_diarized.gender.host_guest,Raj Shamani,MALE->MALE,male,male,2109,0.474158368895211,0.0,0.0,0.0,9.483167377904222,19280,1.0892116182572615,1.0892116182572615,0.1037344398340248,0.0,0.09860208518397306,0.10938796680497925
ep_155_whisperx_diarized.gender.host_guest,Raj Shamani,MALE->MALE,male,male,2511,1.194743130227001,0.398247710075667,0.0,0.398247710075667,4.778972520908004,14290,0.7697690692792163,0.5598320503848846,0.0699790062981105,0.0,0.14945538956014523,0.17571728481455565
ep_156_whisperx_diarized.gender.host_guest,Raj Shamani,MALE->MALE,male,male,3058,3.2701111837802483,1.962066710268149,1.3080444735120995,0.0,0.9810333551340744,6880,5.232558139534883,6.395348837209302,3.779069767441861,0.1453488372093023,0.30770778828738177,0.4444767441860465
ep_157_whisperx_diarized.gender.host_guest,Karishma Mehta,FEMALE->MALE,female,male,1614,6.815365551425031,4.956629491945477,1.858736059479554,0.0,13.011152416356875,15447,13.530135301353017,7.056386353337218,4.207936816210268,0.0,0.09460172322841569,0.10448630802097494
ep_158_whisperx_diarized.gender.host_guest,Raj Shamani,MALE->MALE,male,male,1960,6.122448979591836,0.5102040816326531,0.5102040816326531,0.5102040816326531,6.122448979591836,15068,5.441996283514734,0.7300238916910008,0.5972922750199098,0.0,0.11510453370918487,0.13007698433766923
ep_159_whisperx_diarized.gender.host_guest,Raj Shamani,MALE->MALE,male,male,1541,0.6489292667099286,0.6489292667099286,1.2978585334198571,0.6489292667099286,5.1914341336794285,11127,1.6176867080075492,0.7189718702255775,0.6291003864473802,0.0898714837781971,0.12164508999052731,0.13849195650220186
ep_160_whisperx_diarized.gender.host_guest,Raj Shamani,MALE->MALE,male,male,2003,2.9955067398901645,3.99400898652022,1.4977533699450822,0.0,4.992511233150275,6606,15.74326369966697,6.96336663639116,1.3623978201634876,0.0,0.23266349169473807,0.3032092037541629
ep_161_whisperx_diarized.gender.host_guest,Raj Shamani,MALE->MALE,male,male,4065,3.4440344403444034,1.7220172201722015,0.2460024600246002,0.4920049200492004,4.674046740467404,17410,4.02067777139575,3.044227455485353,0.8615738081562321,0.0574382538770821,0.18928987194412106,0.23348650201033888
ep_162_whisperx_diarized.gender.host_guest,Karishma Mehta,FEMALE->MALE,female,male,2292,5.235602094240838,3.926701570680628,1.3089005235602096,0.0,7.417102966841187,10625,8.84705882352941,4.705882352941176,2.164705882352941,0.0,0.17744058217852443,0.21571764705882354
ep_163_whisperx_diarized.gender.host_guest,Raj Shamani,MALE->FEMALE,male,female,4231,5.90876861262113,4.017962656582368,1.6544552115339162,0.4727014890096904,2.363507445048452,14640,4.371584699453552,2.5273224043715845,1.0245901639344264,0.0683060109289617,0.2242064543479413,0.28900273224043715
ep_164_whisperx_diarized.gender.host_guest,Raj Shamani,MALE->FEMALE,male,female,4358,4.8187241854061496,2.5240936209270304,1.3767783386874712,0.0,1.1473152822395596,9649,5.492797181055032,2.1763913358897296,0.0,0.0,0.3111301492111087,0.45165302103844956
ep_165_whisperx_diarized.gender.host_guest,Raj Shamani,MALE->MALE,male,male,3626,3.309431880860452,1.3789299503585215,0.5515719801434088,0.2757859900717044,1.3789299503585215,13661,3.733255252177732,1.3908205841446453,0.5856086670082717,0.0,0.20975299357899,0.2654271283214992
ep_166_whisperx_diarized.gender.host_guest,Raj Shamani,MALE->MALE,male,male,2055,3.40632603406326,0.48661800486618,0.0,0.0,6.326034063260341,13203,3.2568355676740133,1.4390668787396803,0.6816632583503749,0.0757403620389305,0.13468344475029492,0.15564644399000227
ep_167_whisperx_diarized.gender.host_guest,Raj Shamani,MALE->MALE,male,male,2802,5.710206995003569,1.4275517487508922,0.0,1.7844396859386151,1.7844396859386151,20300,11.379310344827587,2.9556650246305423,0.6403940886699507,0.2463054187192118,0.12128820015583067,0.1380295566502463
ep_168_whisperx_diarized.gender.host_guest,Raj Shamani,MALE->MALE,male,male,2028,3.9447731755424074,0.4930966469428008,0.4930966469428008,0.0,3.9447731755424074,5093,2.5525230708816022,1.5707834282348323,0.196347928529354,0.0,0.2847914618733324,0.39819359905752993
ep_169_whisperx_diarized.gender.host_guest,Raj Shamani,MALE->MALE,male,male,5193,2.8885037550548818,1.7331022530329288,0.0,0.1925669170036587,2.8885037550548818,22429,2.229256765794284,2.229256765794284,0.1783405412635427,0.0891702706317713,0.18800231699370068,0.23153060769539435
ep_170_whisperx_diarized.gender.host_guest,Raj Shamani,MALE->MALE,male,male,2347,5.112910097997443,0.8521516829995739,0.8521516829995739,0.4260758414997869,0.4260758414997869,6359,4.560465481994024,3.6169208995125017,1.1008020128951093,0.0,0.26958419480817825,0.3690831891806888
ep_171_whisperx_diarized.gender.host_guest,Raj Shamani,MALE->MALE,male,male,2691,5.945745076179859,5.574136008918618,0.7432181345224824,0.3716090672612412,3.716090672612411,8927,6.049064635375826,4.592808334266831,0.5600985773496135,0.1120197154699227,0.23162334308831123,0.301445054329562
ep_172_whisperx_diarized.gender.host_guest,Raj Shamani,MALE->MALE,male,male,2330,4.721030042918454,0.0,0.8583690987124463,0.0,8.583690987124463,9903,3.029385034837928,0.7068565081288498,1.0097950116126426,0.0,0.19046840513365487,0.23528223770574574
ep_173_whisperx_diarized.gender.host_guest,Raj Shamani,MALE->MALE,male,male,2098,1.4299332697807434,1.4299332697807434,0.4766444232602478,0.4766444232602478,0.4766444232602478,10248,9.562841530054644,3.6104605776736927,0.975800156128025,0.0,0.1699335817268751,0.20472287275565965
ep_174_whisperx_diarized.gender.host_guest,Raj Shamani,MALE->MALE,male,male,3604,2.2197558268590454,3.052164261931188,0.832408435072142,0.0,0.2774694783573806,5546,3.2455824017309776,1.6227912008654888,0.9015506671474935,0.0,0.393879781420765,0.6498377208799134
ep_175_whisperx_diarized.gender.host_guest,Raj Shamani,MALE->MALE,male,male,1756,5.694760820045558,2.277904328018223,1.1389521640091116,0.5694760820045558,1.7084282460136675,9350,2.5668449197860963,3.636363636363636,1.60427807486631,0.106951871657754,0.15811273185665406,0.18780748663101604
ep_176_whisperx_diarized.gender.host_guest,Raj Shamani,MALE->MALE,male,male,1223,0.8176614881439085,2.4529844644317254,0.0,0.8176614881439085,4.905968928863451,5902,1.8637749915282955,2.202643171806168,1.0166045408336155,0.0,0.17164912280701755,0.20721789223991868
ep_177_whisperx_diarized.gender.host_guest,Raj Shamani,MALE->MALE,male,male,3047,4.594683295044306,1.6409583196586808,0.9845749917952084,1.3127666557269444,3.2819166393173616,8923,5.379356718592402,1.0086293847360752,0.5603496581867085,0.0,0.2545530492898914,0.34147708169898017
ep_178_whisperx_diarized.gender.host_guest,Raj Shamani,MALE->MALE,male,male,1254,6.379585326953748,5.582137161084529,1.594896331738437,0.7974481658692185,6.379585326953748,13380,3.51270553064275,2.989536621823617,1.6442451420029895,0.0747384155455904,0.08569085690856909,0.09372197309417041
ep_179_whisperx_diarized.gender.host_guest,Raj Shamani,MALE->FEMALE,male,female,2564,5.46021840873635,3.510140405616225,1.5600624024960998,0.0,7.800312012480499,9283,4.093504255089949,5.38618980932888,0.8617903694926209,0.0,0.21642609943445598,0.276203813422385
ep_180_whisperx_diarized.gender.host_guest,Raj Shamani,MALE->MALE,male,male,4103,2.680965147453083,0.9748964172556666,0.9748964172556666,0.0,3.899585669022666,11965,4.42958629335562,2.089427496865859,0.8357709987463435,0.0,0.25535225292506847,0.34291684078562473
ep_181_whisperx_diarized.gender.host_guest,Raj Shamani,MALE->MALE,male,male,2198,5.004549590536851,0.9099181073703368,0.9099181073703368,0.9099181073703368,1.364877161055505,12253,4.65192197829103,1.9587039908593813,1.3874153268587284,0.0,0.15210020067815377,0.179384640496205
ep_182_whisperx_diarized.gender.host_guest,Raj Shamani,MALE->MALE,male,male,1762,3.9727582292849033,2.2701475595913734,3.40522133938706,0.0,3.40522133938706,8191,1.83127823220608,1.7091930167256746,0.732511292882432,0.0,0.1770320506379986,0.2151141496764742
ep_183_whisperx_diarized.gender.host_guest,Raj Shamani,MALE->MALE,male,male,2017,3.966286564204264,0.991571641051066,0.991571641051066,0.0,1.487357461576599,5127,0.7801833430856252,0.5851375073142189,0.0,0.3900916715428126,0.2823348264277716,0.3934074507509265
ep_184_whisperx_diarized.gender.host_guest,Raj Shamani,MALE->MALE,male,male,1501,3.997335109926716,0.6662225183211192,0.6662225183211192,0.0,0.6662225183211192,6229,11.077219457376788,1.4448547118317547,0.0,0.321078824851501,0.19417852522639067,0.24096965805105153
ep_185_whisperx_diarized.gender.host_guest,Raj Shamani,MALE->FEMALE,male,female,3780,5.555555555555555,4.761904761904763,1.5873015873015872,1.0582010582010584,3.968253968253968,7892,5.701976685250887,2.787633046122656,1.5205271160669034,0.0,0.32385195339273476,0.47896604156107453
ep_186_whisperx_diarized.gender.host_guest,Raj Shamani,MALE->FEMALE,male,female,3471,4.609622587150677,1.728608470181504,0.5762028233938347,1.152405646787669,3.745318352059925,14402,4.860436050548535,2.013609220941536,0.9026524093875852,0.0694348007221219,0.19420354725004196,0.2410081933064852
ep_187_whisperx_diarized.gender.host_guest,Raj Shamani,MALE->MALE,male,male,2405,2.9106029106029108,0.8316008316008316,0.0,0.8316008316008316,1.6632016632016633,4916,6.509357200976403,1.6273393002441008,0.8136696501220504,0.2034174125305126,0.32850703455812047,0.48921887713588286
ep_188_whisperx_diarized.gender.host_guest,Raj Shamani,MALE->MALE,male,male,2385,1.6771488469601676,0.8385744234800838,0.8385744234800838,0.4192872117400419,3.7735849056603774,8654,1.6177490177952392,1.6177490177952392,0.6933210076265311,0.0,0.2160521786393695,0.2755951005315461
ep_189_whisperx_diarized.gender.host_guest,Raj Shamani,MALE->MALE,male,male,2173,2.761159687068569,0.9203865623561897,0.4601932811780948,0.0,3.221352968246664,6727,1.486546751895347,0.8919280511372082,0.2973093503790694,0.0,0.2441573033707865,0.32302660918685894
ep_190_whisperx_diarized.gender.host_guest,Raj Shamani,MALE->MALE,male,male,2171,1.381851681252879,1.842468908337172,0.921234454168586,0.921234454168586,4.145555043758637,8065,1.735895846249225,0.4959702417854928,0.0,0.0,0.2120945681906995,0.26918784872907625
ep_191_whisperx_diarized.gender.host_guest,Raj Shamani,MALE->MALE,male,male,2066,2.904162633107454,1.452081316553727,0.0,2.420135527589545,1.452081316553727,8461,2.954733483039829,1.4182720718591182,0.7091360359295591,0.2363786786431863,0.19625724327918687,0.24417917503841152
ep_192_whisperx_diarized.gender.host_guest,Raj Shamani,MALE->MALE,male,male,2867,5.580746424834322,1.3951866062085805,0.0,0.3487966515521451,5.580746424834322,14871,2.824288884405891,1.2776544953264743,0.4707148140676484,0.0,0.1616303980155598,0.19279133884742117
ep_193_whisperx_diarized.gender.host_guest,Raj Shamani,MALE->MALE,male,male,2867,3.487966515521451,3.836763167073596,0.6975933031042902,0.3487966515521451,2.790373212417161,3373,8.597687518529499,5.63296768455381,1.7788319003854136,0.2964719833975689,0.4594551282051282,0.8499851764008302
ep_194_whisperx_diarized.gender.host_guest,Raj Shamani,MALE->MALE,male,male,2988,1.3386880856760377,3.0120481927710845,1.004016064257028,0.3346720214190093,4.685408299866132,9502,1.5786150284150704,1.1576510208377184,0.3157230056830141,0.210482003788676,0.23923138510808648,0.31446011366028204
ep_195_whisperx_diarized.gender.host_guest,Raj Shamani,MALE->MALE,male,male,1703,1.7615971814445095,2.3487962419260127,0.0,0.0,7.046388725778039,8603,1.2786237359060793,0.8136696501220504,0.1162385214460072,0.2324770428920144,0.1652435474480885,0.19795420202255026
ep_196_whisperx_diarized.gender.host_guest,Raj Shamani,MALE->MALE,male,male,3165,0.9478672985781992,1.5797788309636651,0.6319115323854659,0.9478672985781992,7.582938388625592,10405,2.114368092263335,0.3844305622296972,0.0,0.0961076405574243,0.23323507737656596,0.30418068236424795
ep_197_whisperx_diarized.gender.host_guest,Raj Shamani,MALE->FEMALE,male,female,2622,3.051106025934401,2.288329519450801,1.1441647597254003,0.7627765064836003,4.195270785659802,7054,2.835270768358378,3.260561383612135,1.2758718457612703,0.0,0.270979743695742,0.37170399773178336
ep_198_whisperx_diarized.gender.host_guest,Raj Shamani,MALE->FEMALE,male,female,1777,4.501969611705121,2.250984805852561,0.0,2.250984805852561,9.003939223410242,8865,2.93288212069938,3.6097010716300058,1.2408347433728144,0.1128031584884376,0.16697989099793273,0.20045121263395374
ep_199_whisperx_diarized.gender.host_guest,Raj Shamani,MALE->FEMALE,male,female,5101,6.46931974122721,1.7643599294256027,0.7841599686336013,0.0,0.588119976475201,8873,3.606446523160149,2.4794319846726025,0.9016116307900373,0.1127014538487546,0.36503506512093886,0.5748901160824975
ep_200_whisperx_diarized.gender.host_guest,Raj Shamani,MALE->MALE,male,male,3986,5.519317611640743,3.763171098845961,1.5052684395383844,0.5017561465127948,4.515805318615153,9230,3.358613217768147,1.9501625135427951,0.9750812567713976,0.0,0.3016041162227603,0.43185265438786563
ep_201_whisperx_diarized.gender.host_guest,Raj Shamani,MALE->MALE,male,male,2415,4.554865424430641,3.312629399585921,1.6563146997929608,0.0,0.8281573498964804,9605,3.2274856845393023,3.8521603331598127,3.019260801665799,0.0,0.2009151414309484,0.2514315460697553
ep_202_whisperx_diarized.gender.host_guest,Raj Shamani,MALE->MALE,male,male,4719,4.450095359186268,7.840644204280567,1.2714558169103625,0.0,0.0,224,4.464285714285714,8.928571428571429,4.464285714285714,0.0,0.9546833906534493,21.066964285714285
ep_203_whisperx_diarized.gender.host_guest,Raj Shamani,MALE->FEMALE,male,female,4712,3.1833616298811545,2.33446519524618,0.4244482173174873,0.0,5.942275042444821,12129,1.813834611262264,1.8962816390469124,0.4122351389232418,0.0824470277846483,0.27979336143934447,0.3884903949212631
ep_204_whisperx_diarized.gender.host_guest,Raj Shamani,MALE->FEMALE,male,female,4088,5.626223091976517,0.7338551859099804,0.2446183953033268,0.0,1.467710371819961,13986,2.0735020735020733,1.2155012155012157,0.858000858000858,0.0,0.22618125484120838,0.2922922922922923
ep_205_whisperx_diarized.gender.host_guest,Raj Shamani,MALE->FEMALE,male,female,4162,3.844305622296973,2.883229216722729,1.6818837097549255,0.2402691013935608,4.324843825084094,9535,6.292606187729418,2.4121657052962773,0.5243838489774515,0.0,0.30386215959699203,0.4364971158888306
ep_206_whisperx_diarized.gender.host_guest,Raj Shamani,MALE->MALE,male,male,1563,3.838771593090211,3.838771593090211,2.5591810620601407,0.6397952655150352,1.919385796545105,10564,2.6505111700113595,2.177205603937902,0.2839833396440742,0.0,0.12888595695555372,0.14795531995456265
ep_207_whisperx_diarized.gender.host_guest,Raj Shamani,MALE->FEMALE,male,female,4641,4.740357681534152,2.370178840767076,0.6464124111182935,0.8618832148243912,3.878474466709761,11690,2.395209580838323,2.1385799828913603,0.7698887938408897,0.1710863986313088,0.28418345477925416,0.3970059880239521
ep_208_whisperx_diarized.gender.host_guest,Raj Shamani,MALE->MALE,male,male,3565,7.293127629733521,5.049088359046284,1.1220196353436185,0.0,2.805049088359046,14390,5.698401667824879,2.710215427380125,0.6254343293954135,0.0,0.19855193539404065,0.2477414871438499
ep_209_whisperx_diarized.gender.host_guest,Raj Shamani,MALE->MALE,male,male,2566,4.286827747466875,3.117692907248636,1.558846453624318,0.0,4.286827747466875,8799,1.8183884532333217,1.1364927832708265,0.2272985566541652,0.0,0.22578090629124506,0.29162404818729404
ep_210_whisperx_diarized.gender.host_guest,Raj Shamani,MALE->FEMALE,male,female,3960,2.0202020202020203,3.787878787878788,2.525252525252525,1.2626262626262628,5.555555555555555,7903,2.657218777679362,2.783753005187904,0.3796026825256232,0.0,0.3338110090196409,0.5010755409338226
ep_211_whisperx_diarized.gender.host_guest,Raj Shamani,MALE->FEMALE,male,female,2077,2.888781896966779,3.370245546461242,0.0,1.4443909484833894,5.296100144439095,8590,1.280558789289872,1.0477299185098952,0.5820721769499417,0.1164144353899883,0.19471266522921157,0.2417927823050058
ep_212_whisperx_diarized.gender.host_guest,Raj Shamani,MALE->MALE,male,male,1885,3.183023872679045,0.5305039787798408,0.0,0.5305039787798408,4.774535809018567,8223,7.904657667517937,2.0673720053508453,0.851270825732701,0.0,0.18648595172140878,0.22923507235802018
ep_213_whisperx_diarized.gender.host_guest,Raj Shamani,MALE->MALE,male,male,4335,4.844290657439446,1.845444059976932,1.3840830449826989,0.2306805074971165,0.922722029988466,9523,5.250446287934475,2.310196366691169,0.9450803318282054,0.1050089257586894,0.31281570212151827,0.4552136931639189
ep_214_whisperx_diarized.gender.host_guest,Raj Shamani,MALE->MALE,male,male,1505,1.9933554817275745,0.6644518272425249,0.6644518272425249,0.0,3.986710963455149,6580,1.975683890577508,1.6717325227963526,0.303951367781155,0.0,0.18614718614718614,0.22872340425531915
ep_215_whisperx_diarized.gender.host_guest,Raj Shamani,MALE->MALE,male,male,4190,5.966587112171838,4.534606205250597,1.431980906921241,0.7159904534606205,1.6706443914081144,9282,6.140917905623788,2.370178840767076,0.5386770092652446,0.1077354018530489,0.31101543942992876,0.45141133376427495
ep_216_whisperx_diarized.gender.host_guest,Raj Shamani,MALE->MALE,male,male,2786,2.512562814070352,1.0768126346015794,0.3589375448671931,0.3589375448671931,3.948312993539124,12826,3.508498362700764,1.0135661936691096,0.0,0.0779666302822392,0.1784524724570843,0.21721503196631842
ep_217_whisperx_diarized.gender.host_guest,Raj Shamani,MALE->MALE,male,male,2075,3.373493975903614,2.891566265060241,0.0,0.4819277108433735,3.373493975903614,7073,2.6862717375936658,3.393185352749894,0.0,0.1413827230312455,0.22682553563620464,0.29336915028983457
ep_218_whisperx_diarized.gender.host_guest,Raj Shamani,MALE->MALE,male,male,2267,3.970004411116012,1.7644464049404498,1.3233348037053376,0.0,11.027790030877812,7289,3.5670187954451915,2.6066675812868705,0.6859651529702291,0.0,0.23723315194642108,0.31101660035670187
ep_219_whisperx_diarized.gender.host_guest,Raj Shamani,MALE->MALE,male,male,1670,8.383233532934131,6.586826347305389,2.395209580838323,1.1976047904191616,3.592814371257485,6316,4.433185560481317,4.749841671944269,2.0582647245091827,0.1583280557314756,0.20911595291760582,0.2644078530715643
ep_220_whisperx_diarized.gender.host_guest,Raj Shamani,MALE->FEMALE,male,female,2355,1.2738853503184713,2.5477707006369426,0.8492569002123143,0.0,8.9171974522293,7260,3.9944903581267215,1.6528925619834711,0.9641873278236917,0.0,0.24492979719188768,0.3243801652892562
ep_221_whisperx_diarized.gender.host_guest,Raj Shamani,MALE->MALE,male,male,3362,5.353955978584176,1.784651992861392,0.892325996430696,0.297441998810232,4.164187983343248,10108,3.0668777206173328,0.9893153937475268,0.1978630787495053,0.0,0.2495916852264291,0.3326078353779185
ep_222_whisperx_diarized.gender.host_guest,Raj Shamani,MALE->MALE,male,male,7766,3.862992531547772,1.802729848055627,0.7725985063095545,0.128766417718259,1.030131341746073,9456,2.643824027072758,1.9035532994923856,0.7402707275803723,0.0,0.450934850772268,0.8212774957698815
ep_223_whisperx_diarized.gender.host_guest,Raj Shamani,MALE->FEMALE,male,female,3057,4.906771344455349,3.2711808963035653,0.9813542688910696,0.3271180896303565,6.215243702976775,6020,4.318936877076412,6.644518272425249,2.3255813953488373,0.0,0.33678528148066544,0.5078073089700996
ep_224_whisperx_diarized.gender.host_guest,Raj Shamani,MALE->MALE,male,male,3411,2.638522427440633,1.465845793022574,0.2931691586045148,0.5863383172090296,5.570214013485781,8951,2.792984024131382,1.117193609652553,0.1117193609652552,0.0,0.2759262255298495,0.3810747402524858
ep_225_whisperx_diarized.gender.host_guest,Raj Shamani,MALE->MALE,male,male,2350,4.25531914893617,1.702127659574468,0.0,0.0,5.531914893617022,8464,1.1814744801512287,1.6540642722117205,0.1181474480151228,0.1181474480151228,0.21731089328648048,0.27764650283553877
ep_226_whisperx_diarized.gender.host_guest,Raj Shamani,MALE->MALE,male,male,1718,1.1641443538998837,0.5820721769499417,0.5820721769499417,0.0,1.7462165308498254,8293,1.9293379959001569,1.6881707464126372,0.602918123718799,0.0,0.17161122764958545,0.20716266730977934
ep_227_whisperx_diarized.gender.host_guest,Raj Shamani,MALE->MALE,male,male,2371,5.061155630535639,1.687051876845213,1.2652889076339098,0.0,5.061155630535639,12887,7.682160316598122,2.1727322107550244,0.4655854737332195,0.0,0.1553938917289291,0.18398385970357725
ep_228_whisperx_diarized.gender.host_guest,Karishma Mehta,FEMALE->FEMALE,female,female,1177,4.248088360237893,9.345794392523365,0.8496176720475787,0.0,8.496176720475786,5237,12.220737063204124,10.31124689707848,3.628031315638725,0.1909490166125644,0.1835048331774244,0.22474699255298836
ep_229_whisperx_diarized.gender.host_guest,Raj Shamani,MALE->FEMALE,male,female,2276,3.954305799648506,1.757469244288225,0.4393673110720562,0.8787346221441125,8.787346221441126,8033,4.854973235403959,2.6142163575252084,0.3734594796464583,0.0,0.22077796100494712,0.28333125855844643
ep_230_whisperx_diarized.gender.host_guest,Raj Shamani,MALE->MALE,male,male,2509,5.579912315663611,1.1956954962136308,0.7971303308090874,0.3985651654045437,8.369868473495417,8581,9.672532338888242,7.924484325836151,5.01107097074933,0.1165365342034727,0.22623985572587918,0.2923901643165132
ep_231_whisperx_diarized.gender.host_guest,Raj Shamani,MALE->FEMALE,male,female,2746,4.369992716678805,0.7283321194464676,0.0,0.3641660597232338,7.64748725418791,9468,8.238276299112801,2.42923531896916,1.0561892691170256,0.1056189269117025,0.22482397249058458,0.29002957329953527
ep_232_whisperx_diarized.gender.host_guest,Raj Shamani,MALE->MALE,male,male,1244,3.215434083601286,2.411575562700965,1.607717041800643,0.8038585209003215,12.057877813504822,8427,5.33997864008544,1.067995728017088,0.711997152011392,0.0,0.12863199255506153,0.14762074285036192
ep_233_whisperx_diarized.gender.host_guest,Raj Shamani,MALE->MALE,male,male,1637,5.497861942577886,4.276114844227244,0.0,0.6108735491753208,6.108735491753207,11157,4.302231782737295,1.0755579456843238,0.0896298288070269,0.0,0.12795060184461465,0.14672402975710316
ep_234_whisperx_diarized.gender.host_guest,Raj Shamani,MALE->MALE,male,male,1627,3.073140749846343,3.073140749846343,1.8438844499078055,0.0,6.760909649661954,12719,4.795974526299237,3.695259061246954,2.2800534633225884,0.0,0.11341140387564477,0.127918861545719
ep_235_whisperx_diarized.gender.host_guest,Raj Shamani,MALE->MALE,male,male,3027,6.937561942517344,1.9821605550049552,0.9910802775024776,0.6607201850016517,5.946481665014866,11462,1.744896178677369,1.832140987611237,0.6979584714709475,0.0872448089338684,0.20891710953136863,0.26409003664281977
ep_236_whisperx_diarized.gender.host_guest,Raj Shamani,MALE->MALE,male,male,2183,2.748511223087494,3.20659642693541,2.2904260192395784,0.4580852038479157,7.787448465414567,10881,2.021872989614925,1.3785497656465395,0.4595165885488466,0.0919033177097693,0.16710042865890998,0.20062494256042643
ep_237_whisperx_diarized.gender.host_guest,Raj Shamani,MALE->MALE,male,male,3796,6.059009483667018,2.897787144362487,1.3171759747102212,0.5268703898840885,4.478398314014752,14914,2.413839345581333,1.2739707657234811,0.7375620222609628,0.0,0.20288615713522182,0.25452594877296497
ep_238_whisperx_diarized.gender.host_guest,Raj Shamani,MALE->MALE,male,male,3380,4.142011834319527,3.254437869822485,2.0710059171597632,0.0,2.0710059171597632,10945,3.2891731384193696,1.8273184102329831,0.1827318410232983,0.0,0.23595113438045376,0.30881681132937416
ep_239_whisperx_diarized.gender.host_guest,Raj Shamani,MALE->MALE,male,male,1411,2.834868887313962,1.417434443656981,0.0,0.0,5.669737774627924,8571,1.0500525026251313,0.5833625014584063,0.0,0.0,0.14135443798837907,0.16462489791156223
ep_240_whisperx_diarized.gender.host_guest,Raj Shamani,MALE->MALE,male,male,3271,2.7514521553041886,2.7514521553041886,0.6114338122898196,0.0,0.0,2906,1.7205781142463867,3.0970406056434965,0.3441156228492773,0.0,0.5295450866116238,1.1256022023399863
ep_241_whisperx_diarized.gender.host_guest,Raj Shamani,MALE->MALE,male,male,1739,5.7504312823461765,2.8752156411730883,2.3001725129384702,0.0,6.325474410580793,5912,3.8903924221921513,1.6914749661705006,0.0,0.0,0.22729055025486863,0.2941474966170501
ep_242_whisperx_diarized.gender.host_guest,Raj Shamani,MALE->MALE,male,male,2618,4.965622612681436,3.0557677616501144,0.0,0.0,5.347593582887701,10555,5.400284225485552,4.073898626243486,1.3263855992420652,0.0947418285172903,0.19873984665603886,0.24803410705826623
ep_243_whisperx_diarized.gender.host_guest,Raj Shamani,MALE->MALE,male,male,2862,5.241090146750524,3.1446540880503147,2.4458420684835778,2.0964360587002098,3.843466107617051,12719,3.695259061246954,3.695259061246954,0.550357732526142,0.3931126660901014,0.18368525768564278,0.22501769006997405
ep_244_whisperx_diarized.gender.host_guest,Raj Shamani,MALE->MALE,male,male,2822,2.1261516654854717,1.0630758327427356,0.3543586109142452,1.0630758327427356,2.4805102763997167,12644,5.615311610249921,3.4799114204365704,1.8190446061372985,0.2372666877570389,0.18246476141212983,0.2231888642834546
ep_245_whisperx_diarized.gender.host_guest,Raj Shamani,MALE->MALE,male,male,1272,0.7861635220125787,0.7861635220125787,0.0,0.7861635220125787,9.433962264150942,6125,3.755102040816327,1.6326530612244898,0.6530612244897959,0.1632653061224489,0.1719616060565094,0.2076734693877551
ep_246_whisperx_diarized.gender.host_guest,Raj Shamani,MALE->FEMALE,male,female,5232,5.160550458715597,2.102446483180428,0.382262996941896,0.191131498470948,2.102446483180428,8342,4.4353871973147925,4.075761208343323,0.9590026372572524,0.2397506593143131,0.38544275821423307,0.6271877247662431
ep_247_whisperx_diarized.gender.host_guest,Raj Shamani,MALE->MALE,male,male,3340,5.089820359281437,2.095808383233533,0.5988023952095808,0.2994011976047904,8.083832335329342,8747,5.487595747113296,2.286498227963873,0.2286498227963873,0.1143249113981936,0.2763299412592041,0.38184520406996686
ep_248_whisperx_diarized.gender.host_guest,Raj Shamani,MALE->MALE,male,male,2539,9.846396218983852,2.3631350925561243,0.7877116975187082,0.0,7.089405277668374,7753,15.348897201083451,5.675222494518251,1.5477879530504322,0.1289823294208693,0.24669646327244463,0.32748613439958724
ep_249_whisperx_diarized.gender.host_guest,Raj Shamani,MALE->MALE,male,male,2164,2.3105360443622924,4.1589648798521255,1.3863216266173752,0.4621072088724584,6.931608133086876,11780,2.801358234295416,3.820033955857385,0.933786078098472,0.0,0.15519219736087206,0.1837011884550085
ep_250_whisperx_diarized.gender.host_guest,Raj Shamani,MALE->MALE,male,male,3331,6.004202942059442,1.2008405884118882,0.6004202942059441,0.0,4.803362353647553,4865,3.905447070914697,1.4388489208633093,1.027749229188078,0.2055498458376156,0.40641776476329916,0.6846865364850976
ep_251_whisperx_diarized.gender.host_guest,Raj Shamani,MALE->MALE,male,male,3548,4.227733934611048,5.918827508455467,2.254791431792559,0.8455467869222096,3.100338218714769,10460,5.066921606118547,4.97131931166348,2.48565965583174,0.0956022944550669,0.25328383780696745,0.3391969407265774
ep_252_whisperx_diarized.gender.host_guest,Raj Shamani,MALE->MALE,male,male,777,0.0,1.287001287001287,2.574002574002574,0.0,6.435006435006435,9555,4.186289900575615,1.5698587127158556,1.151229722658294,0.0,0.07520325203252033,0.08131868131868132
ep_253_whisperx_diarized.gender.host_guest,Raj Shamani,MALE->MALE,male,male,3572,3.0795072788353863,4.479283314669653,3.0795072788353863,3.639417693169093,2.2396416573348263,14610,11.36208076659822,4.7912388774811765,0.6844626967830253,0.0684462696783025,0.1964580354196458,0.24449007529089664
ep_254_whisperx_diarized.gender.host_guest,Raj Shamani,MALE->MALE,male,male,1794,2.229654403567447,1.1148272017837235,1.1148272017837235,0.5574136008918618,8.361204013377925,6581,0.911715544750038,0.911715544750038,0.0,0.0,0.2142089552238806,0.27260294788026135
ep_255_whisperx_diarized.gender.host_guest,Raj Shamani,MALE->FEMALE,male,female,2755,7.985480943738656,3.992740471869328,1.088929219600726,0.0,10.163339382940109,7064,11.466591166477915,5.94563986409966,1.1325028312570782,0.1415628539071347,0.28057847031265915,0.3900056625141563
ep_256_whisperx_diarized.gender.host_guest,Raj Shamani,MALE->FEMALE,male,female,2514,3.579952267303103,5.966587112171838,1.1933174224343677,0.0,7.159904534606206,9112,7.791922739244951,7.243195785776997,3.292361720807726,0.0,0.2162394632719766,0.2758999122036874
ep_257_whisperx_diarized.gender.host_guest,Raj Shamani,MALE->MALE,male,male,2571,2.722676001555815,0.7779074290159471,0.3889537145079735,0.3889537145079735,2.333722287047841,11516,2.5182354984369573,0.9551927752691908,0.7815213615838833,0.1736714136853074,0.18250869596081493,0.22325460229246266
ep_258_whisperx_diarized.gender.host_guest,Raj Shamani,MALE->FEMALE,male,female,3391,2.948982601002654,1.474491300501327,0.2948982601002654,0.8846947803007962,5.897965202005308,10069,9.037640282053829,7.4486046280663425,1.3904061972390505,0.0,0.25193164933135215,0.33677624391697286
ep_259_whisperx_diarized.gender.host_guest,Raj Shamani,MALE->MALE,male,male,3205,4.056162246489859,2.18408736349454,0.62402496099844,0.62402496099844,2.18408736349454,6487,5.703715122552798,1.6956990904886695,0.1541544627716972,0.4624633883150917,0.3306851011143211,0.49406505318328964
ep_260_whisperx_diarized.gender.host_guest,Raj Shamani,MALE->MALE,male,male,1909,4.714510214772132,4.190675746464118,2.095337873232059,0.0,2.095337873232059,6837,3.07152259763054,1.755155770074594,0.585051923358198,0.0,0.21827120969586097,0.2792160304227
ep_261_whisperx_diarized.gender.host_guest,Raj Shamani,MALE->MALE,male,male,2031,4.923682914820286,0.0,0.0,0.0,12.801575578532743,4464,2.688172043010753,3.584229390681004,1.3440860215053765,0.0,0.31270207852193993,0.4549731182795699
ep_262_whisperx_diarized.gender.host_guest,Raj Shamani,MALE->MALE,male,male,4211,3.0871526953217763,3.0871526953217763,0.4749465685110425,0.2374732842555212,1.4248397055331277,9467,2.0069715855075523,1.478821168268723,0.2112601668955318,0.0,0.307866647170639,0.4448082813985423
ep_263_whisperx_diarized.gender.host_guest,Raj Shamani,MALE->FEMALE,male,female,1345,2.973977695167286,0.0,0.0,0.7434944237918215,7.434944237918216,13856,2.598152424942263,3.0311778290993074,0.2165127020785219,0.0721709006928406,0.08848102098546148,0.09706986143187067
ep_264_whisperx_diarized.gender.host_guest,Karishma Mehta,FEMALE->MALE,female,male,1199,5.004170141784821,6.672226855713094,1.6680567139282736,0.0,5.004170141784821,13504,4.739336492890995,2.8139810426540284,0.8145734597156398,0.0,0.08154798340474734,0.08878850710900474
ep_265_whisperx_diarized.gender.host_guest,Raj Shamani,MALE->MALE,male,male,2206,3.173164097914778,1.813236627379873,0.9066183136899364,0.9066183136899364,4.533091568449683,9418,3.291569335315353,1.4865151836908048,0.9556169038012318,0.3185389679337438,0.18977976600137647,0.23423232108727968
ep_266_whisperx_diarized.gender.host_guest,Raj Shamani,MALE->MALE,male,male,2319,7.33074601121173,0.8624407072013799,0.4312203536006899,0.8624407072013799,2.58732212160414,4969,2.4149728315556453,1.6099818877037633,0.0,0.6037432078889113,0.31819429198682764,0.4666934996981284
ep_267_whisperx_diarized.gender.host_guest,Raj Shamani,MALE->MALE,male,male,5492,7.465404224326293,2.0029133284777862,0.9104151493080844,0.0,1.0924981791697013,9080,4.625550660792952,3.744493392070485,0.5506607929515419,0.3303964757709251,0.3768871808948669,0.6048458149779735
ep_268_whisperx_diarized.gender.host_guest,Karishma Mehta,FEMALE->FEMALE,female,female,749,2.67022696929239,2.67022696929239,0.0,0.0,10.68090787716956,4650,5.376344086021506,12.903225806451612,3.655913978494624,0.0,0.13872939433228376,0.1610752688172043
ep_269_whisperx_diarized.gender.host_guest,Raj Shamani,MALE->MALE,male,male,2613,4.5924225028702645,7.654037504783774,1.148105625717566,0.0,2.2962112514351323,11216,8.202567760342369,7.400142653352354,1.3373751783166905,0.0891583452211127,0.18895075565839903,0.2329707560627675
ep_270_whisperx_diarized.gender.host_guest,Raj Shamani,MALE->FEMALE,male,female,3301,4.241139048773099,3.029385034837928,0.3029385034837928,1.2117540139351712,2.4235080278703425,9256,2.16076058772688,0.972342264477096,0.324114088159032,0.0,0.26288126144779805,0.35663353500432154
ep_271_whisperx_diarized.gender.host_guest,Raj Shamani,MALE->MALE,male,male,2449,1.2249897917517354,0.8166598611678236,0.0,0.0,4.083299305839118,17934,1.4497602319616372,0.78064012490242,0.0,0.0,0.12014914389442183,0.1365562618490019
ep_272_whisperx_diarized.gender.host_guest,Raj Shamani,MALE->MALE,male,male,2861,4.543865781195386,2.446696959105208,0.6990562740300593,0.0,2.7962250961202373,9558,3.975727139568948,0.4184975936388366,0.0,0.1046243984097091,0.23037281584668654,0.29933040385017784
ep_273_whisperx_diarized.gender.host_guest,Raj Shamani,MALE->MALE,male,male,3814,2.6219192448872577,3.146303093864709,2.097535395909806,0.0,3.146303093864709,6880,4.5058139534883725,2.3255813953488373,1.5988372093023255,0.0,0.35664858799326726,0.5543604651162791
ep_274_whisperx_diarized.gender.host_guest,Raj Shamani,MALE->FEMALE,male,female,3168,3.787878787878788,3.787878787878788,1.893939393939394,1.5782828282828285,2.525252525252525,4205,7.847800237812128,4.280618311533888,1.426872770511296,0.0,0.4296758442967584,0.7533888228299643
ep_275_whisperx_diarized.gender.host_guest,,MALE->MALE,male,male,2775,2.1621621621621623,3.243243243243243,1.0810810810810811,1.0810810810810811,9.72972972972973,21582,5.18950977666574,5.42118432026689,1.8997312575294227,0.0,0.11393028698115532,0.12857937169863776
ep_276_whisperx_diarized.gender.host_guest,Raj Shamani,MALE->MALE,male,male,6237,4.489337822671156,2.084335417668751,1.122334455667789,0.160333493666827,3.20666987333654,15183,4.281103866166108,3.095567410920108,0.3951788184153329,0.1317262728051109,0.2911764705882353,0.4107883817427386
ep_277_whisperx_diarized.gender.host_guest,Raj Shamani,MALE->MALE,male,male,3452,4.055619930475086,2.027809965237543,0.2896871378910776,0.5793742757821553,3.76593279258401,6341,15.770383220312253,7.727487777953004,2.2078536508437154,0.0,0.3524966813029715,0.5443936287651789
ep_278_whisperx_diarized.gender.host_guest,Raj Shamani,MALE->MALE,male,male,4176,5.747126436781609,2.155172413793103,0.9578544061302682,0.4789272030651341,2.634099616858238,17909,2.9035680384164384,1.1167569378524764,0.4467027751409905,0.4467027751409905,0.18908761602897894,0.23317884862359708
ep_279_whisperx_diarized.gender.host_guest,Raj Shamani,MALE->MALE,male,male,2082,3.8424591738712777,2.4015369836695486,0.4803073967339097,1.440922190201729,0.0,1290,5.426356589147287,3.10077519379845,0.0,0.0,0.6174377224199288,1.613953488372093
ep_280_whisperx_diarized.gender.host_guest,Raj Shamani,MALE->MALE,male,male,2229,4.93494840735756,5.383580080753701,0.8972633467922835,0.8972633467922835,8.075370121130552,7782,3.469545104086353,1.799023387304035,0.8995116936520176,0.3855050115651503,0.2226550794126461,0.2864302235929067
ep_281_whisperx_diarized.gender.host_guest,Raj Shamani,MALE->MALE,male,male,2021,4.948045522018802,2.968827313211281,0.0,0.0,3.9584364176150415,10236,11.8210238374365,5.275498241500586,0.6838608831574834,0.0976944118796405,0.1648853716243779,0.19744040640875343
ep_282_whisperx_diarized.gender.host_guest,Raj Shamani,MALE->FEMALE,male,female,3017,3.646005966191581,0.9943652635067948,0.3314550878355982,0.9943652635067948,8.286377195889957,7552,3.972457627118644,3.840042372881356,0.7944915254237289,0.1324152542372881,0.285457469959315,0.3994968220338983
ep_283_whisperx_diarized.gender.host_guest,Raj Shamani,MALE->MALE,male,male,1925,7.792207792207792,1.5584415584415583,1.0389610389610389,0.0,2.0779220779220777,12254,2.040150155051412,0.5712420434143952,0.4080300310102824,0.0,0.13576415826221877,0.1570915619389587
ep_284_whisperx_diarized.gender.host_guest,Raj Shamani,MALE->MALE,male,male,2222,3.6003600360036003,0.45004500450045,0.45004500450045,0.45004500450045,2.25022502250225,9957,3.4146831374912123,1.3056141408054636,0.3012955709551069,0.0,0.1824451925445439,0.22315958622074922
ep_285_whisperx_diarized.gender.host_guest,Raj Shamani,MALE->MALE,male,male,3294,3.946569520340012,5.768063145112325,0.9107468123861566,0.6071645415907712,1.2143290831815423,8846,6.895772100384354,3.2783178837892835,0.7913181098801718,0.1130454442685959,0.271334431630972,0.37237169342075516
ep_286_whisperx_diarized.gender.host_guest,Raj Shamani,MALE->MALE,male,male,4745,5.268703898840885,1.8967334035827188,0.8429926238145417,0.6322444678609062,0.8429926238145417,7430,2.5572005383580083,3.3647375504710637,0.1345895020188425,0.1345895020188425,0.3897330595482546,0.6386271870794078
ep_287_whisperx_diarized.gender.host_guest,Raj Shamani,MALE->MALE,male,male,2499,4.401760704281713,0.8003201280512205,0.8003201280512205,0.0,0.8003201280512205,9975,4.010025062656641,2.0050125313283207,0.5012531328320802,0.100250626566416,0.20033670033670034,0.2505263157894737
ep_288_whisperx_diarized.gender.host_guest,Ranveer A,MALE->MALE,male,male,5020,5.179282868525896,6.573705179282869,1.3944223107569722,0.0,0.398406374501992,3573,5.317660229499021,3.918275958578225,0.559753708368318,0.0,0.5841964389619457,1.404981808004478
ep_289_whisperx_diarized.gender.host_guest,Raj Shamani,MALE->FEMALE,male,female,4415,3.8505096262740657,4.3035107587768975,2.7180067950169877,0.2265005662514156,2.2650056625141564,6519,10.431047706703485,2.147568645497776,0.3067955207853965,0.0,0.40378635449057987,0.6772511121337629
ep_290_whisperx_diarized.gender.host_guest,Raj Shamani,MALE->MALE,male,male,4352,3.676470588235294,2.297794117647059,1.1488970588235294,0.2297794117647058,1.6084558823529411,5752,3.4770514603616136,2.7816411682892905,0.1738525730180806,0.0,0.4307205067300079,0.7566063977746871
ep_291_whisperx_diarized.gender.host_guest,,MALE->MALE,male,male,1613,4.339739615623063,4.339739615623063,3.09981401115933,0.6199628022318661,3.7197768133911966,5350,3.7383177570093458,0.9345794392523364,0.7476635514018691,0.1869158878504672,0.23165302312221744,0.30149532710280375
ep_292_whisperx_diarized.gender.host_guest,Raj Shamani,MALE->FEMALE,male,female,4103,4.6307579819644165,1.4623446258835,0.2437241043139166,0.2437241043139166,0.2437241043139166,3954,4.299443601416288,2.276176024279211,2.5290844714213456,0.0,0.5092466178478342,1.037683358624178
ep_293_whisperx_diarized.gender.host_guest,,MALE->MALE,male,male,2354,3.3984706881903146,5.52251486830926,2.1240441801189465,0.0,2.1240441801189465,7782,6.168080185042405,4.883063479825237,2.5700334104343354,0.0,0.23224151539068666,0.3024929324081213
ep_294_whisperx_diarized.gender.host_guest,Raj Shamani,MALE->MALE,male,male,5529,6.511123168746608,5.787665038885875,1.627780792186652,1.266051727256285,1.0851871947911014,11112,8.189344852411807,3.779697624190065,0.3599712023038157,0.0,0.3322516675680548,0.49757019438444927
ep_295_whisperx_diarized.gender.host_guest,,MALE->MALE,male,male,1493,5.358338914936369,2.6791694574681846,1.3395847287340923,0.0,0.6697923643670461,4514,1.7722640673460346,1.1076650420912717,0.2215330084182543,0.0,0.24854336607291494,0.3307487815684537
ep_296_whisperx_diarized.gender.host_guest,Ranveer A,MALE->MALE,male,male,4742,5.061155630535639,4.006748207507381,1.4761703922395613,0.0,0.2108814846056516,3104,5.798969072164948,4.510309278350515,0.3221649484536082,0.3221649484536082,0.6043843996941116,1.5277061855670102
ep_297_whisperx_diarized.gender.host_guest,Raj Shamani,MALE->MALE,male,male,2336,5.565068493150685,3.4246575342465757,0.4280821917808219,0.0,2.996575342465753,6706,2.08768267223382,6.113927825827617,1.04384133611691,0.0,0.2583499225834992,0.3483447658813003
ep_298_whisperx_diarized.gender.host_guest,,MALE->MALE,male,male,1522,8.541392904073588,6.570302233902759,0.0,0.0,3.28515111695138,8272,11.000967117988392,7.6160541586073505,3.9893617021276593,0.0,0.15540126608127425,0.18399419729206964
ep_299_whisperx_diarized.gender.host_guest,Karishma Mehta,FEMALE->MALE,female,male,2973,7.736293306424487,6.7272115708039015,0.6727211570803902,0.0,4.709048099562731,14317,7.054550534329818,6.984703499336454,1.047705524900468,0.0,0.1719491035280509,0.20765523503527275
ep_300_whisperx_diarized.gender.host_guest,Karishma Mehta,FEMALE->FEMALE,female,female,1259,3.971405877680698,9.531374106433676,0.7942811755361397,0.0,3.177124702144559,5331,2.4385668730069407,4.3143875445507405,1.6882386043894204,0.0,0.19104704097116842,0.23616582254736448
ep_301_whisperx_diarized.gender.host_guest,Karishma Mehta,FEMALE->MALE,female,male,534,1.8726591760299625,1.8726591760299625,0.0,0.0,7.49063670411985,9754,2.1529628870207094,1.845396760303465,0.0,0.0,0.05190513219284604,0.05474677055566947
ep_302_whisperx_diarized.gender.host_guest,Karishma Mehta,FEMALE->FEMALE,female,female,1379,4.350978970268311,5.8013052936910805,0.7251631617113851,0.7251631617113851,5.076142131979695,7916,12.12733703890854,6.568974229408792,1.5159171298635674,0.0,0.1483593329747176,0.17420414350682162
ep_303_whisperx_diarized.gender.host_guest,Karishma Mehta,FEMALE->FEMALE,female,female,1366,2.928257686676428,6.588579795021962,0.7320644216691069,0.0,4.392386530014641,4132,24.927395934172317,17.18296224588577,1.2100677637947723,0.2420135527589545,0.24845398326664242,0.33059051306873183
ep_304_whisperx_diarized.gender.host_guest,Karishma Mehta,FEMALE->MALE,female,male,988,10.121457489878544,10.121457489878544,2.0242914979757085,0.0,5.060728744939271,3463,11.839445567427086,8.37424198671672,0.5775339301183945,0.0,0.22197259042911704,0.28530176147848685
ep_305_whisperx_diarized.gender.host_guest,Karishma Mehta,FEMALE->MALE,female,male,1167,0.0,9.425878320479864,0.0,0.0,7.712082262210797,7796,3.591585428424833,3.4633145202668034,0.7696254489481785,0.0,0.13020194131429208,0.14969214982042073
ep_306_whisperx_diarized.gender.host_guest,Karishma Mehta,FEMALE->MALE,female,male,1362,4.405286343612335,3.671071953010279,1.4684287812041117,0.0,4.405286343612335,5861,8.360348063470397,9.554683501109023,0.8530967411704488,0.0,0.18856430845908903,0.23238355229483024
ep_307_whisperx_diarized.gender.host_guest,Karishma Mehta,FEMALE->MALE,female,male,1370,2.9197080291970803,6.569343065693431,0.0,0.0,6.569343065693431,4010,12.718204488778056,6.234413965087282,1.4962593516209477,0.0,0.25464684014869887,0.341645885286783
ep_308_whisperx_diarized.gender.host_guest,Karishma Mehta,FEMALE->FEMALE,female,female,705,8.51063829787234,5.673758865248227,4.25531914893617,0.0,9.929078014184398,7611,4.335829720141899,6.700827749310209,3.416108264354224,0.0,0.08477633477633478,0.09262908947575876
ep_309_whisperx_diarized.gender.host_guest,Karishma Mehta,FEMALE->MALE,female,male,792,3.787878787878788,1.2626262626262628,0.0,0.0,11.363636363636363,6799,9.413148992498895,3.088689513163701,0.4412413590233858,0.0,0.10433407983137927,0.11648771878217384
ep_310_whisperx_diarized.gender.host_guest,Karishma Mehta,FEMALE->FEMALE,female,female,2337,5.134788189987162,7.274283269148481,1.2836970474967906,0.0,1.2836970474967906,7540,11.538461538461538,5.437665782493369,1.0610079575596816,0.0,0.23661030677331174,0.309946949602122
ep_311_whisperx_diarized.gender.host_guest,Karishma Mehta,FEMALE->FEMALE,female,female,813,9.84009840098401,6.150061500615006,0.0,0.0,4.920049200492005,4513,7.090627077332152,3.323731442499446,0.886328384666519,0.0,0.15264739016147202,0.18014624418346997
ep_312_whisperx_diarized.gender.host_guest,Karishma Mehta,FEMALE->MALE,female,male,1239,1.6142050040355125,8.878127522195319,4.035512510088781,0.0,5.649717514124294,5341,7.863695937090432,14.042314173375772,0.5616925669350309,0.0,0.18829787234042553,0.23197903014416776
ep_313_whisperx_diarized.gender.host_guest,Karishma Mehta,FEMALE->FEMALE,female,female,857,2.333722287047841,5.834305717619603,2.333722287047841,0.0,9.334889148191364,4155,5.29482551143201,4.332129963898917,2.166064981949458,0.0,0.17098962490023942,0.2062575210589651
ep_314_whisperx_diarized.gender.host_guest,Karishma Mehta,FEMALE->MALE,female,male,628,7.961783439490445,3.1847133757961785,0.0,1.5923566878980893,9.554140127388534,5998,5.835278426142047,2.5008336112037344,0.6668889629876625,0.3334444814938312,0.09477814669483851,0.10470156718906302
ep_315_whisperx_diarized.gender.host_guest,Karishma Mehta,FEMALE->MALE,female,male,1309,8.403361344537815,5.347593582887701,0.7639419404125286,0.0,11.45912910618793,5548,6.4888248017303525,6.128334534967555,2.883922134102379,0.1802451333813987,0.19089981041271692,0.2359408795962509
ep_316_whisperx_diarized.gender.host_guest,Karishma Mehta,FEMALE->FEMALE,female,female,1642,9.7442143727162,5.481120584652863,0.6090133982947624,0.0,7.917174177831911,5884,11.726716519374577,6.28823929299796,2.2093813732154994,0.0,0.2181769864469838,0.27906186267845
ep_317_whisperx_diarized.gender.host_guest,Karishma Mehta,FEMALE->MALE,female,male,979,1.021450459652707,0.0,0.0,0.0,7.150153217568948,4919,1.6263468184590364,1.423053466151657,0.0,0.0,0.16598847066802305,0.1990241919089246
ep_318_whisperx_diarized.gender.host_guest,Karishma Mehta,FEMALE->MALE,female,male,1062,0.9416195856873822,2.824858757062147,0.0,0.0,10.357815442561206,5485,21.33090246125797,3.463992707383774,2.187784867821331,0.1823154056517776,0.16221170001527419,0.1936189608021878
ep_319_whisperx_diarized.gender.host_guest,Karishma Mehta,FEMALE->MALE,female,male,659,4.552352048558422,1.5174506828528074,0.0,0.0,12.13960546282246,4275,7.017543859649123,2.3391812865497075,0.4678362573099415,0.0,0.13356303202269965,0.15415204678362573
ep_320_whisperx_diarized.gender.host_guest,Karishma Mehta,FEMALE->MALE,female,male,792,6.313131313131313,3.787878787878788,2.525252525252525,0.0,8.838383838383837,5172,13.534416086620263,3.2869296210363497,1.160092807424594,0.0,0.13279678068410464,0.1531322505800464
ep_321_whisperx_diarized.gender.host_guest,Faye Dsouza,FEMALE->MALE,female,male,1204,1.6611295681063123,6.644518272425249,2.491694352159468,0.0,6.644518272425249,8573,1.166452816983553,0.8165169718884872,0.3499358450950659,0.0,0.12314615935358494,0.1404409191648198
ep_322_whisperx_diarized.gender.host_guest,,FEMALE->MALE,female,male,2781,7.19165767709457,3.236245954692557,0.719165767709457,0.0,1.0787486515641855,10330,11.035818005808324,9.293320425943852,3.3881897386253628,0.0968054211035818,0.21211196705056823,0.269215876089061
ep_323_whisperx_diarized.gender.host_guest,,FEMALE->FEMALE,female,female,1062,3.766478342749529,8.474576271186441,0.9416195856873822,0.0,2.824858757062147,11407,3.155956868589463,9.467870605768388,1.7533093714385903,0.0,0.0851712246371,0.09310072762338914
ep_324_whisperx_diarized.gender.host_guest,,FEMALE->MALE,female,male,1407,6.3965884861407245,7.818052594171997,1.4214641080312722,0.0,6.3965884861407245,11602,9.567315980003448,1.6376486812618514,0.4309601792794346,0.0,0.1081558920747175,0.12127219444923289
ep_325_whisperx_diarized.gender.host_guest,Faye Dsouza,FEMALE->FEMALE,female,female,1523,1.969796454366382,2.626395272488509,0.6565988181221273,0.0,3.282994090610637,7643,4.448514981028392,4.448514981028392,0.9158707313881984,0.0,0.16615753873008945,0.19926730341488944
ep_326_whisperx_diarized.gender.host_guest,,FEMALE->MALE,female,male,1149,5.221932114882507,8.703220191470844,1.7406440382941688,0.0,1.7406440382941688,3170,8.832807570977918,2.523659305993691,0.0,0.0,0.2660338041213244,0.36246056782334385
ep_327_whisperx_diarized.gender.host_guest,,FEMALE->FEMALE,female,female,1264,3.1645569620253164,7.9113924050632916,0.7911392405063291,0.0,3.1645569620253164,4885,12.282497441146363,7.778915046059366,2.865916069600819,0.0,0.20556187998048464,0.2587512794268168
ep_328_whisperx_diarized.gender.host_guest,Faye Dsouza,FEMALE->MALE,female,male,914,12.035010940919038,1.0940919037199124,1.0940919037199124,0.0,1.0940919037199124,4523,6.632765863365023,3.758567322573513,2.210921954455008,0.0,0.16810741217583225,0.2020782666371877
ep_329_whisperx_diarized.gender.host_guest,,FEMALE->FEMALE,female,female,1635,1.834862385321101,5.504587155963304,1.834862385321101,0.0,2.4464831804281344,12845,5.527442584663293,3.97041650447645,0.7006617360840794,0.0778513040093421,0.11291436464088397,0.12728688205527441
ep_330_whisperx_diarized.gender.host_guest,,FEMALE->FEMALE,female,female,3894,4.622496147919877,8.474576271186441,3.852080123266564,0.0,1.0272213662044172,6939,6.917423259835711,7.061536244415621,2.305807753278571,0.1441129845799106,0.3594572140681252,0.5611759619541721
ep_331_whisperx_diarized.gender.host_guest,Karishma Mehta,FEMALE->MALE,female,male,555,5.405405405405405,10.81081081081081,1.8018018018018016,0.0,16.216216216216218,3427,5.544207761890867,4.960606944849723,0.5836008170411439,0.0,0.1393771973882471,0.16194922672891743
ep_332_whisperx_diarized.gender.host_guest,Karishma Mehta,FEMALE->MALE,female,male,1192,8.389261744966444,7.550335570469799,2.5167785234899327,0.0,4.194630872483222,6417,7.012622720897616,4.0517375720741775,1.714196665108306,0.0,0.15665659087922199,0.1857565840735546
ep_333_whisperx_diarized.gender.host_guest,Karishma Mehta,FEMALE->MALE,female,male,1581,6.325110689437065,4.427577482605946,1.2650221378874131,1.2650221378874131,6.325110689437065,6185,5.335489086499595,4.6887631366208575,0.9700889248181084,0.0,0.2035797064125676,0.25561843168957155
ep_334_whisperx_diarized.gender.host_guest,Karishma Mehta,FEMALE->MALE,female,male,1462,3.4199726402188784,7.523939808481532,4.7879616963064295,0.0,5.471956224350205,6569,12.026183589587456,3.80575430050236,2.43568275232151,0.0,0.18204457726310547,0.222560511493378
ep_335_whisperx_diarized.gender.host_guest,Karishma Mehta,FEMALE->FEMALE,female,female,2162,8.325624421831638,11.100832562442182,3.2377428307123037,0.0,3.700277520814061,6113,18.4851954850319,17.176509079011943,6.379846229347293,0.0,0.2612688821752266,0.35367250122689353
ep_336_whisperx_diarized.gender.host_guest,Karishma Mehta,FEMALE->FEMALE,female,female,3150,6.349206349206349,8.571428571428571,2.2222222222222223,0.0,1.5873015873015872,8505,6.701940035273369,6.584362139917696,1.646090534979424,0.0,0.2702702702702703,0.37037037037037035
ep_337_whisperx_diarized.gender.host_guest,Karishma Mehta,FEMALE->MALE,female,male,1753,5.704506560182544,8.556759840273816,3.4227039361095266,0.0,4.563605248146035,9064,6.950573698146513,0.992939099735216,0.0,0.0,0.16205972080983636,0.19340247131509267
ep_338_whisperx_diarized.gender.host_guest,Karishma Mehta,FEMALE->MALE,female,male,1616,3.094059405940594,6.806930693069307,3.094059405940594,0.0,6.806930693069307,8386,9.062723586930598,7.512520868113523,0.8347245409015025,0.2384927259718578,0.16156768646270747,0.19270212258526115
ep_339_whisperx_diarized.gender.host_guest,Karishma Mehta,FEMALE->FEMALE,female,female,3881,4.637979902087091,6.441638752898737,2.576655501159496,0.2576655501159495,3.091986601391394,4823,4.976155919552146,5.183495749533486,0.8293593199253577,0.2073398299813394,0.44588694852941174,0.8046858801575782
ep_340_whisperx_diarized.gender.host_guest,Karishma Mehta,FEMALE->MALE,female,male,1409,3.5486160397444992,3.5486160397444992,0.7097232079489,0.0,12.0652945351313,5086,21.234762092017306,9.830908375933936,2.5560361777428238,0.0,0.21693610469591995,0.2770349980338183
ep_341_whisperx_diarized.gender.host_guest,Karishma Mehta,FEMALE->FEMALE,female,female,2090,2.392344497607656,3.827751196172249,0.9569377990430622,0.0,4.784688995215311,10550,1.7061611374407584,3.6018957345971563,1.990521327014218,0.0,0.16534810126582278,0.1981042654028436
ep_342_whisperx_diarized.gender.host_guest,Karishma Mehta,FEMALE->MALE,female,male,1012,8.893280632411068,3.952569169960474,0.0,0.0,9.881422924901186,9079,4.295627271725961,2.863751514483974,1.3217314682233727,0.0,0.10028738479833516,0.11146602048683776
ep_343_whisperx_diarized.gender.host_guest,Karishma Mehta,FEMALE->FEMALE,female,female,1688,4.146919431279621,5.924170616113743,1.1848341232227488,0.0,8.293838862559243,6876,7.126236183827807,4.217568353694007,1.5997673065735891,0.1454333915066899,0.19710415693601122,0.2454915648632926
ep_344_whisperx_diarized.gender.host_guest,Karishma Mehta,FEMALE->FEMALE,female,female,1500,4.0,2.0,0.0,0.0,6.666666666666667,5788,10.020732550103665,1.5549412577747064,0.3455425017277125,0.0,0.2058177826564215,0.2591568762957844
ep_345_whisperx_diarized.gender.host_guest,Karishma Mehta,FEMALE->MALE,female,male,2254,6.654835847382431,5.767524401064774,2.6619343389529724,0.0,9.316770186335404,9119,7.347296852725079,2.41254523522316,0.7676280293891874,0.0,0.19818869251736568,0.24717622546331836
ep_346_whisperx_diarized.gender.host_guest,Karishma Mehta,FEMALE->FEMALE,female,female,1506,9.9601593625498,5.9760956175298805,1.99203187250996,0.0,10.624169986719789,4091,10.266438523588365,13.933023710584209,2.4443901246638964,0.0,0.26907271752724676,0.3681251527743828
ep_347_whisperx_diarized.gender.host_guest,Karishma Mehta,FEMALE->FEMALE,female,female,3784,3.964059196617336,7.399577167019027,2.1141649048625792,0.2642706131078224,3.171247357293869,9477,2.849002849002849,10.868418275825682,2.3214097288171365,0.2110372480742851,0.2853480129703642,0.39928247335654743
ep_348_whisperx_diarized.gender.host_guest,Karishma Mehta,FEMALE->MALE,female,male,1439,1.389854065323141,6.949270326615705,0.0,0.0,9.728978457261988,9685,7.743933918430563,4.336602994321115,1.4455343314403717,0.0,0.12935994246673857,0.14858027878162106
ep_349_whisperx_diarized.gender.host_guest,Karishma Mehta,FEMALE->FEMALE,female,female,2452,8.564437194127244,5.709624796084829,1.223491027732463,0.0,3.67047308319739,9833,15.458151123766909,5.084918132818062,2.542459066409031,0.1016983626563612,0.1995929995929996,0.24936438523339774
ep_350_whisperx_diarized.gender.host_guest,Karishma Mehta,FEMALE->FEMALE,female,female,2768,4.696531791907515,5.41907514450867,0.722543352601156,0.0,2.890173410404624,8394,8.339289969025495,5.24183940910174,3.3357159876101976,0.0,0.24798423221644866,0.3297593519180367
ep_351_whisperx_diarized.gender.host_guest,Karishma Mehta,FEMALE->FEMALE,female,female,1136,5.28169014084507,1.7605633802816902,0.0,0.0,11.443661971830986,14074,1.989484155179764,0.8526360665056132,0.3552650277106721,0.0,0.07468770545693623,0.08071621429586472
ep_352_whisperx_diarized.gender.host_guest,Karishma Mehta,FEMALE->FEMALE,female,female,3503,2.8546959748786755,5.423922352269483,1.4273479874393378,0.0,1.9982871824150727,6676,12.732174955062913,4.793289394847214,0.8987417615338525,0.0,0.3441398958640338,0.524715398442181
ep_353_whisperx_diarized.gender.host_guest,Karishma Mehta,FEMALE->FEMALE,female,female,1025,0.975609756097561,7.804878048780488,0.975609756097561,0.0,9.75609756097561,5937,2.69496378642412,2.8633990230756274,0.5053057099545225,0.0,0.14722780810112038,0.1726461175677952
ep_354_whisperx_diarized.gender.host_guest,Karishma Mehta,FEMALE->FEMALE,female,female,2326,4.299226139294927,7.738607050730868,0.4299226139294927,0.0,3.869303525365434,6625,7.39622641509434,7.09433962264151,2.716981132075472,0.0,0.25985923360518376,0.3510943396226415
ep_355_whisperx_diarized.gender.host_guest,Karishma Mehta,FEMALE->FEMALE,female,female,1983,7.564296520423601,5.547150781643974,1.0085728693898135,0.5042864346949067,5.042864346949067,8199,10.6110501280644,10.00121966093426,1.4635931211123308,0.0,0.1947554507955215,0.24185876326381267
ep_356_whisperx_diarized.gender.host_guest,Karishma Mehta,FEMALE->FEMALE,female,female,2544,7.075471698113208,5.89622641509434,1.1792452830188678,0.0,1.9654088050314464,8026,10.092200348866186,9.843010216795417,1.99352105656616,0.0,0.24068117313150425,0.31696984799401945
ep_357_whisperx_diarized.gender.host_guest,Karishma Mehta,FEMALE->FEMALE,female,female,1806,3.875968992248062,6.090808416389812,2.2148394241417497,0.5537098560354374,9.966777408637872,5141,3.890293717175647,1.5561174868702583,1.3616028010114762,0.0,0.25996833165395133,0.3512935226609609
ep_358_whisperx_diarized.gender.host_guest,Karishma Mehta,FEMALE->FEMALE,female,female,1309,10.6951871657754,2.291825821237586,0.7639419404125286,0.0,3.819709702062644,8254,6.663435909861885,8.723043372910103,1.696147322510298,0.121153380179307,0.13688173167416082,0.15858977465471286
ep_359_whisperx_diarized.gender.host_guest,Karishma Mehta,FEMALE->FEMALE,female,female,1580,7.594936708860759,4.430379746835444,0.0,0.0,5.063291139240507,7726,13.072741392699974,7.895418068858399,1.8120631633445508,0.0,0.16978293574038256,0.20450427129174217
ep_360_whisperx_diarized.gender.host_guest,Karishma Mehta,FEMALE->FEMALE,female,female,1422,4.922644163150492,7.032348804500703,0.7032348804500703,0.0,5.625879043600563,8652,3.4674063800277395,6.125751271382339,1.6181229773462784,0.0,0.14115544967242405,0.16435506241331485
ep_361_whisperx_diarized.gender.host_guest,Pooja Dhingra,FEMALE->MALE,female,male,1283,7.79423226812159,6.235385814497272,3.897116134060795,0.0,7.014809041309431,3997,10.507880910683012,7.505629221916437,1.0007505629221916,0.0,0.24299242424242423,0.32099074305729297
ep_362_whisperx_diarized.gender.host_guest,Pooja Dhingra,FEMALE->MALE,female,male,1516,7.255936675461742,8.575197889182057,0.6596306068601583,0.0,3.298153034300792,5178,11.78061027423716,6.759366550791811,0.9656237929702588,0.0,0.22647146698536003,0.29277713402858246
ep_363_whisperx_diarized.gender.host_guest,Pooja Dhingra,FEMALE->FEMALE,female,female,1533,10.437051532941943,4.5662100456621,1.304631441617743,0.0,3.2615786040443573,5985,11.19465329991646,9.857978279030911,3.5087719298245617,0.0,0.20391061452513967,0.256140350877193
ep_364_whisperx_diarized.gender.host_guest,Pooja Dhingra,FEMALE->FEMALE,female,female,1859,7.530930607853684,5.3792361484669176,2.151694459386767,0.0,4.303388918773534,5185,9.450337512054002,10.800385728061716,2.700096432015429,0.0,0.26391254968767747,0.35853423336547735
ep_365_whisperx_diarized.gender.host_guest,Pooja Dhingra,FEMALE->FEMALE,female,female,1457,14.413177762525738,6.863417982155114,2.7453671928620453,0.0,3.431708991077557,5281,12.30827494792653,10.414694186707065,1.7042226850975193,0.0,0.21623627189076877,0.2758947169096762
ep_366_whisperx_diarized.gender.host_guest,Pooja Dhingra,FEMALE->MALE,female,male,1851,4.862236628849271,4.321988114532685,1.0804970286331712,0.0,9.72447325769854,4477,8.487826669644852,6.030824212642394,1.3401831583649766,0.0,0.2925094816687737,0.41344650435559527
ep_367_whisperx_diarized.gender.host_guest,Pooja Dhingra,FEMALE->FEMALE,female,female,1924,6.237006237006238,9.355509355509357,1.5592515592515594,0.0,2.598752598752599,4518,8.4108012394865,4.648074369189907,1.7706949977866313,0.0,0.29866501086619063,0.4258521469676848
ep_368_whisperx_diarized.gender.host_guest,Pooja Dhingra,FEMALE->MALE,female,male,1859,8.068854222700375,6.455083378160301,2.151694459386767,0.0,4.841312533620226,4752,12.415824915824915,6.944444444444444,2.314814814814815,0.0,0.281198003327787,0.3912037037037037
ep_369_whisperx_diarized.gender.host_guest,,FEMALE->MALE,female,male,7135,4.905395935529082,5.185704274702172,1.5416958654519972,0.0,0.5606166783461808,2455,18.73727087576375,7.739307535641547,2.8513238289205702,0.0,0.7440041710114703,2.9063136456211813
ep_370_whisperx_diarized.gender.host_guest,,FEMALE->FEMALE,female,female,1363,6.603081438004402,10.271460014673512,0.7336757153338225,0.0,2.201027146001467,5662,5.298481102084069,7.064641469445426,1.942776404097492,0.0,0.19402135231316725,0.24072765807135288
ep_371_whisperx_diarized.gender.host_guest,Pooja Dhingra,FEMALE->FEMALE,female,female,1450,5.517241379310344,6.206896551724138,2.0689655172413794,0.0,2.0689655172413794,5510,7.078039927404719,7.622504537205082,2.177858439201452,0.0,0.20833333333333334,0.2631578947368421
ep_372_whisperx_diarized.gender.host_guest,Prakhar Gupta,MALE->MALE,male,male,1457,6.863417982155114,5.490734385724091,3.431708991077557,0.0,6.863417982155114,2909,25.09453420419388,16.15675489859058,0.0,0.0,0.3337150710032066,0.5008594018563081
ep_373_whisperx_diarized.gender.host_guest,Prakhar Gupta,MALE->FEMALE,male,female,5393,7.417022065640645,5.191915445948452,2.039681068051177,0.7417022065640646,2.039681068051177,12921,4.101849702035446,3.947062920826561,0.7739339060444238,0.2321801718133271,0.29447417276400567,0.4173825555297578
ep_374_whisperx_diarized.gender.host_guest,Prakhar Gupta,MALE->FEMALE,male,female,8081,3.836158891226333,2.846182403167925,1.1137235490657096,0.3712411830219032,2.846182403167925,10437,3.4492670307559643,5.269713519210502,2.012072434607646,0.2874389192296637,0.4363862188141268,0.7742646354316375
ep_375_whisperx_diarized.gender.host_guest,Prakhar Gupta,MALE->MALE,male,male,3685,12.21166892808684,3.2564450474898234,1.3568521031207597,0.0,2.170963364993216,10231,5.375818590558108,1.7593588114553806,1.2706480304955527,0.0,0.26480310434032767,0.36017984556739324
ep_376_whisperx_diarized.gender.host_guest,Prakhar Gupta,MALE->MALE,male,male,1845,4.336043360433604,3.794037940379404,1.6260162601626016,0.0,6.504065040650406,11498,2.9570360062619585,2.348234475560967,1.1306314141589842,0.0,0.1382747508056659,0.16046268916333276
ep_377_whisperx_diarized.gender.host_guest,Prakhar Gupta,MALE->MALE,male,male,2901,5.170630816959669,1.3788348845225784,1.3788348845225784,0.3447087211306446,3.102378490175801,16487,4.973615575908291,1.2130769697337296,0.4852307878934918,0.0,0.14962863626985765,0.1759568144598775
ep_378_whisperx_diarized.gender.host_guest,Prakhar Gupta,MALE->MALE,male,male,3959,6.062136903258399,3.788835564536499,1.2629451881788332,0.5051780752715332,3.0310684516291992,9163,6.438939212048456,4.583651642475172,2.073556695405435,0.1091345629160755,0.3017070568510898,0.432063734584743
ep_379_whisperx_diarized.gender.host_guest,Prakhar Gupta,MALE->FEMALE,male,female,4366,5.267979844251031,6.642235455794777,1.603298213467705,0.4580852038479157,3.435639028859368,9318,4.829362524146813,4.829362524146813,0.9658725048293626,0.0,0.31905875475007306,0.4685554840094441
ep_380_whisperx_diarized.gender.host_guest,Prakhar Gupta,MALE->MALE,male,male,2075,5.301204819277109,4.337349397590361,0.963855421686747,0.0,2.409638554216868,11965,2.173004596740493,2.758044295862933,1.0865022983702466,0.4178854993731717,0.1477920227920228,0.17342248223986628
ep_381_whisperx_diarized.gender.host_guest,Samdish Bhatia,MALE->MALE,male,male,4393,9.105394946505806,3.1868882312770315,0.9105394946505804,0.0,2.2763487366264514,13864,8.006347374495094,4.616272360069244,1.154068090017311,0.0721292556260819,0.2406200361505176,0.31686381996537794
ep_382_whisperx_diarized.gender.host_guest,Prakhar Gupta,MALE->MALE,male,male,5066,3.355704697986577,2.7635215159889457,0.5921831819976313,0.1973943939992104,0.986971969996052,10912,2.6576246334310847,1.282991202346041,0.2749266862170088,0.0,0.31706095881837526,0.46425953079178883
ep_383_whisperx_diarized.gender.host_guest,Prakhar Gupta,MALE->FEMALE,male,female,5104,6.073667711598746,4.114420062695925,1.567398119122257,1.567398119122257,2.3510971786833856,10523,2.3757483607336307,4.086287180461845,1.9005986885869048,0.1900598688586905,0.32661419338324693,0.48503278532737815
ep_384_whisperx_diarized.gender.host_guest,Prakhar Gupta,MALE->MALE,male,male,4043,3.462775166955231,2.968093000247341,2.226069750185506,0.0,1.7313875834776156,9557,1.0463534581981793,2.3019776080359944,0.7324474207387256,0.1046353458198179,0.2972794117647059,0.4230407031495239
ep_385_whisperx_diarized.gender.host_guest,Prakhar Gupta,MALE->MALE,male,male,4099,7.0748963161746765,4.147353012929983,2.4396194193705782,1.2198097096852891,1.707733593559405,7283,3.1580392695317863,4.531099821502128,1.2357544967733078,0.2746121103940683,0.36013002987172726,0.5628175202526431
ep_386_whisperx_diarized.gender.host_guest,Prakhar Gupta,MALE->MALE,male,male,5480,4.744525547445255,3.102189781021898,3.102189781021898,0.0,1.2773722627737227,11173,3.311554640651571,1.7005280587129687,0.9845162445180344,0.0,0.3290698372665586,0.4904680927235299
ep_387_whisperx_diarized.gender.host_guest,,MALE->MALE,male,male,853,10.550996483001173,5.861664712778429,1.1723329425556857,0.0,3.5169988276670576,992,11.088709677419356,11.088709677419356,1.0080645161290325,0.0,0.46233062330623304,0.8598790322580645
ep_388_whisperx_diarized.gender.host_guest,Prakhar Gupta,MALE->MALE,male,male,4064,6.643700787401575,1.7224409448818898,0.0,0.0,1.968503937007874,9164,5.019642077695329,5.128764731558271,0.2182453077258838,0.0,0.30722709404293924,0.4434744652989961
ep_389_whisperx_diarized.gender.host_guest,Prakhar Gupta,MALE->FEMALE,male,female,8422,7.480408454048919,5.699358822132511,2.374732842555213,0.0,0.7124198527665638,14866,9.484730256962196,3.0270415713709133,0.1345351809498184,0.0672675904749092,0.36164548265200963,0.5665276469796852
ep_390_whisperx_diarized.gender.host_guest,Prakhar Gupta,MALE->MALE,male,male,3412,2.9308323563892147,0.8792497069167644,0.5861664712778428,0.8792497069167644,3.223915592028136,18465,1.2997562956945572,0.5415651232060655,0.1083130246412131,0.0,0.1559628833935183,0.18478202003790956
ep_391_whisperx_diarized.gender.host_guest,Prakhar Gupta,MALE->MALE,male,male,3286,10.04260499087036,3.0432136335970785,1.5216068167985393,0.0,2.1302495435179547,11245,9.159626500666963,2.4010671409515343,0.444642063139173,0.2667852378835038,0.22613722386621704,0.29221876389506446
ep_392_whisperx_diarized.gender.host_guest,Prakhar Gupta,MALE->MALE,male,male,14698,5.306844468635188,3.605932779970064,2.9936045720506197,0.1360729350932099,0.4762552728262348,15735,4.067365745154115,1.8430251032729583,1.7794725135049252,0.2542103590721322,0.48296257352216343,0.9340959644105498
ep_393_whisperx_diarized.gender.host_guest,Prakhar Gupta,MALE->MALE,male,male,5153,3.1049873859887445,5.239666213856006,2.3287405394915583,0.1940617116242965,3.8812342324859306,19875,5.584905660377358,8.60377358490566,0.7044025157232704,0.4025157232704403,0.2058894038676682,0.2592704402515723
ep_394_whisperx_diarized.gender.host_guest,Prakhar Gupta,MALE->MALE,male,male,3112,5.784061696658098,4.820051413881748,1.2853470437017993,0.3213367609254498,2.5706940874035986,9115,2.0844761382336805,2.6330224904004385,1.097092704333516,0.0,0.25451868814917805,0.3414152495885902
ep_395_whisperx_diarized.gender.host_guest,Prakhar Gupta,MALE->MALE,male,male,4974,2.010454362685967,1.8094089264173705,1.0052271813429834,0.0,3.216726980297547,23742,1.474180776682672,0.5054334091483447,0.3369556060988965,0.0,0.1732135394901797,0.2095021480919889
ep_396_whisperx_diarized.gender.host_guest,Prakhar Gupta,MALE->MALE,male,male,2517,13.508144616607073,3.972983710766786,0.0,0.0,2.3837902264600714,18293,7.325206363089706,4.5919204067129495,1.2026458208057726,0.0546657191275351,0.1209514656415185,0.1375936150440059
ep_397_whisperx_diarized.gender.host_guest,Samdish Bhatia,MALE->MALE,male,male,1614,4.337050805452293,3.717472118959108,0.6195786864931846,0.0,1.2391573729863692,5972,3.516409912926993,1.6744809109176155,0.1674480910917615,0.0,0.21276034800949117,0.27026121902210315
ep_398_whisperx_diarized.gender.host_guest,Samdish Bhatia,MALE->MALE,male,male,1896,4.746835443037975,7.383966244725738,2.637130801687764,0.0,4.219409282700422,9086,4.292317851639885,3.6319612590799033,1.430772617213295,0.0,0.17264614824257876,0.20867268324895444
ep_399_whisperx_diarized.gender.host_guest,Samdish Bhatia,MALE->MALE,male,male,1443,3.465003465003465,2.772002772002772,2.772002772002772,0.0,2.772002772002772,8377,0.7162468664199595,0.9549958218932793,0.3581234332099797,0.0,0.1469450101832994,0.17225737137400024
ep_400_whisperx_diarized.gender.host_guest,Samdish Bhatia,MALE->MALE,male,male,1571,10.821133036282625,5.092297899427116,0.0,0.0,8.911521323997455,11556,9.60539979231568,3.115264797507788,0.1730702665282104,0.0,0.11967700159975622,0.13594669435790932
ep_401_whisperx_diarized.gender.host_guest,Samdish Bhatia,MALE->MALE,male,male,1589,0.6293266205160478,2.5173064820641917,0.0,0.0,5.663939584644431,5864,1.364256480218281,1.8758526603001364,0.1705320600272851,0.0,0.21320273715282437,0.27097544338335605
ep_402_whisperx_diarized.gender.host_guest,Samdish Bhatia,MALE->MALE,male,male,2887,1.3855213023900244,2.7710426047800487,0.3463803255975061,0.3463803255975061,13.508832698302736,10401,1.442169022209403,1.8267474281319105,0.7691568118450149,0.0961446014806268,0.21726369656833233,0.27756946447456976
ep_403_whisperx_diarized.gender.host_guest,Samdish Bhatia,MALE->MALE,male,male,682,2.932551319648094,0.0,0.0,0.0,4.398826979472141,3170,2.8391167192429023,2.2082018927444795,0.0,0.0,0.1770508826583593,0.21514195583596216
ep_404_whisperx_diarized.gender.host_guest,Samdish Bhatia,MALE->FEMALE,male,female,2146,1.863932898415657,3.2618825722274,0.4659832246039142,0.0,6.523765144454799,7898,4.051658647758926,2.785515320334262,0.5064573309698658,0.0,0.21365989645559538,0.271714358065333
ep_405_whisperx_diarized.gender.host_guest,Samdish Bhatia,MALE->FEMALE,male,female,2234,4.028648164726947,5.8191584601611455,0.4476275738585497,0.0,6.714413607878245,5458,4.946866984243312,1.4657383657017222,1.099303774276292,0.0,0.2904316172646906,0.4093074386222059
ep_406_whisperx_diarized.gender.host_guest,Samdish Bhatia,MALE->FEMALE,male,female,2027,12.3334977799704,3.946719289590528,1.4800197335964478,0.0,5.920078934385791,7383,7.043207368278478,5.011512935121225,1.219016659894352,0.0,0.21540913921360255,0.27454964106731683
ep_407_whisperx_diarized.gender.host_guest,Samdish Bhatia,MALE->MALE,male,male,2620,2.290076335877863,2.290076335877863,0.381679389312977,0.0,4.961832061068702,5879,2.3813573737030107,2.041163463174009,0.3401939105290015,0.0,0.30827156136016004,0.445654022792992
ep_408_whisperx_diarized.gender.host_guest,Samdish Bhatia,MALE->MALE,male,male,1894,8.975712777191129,3.695881731784583,0.5279831045406547,1.0559662090813091,3.1678986272439285,4284,3.034547152194211,4.201680672268908,1.1671335200746966,0.0,0.30657170605373907,0.44211017740429503
ep_409_whisperx_diarized.gender.host_guest,Samdish Bhatia,MALE->MALE,male,male,2022,5.440158259149357,2.472799208704253,0.0,0.4945598417408506,2.967359050445104,5417,3.692080487354625,3.1382684142514305,0.923020121838656,0.1846040243677312,0.27181072724828603,0.37326933727155254
ep_410_whisperx_diarized.gender.host_guest,Samdish Bhatia,MALE->MALE,male,male,2447,6.129955046996322,3.2693093583980386,0.4086636697997548,0.0,2.860645688598284,5638,2.4831500532103585,2.1284143313231643,1.2415750266051793,0.0,0.3026592455163884,0.4340191557289819
ep_411_whisperx_diarized.gender.host_guest,Samdish Bhatia,MALE->MALE,male,male,3567,4.765909728062798,3.0838239416876925,0.8410428931875525,0.0,4.765909728062798,7500,3.8666666666666663,3.333333333333333,2.4,0.0,0.32230956898888585,0.4756
ep_412_whisperx_diarized.gender.host_guest,Samdish Bhatia,MALE->MALE,male,male,6607,4.54063871651279,6.205539579234145,1.2108369910700771,0.0,3.481156349326472,10217,3.621415288245082,4.306547910345503,0.978760888714887,0.0978760888714887,0.3927127912505944,0.6466673191739258
ep_413_whisperx_diarized.gender.host_guest,Samdish Bhatia,MALE->FEMALE,male,female,4220,8.530805687203792,5.450236966824645,0.4739336492890995,0.0,5.924170616113743,10623,11.013837898898617,8.942859832439048,2.7299256330603408,0.0,0.2843091019335714,0.3972512472936082
ep_414_whisperx_diarized.gender.host_guest,Samdish Bhatia,MALE->MALE,male,male,2190,5.47945205479452,6.849315068493151,0.45662100456621,0.0,11.872146118721462,8198,6.099048548426446,8.416686996828494,1.0978287387167602,0.1219809709685289,0.21082017712745477,0.2671383264210783
ep_415_whisperx_diarized.gender.host_guest,Samdish Bhatia,MALE->MALE,male,male,2845,2.81195079086116,2.81195079086116,0.70298769771529,0.0,9.13884007029877,14175,6.137566137566138,2.398589065255732,0.2821869488536155,0.0,0.16715628672150412,0.20070546737213404
ep_416_whisperx_diarized.gender.host_guest,Samdish Bhatia,MALE->MALE,male,male,2947,7.125890736342043,6.78656260604004,0.6786562606040041,0.0,5.429250084832033,6041,5.462671743088892,10.925343486177784,1.4898195662969709,0.16553550736633,0.3278816199376947,0.48783314020857477
ep_417_whisperx_diarized.gender.host_guest,Samdish Bhatia,MALE->MALE,male,male,3589,5.015324602953469,2.5076623014767345,1.3931457230426303,0.278629144608526,3.900808024519365,4824,6.218905472636816,2.6948590381426203,1.658374792703151,0.2072968490878938,0.42660168786402,0.7439883913764511
ep_418_whisperx_diarized.gender.host_guest,Samdish Bhatia,MALE->MALE,male,male,1692,6.501182033096927,2.364066193853428,0.0,0.0,8.865248226950355,5983,6.685609226140732,2.5071034598027744,0.5014206919605548,0.1671402306535183,0.22045602605863193,0.28280127026575297
